# Blender 4.3.2
# www.blender.org
mtllib pShip.mtl
o Cube.001
v -1.724176 0.298462 1.000000
v -2.292655 1.251140 1.631756
v 2.748750 0.298462 1.000000
v 2.830365 1.251140 1.631756
v 3.473486 1.774961 1.582836
v -2.211464 1.774961 1.615896
v 1.655261 0.298462 1.000000
v 1.577949 1.251140 1.631756
v 1.737871 1.774961 1.590918
v 1.738328 2.004516 1.589855
v -2.211366 1.892678 1.616152
v -1.491766 1.892678 1.611601
v 1.737832 1.774842 1.591006
v -2.211503 1.774842 1.615983
v 3.474668 2.326568 1.575398
v 1.739054 2.326568 1.583480
v 1.739402 2.451441 1.581279
v 3.545676 2.326372 1.575634
v 3.546024 2.451245 1.573432
v 1.739110 2.327983 1.652353
v 1.739458 2.452856 1.650152
v 3.545731 2.327787 1.644507
v 3.546079 2.452660 1.642305
v 1.780160 1.774398 1.457644
v -2.169175 1.774398 1.482622
v 1.780617 2.003953 1.456581
v -2.168718 2.003953 1.481559
v 1.592824 2.005152 1.694372
v -2.255126 2.005152 1.719350
v 1.592328 1.775478 1.695523
v -2.255622 1.775478 1.720501
v -1.587400 1.251140 1.631756
v -1.491864 1.774961 1.611345
v -1.108416 0.298462 1.000000
v -1.495267 2.004516 1.610282
v -1.495267 2.005152 1.714799
v -1.491903 1.774842 1.611432
v -1.491523 1.774398 1.478071
v -1.495267 2.003953 1.477008
v -1.504134 1.775478 1.715950
v -1.495036 2.116560 1.609867
v -2.216431 2.116560 1.614418
v -2.168487 2.115997 1.481145
v -1.495036 2.117195 1.714385
v -2.254894 2.117195 1.718936
v -1.495036 2.115997 1.476593
v -2.685530 -0.038516 0.091688
v -3.877598 1.126595 0.118567
v -4.256213 1.796391 0.142949
v 1.734538 1.758961 0.281216
v 1.807198 -0.038516 0.091688
v -4.256256 1.796264 0.142958
v 1.735721 2.310568 0.280534
v -4.089328 1.786657 0.133004
v -4.476203 2.040423 0.112030
v -4.415467 1.803151 0.098682
v -1.866919 -0.038516 0.091688
v -4.246870 2.156935 0.141459
v -4.082806 2.139789 0.132974
v -4.474180 2.192414 0.135312
v -4.251839 1.923946 0.142041
v -4.147473 1.241075 0.060354
v -4.526421 1.940800 0.079993
v -4.468181 1.866075 0.051105
v -4.212449 1.793272 0.043296
v -4.773936 2.151710 0.067333
v -4.575496 1.865445 0.044616
v -4.368664 2.166134 0.049208
v -4.203711 2.152575 0.042519
v -4.690790 2.275975 0.096287
v -4.377770 1.932778 0.046982
v -2.824202 -0.089593 0.053535
v 1.817113 -0.060506 0.032413
v 3.431509 2.760771 1.524186
v -1.916418 -0.118670 0.032413
v -4.908295 2.361677 0.072950
v -5.006347 2.246799 0.029126
v -0.750555 1.454862 1.637833
v -0.752426 1.456007 1.762876
v 0.874891 1.454862 1.637827
v 0.872971 1.456056 1.762888
v 0.221883 1.518221 4.265954
v 1.736417 1.678562 0.957159
v 1.193087 1.679885 0.958573
v 1.737601 2.366755 0.957158
v 1.737578 1.678559 1.463491
v 1.194248 1.679883 1.464905
v 1.738763 2.366753 1.463491
v 1.193416 1.871019 0.958573
v 1.276259 1.870849 0.958391
v 1.276430 1.970261 0.958391
v 1.359273 1.970091 0.958210
v 1.359444 2.069503 0.958210
v 1.442287 2.069333 0.958028
v 1.442458 2.168746 0.958028
v 1.525301 2.168576 0.957847
v 1.525472 2.267987 0.957847
v 1.608315 2.267817 0.957665
v 1.608487 2.367230 0.957665
v 1.194577 1.871016 1.464905
v 1.609648 2.367227 1.463998
v 1.609477 2.267815 1.463998
v 1.526634 2.267985 1.464180
v 1.526463 2.168573 1.464180
v 1.443619 2.168743 1.464361
v 1.443449 2.069331 1.464361
v 1.360605 2.069501 1.464542
v 1.360434 1.970089 1.464542
v 1.277591 1.970259 1.464724
v 1.277420 1.870847 1.464724
v 1.786709 2.309412 0.051264
v 1.786926 2.310456 0.280474
v 1.785744 1.758849 0.281156
v 1.735690 2.310536 0.246542
v 1.786895 2.310424 0.246482
v 1.734507 1.758929 0.247224
v 1.785713 1.758817 0.247164
v 1.735647 2.276772 0.280800
v 1.786852 2.276659 0.280739
v 3.431532 2.451419 1.572033
v 1.786635 2.275615 0.051530
v 3.431532 2.450396 1.529155
v 1.684245 2.310681 0.280605
v 1.683063 1.759073 0.281287
v 1.684171 2.276884 0.280870
v 1.683032 1.759041 0.247295
v 1.684214 2.310648 0.246613
v 3.431509 2.761794 1.567064
v 3.474918 2.451422 1.572033
v 3.474895 2.761797 1.567064
v 3.474918 2.450399 1.529155
v 3.474895 2.760775 1.524186
v 3.226542 2.759280 1.524468
v 3.226566 2.449928 1.572314
v 3.226566 2.448905 1.529436
v 3.226542 2.760303 1.567346
v 3.269952 2.449931 1.572314
v 3.269928 2.760306 1.567346
v 3.269952 2.448908 1.529436
v 3.269928 2.759284 1.524468
v 3.016222 2.759280 1.524468
v 3.016245 2.449928 1.572314
v 3.016245 2.448905 1.529436
v 3.016222 2.760303 1.567346
v 3.059631 2.449931 1.572314
v 3.059608 2.760306 1.567346
v 3.059631 2.448908 1.529436
v 3.059608 2.759284 1.524468
v 2.803962 2.759280 1.524468
v 2.803985 2.449928 1.572314
v 2.803985 2.448905 1.529436
v 2.803962 2.760303 1.567346
v 2.847371 2.449931 1.572314
v 2.847347 2.760306 1.567346
v 2.847371 2.448908 1.529436
v 2.847347 2.759284 1.524468
v 2.580644 2.759280 1.524468
v 2.580667 2.449928 1.572314
v 2.580667 2.448905 1.529436
v 2.580644 2.760303 1.567346
v 2.624053 2.449931 1.572314
v 2.624030 2.760306 1.567346
v 2.624053 2.448908 1.529436
v 2.624030 2.759284 1.524468
v 2.347722 2.759280 1.524468
v 2.347746 2.449928 1.572314
v 2.347746 2.448905 1.529436
v 2.347722 2.760303 1.567346
v 2.391132 2.449931 1.572314
v 2.391108 2.760306 1.567346
v 2.391132 2.448908 1.529436
v 2.391108 2.759284 1.524468
v 2.101849 2.759280 1.524468
v 2.101872 2.449928 1.572314
v 2.101872 2.448905 1.529436
v 2.101849 2.760303 1.567346
v 2.145258 2.449931 1.572314
v 2.145235 2.760306 1.567346
v 2.145258 2.448908 1.529436
v 2.145235 2.759284 1.524468
v 1.852613 2.759280 1.524468
v 1.852636 2.449928 1.572314
v 1.852636 2.448905 1.529436
v 1.852613 2.760303 1.567346
v 1.896022 2.449931 1.572314
v 1.895999 2.760306 1.567346
v 1.896022 2.448908 1.529436
v 1.895999 2.759284 1.524468
v 3.431509 2.760771 1.313811
v 3.431532 2.451419 1.361658
v 3.431532 2.450396 1.318780
v 3.431509 2.761794 1.356689
v 3.474918 2.451422 1.361658
v 3.474895 2.761797 1.356689
v 3.474918 2.450399 1.318780
v 3.474895 2.760775 1.313811
v 3.431509 2.760771 1.083526
v 3.431532 2.451419 1.131373
v 3.431532 2.450396 1.088495
v 3.431509 2.761794 1.126404
v 3.474918 2.451422 1.131373
v 3.474895 2.761797 1.126404
v 3.474918 2.450399 1.088495
v 3.474895 2.760774 1.083526
v 3.431509 2.760771 0.851024
v 3.431532 2.451419 0.898871
v 3.431532 2.450396 0.855993
v 3.431509 2.761794 0.893902
v 3.474918 2.451422 0.898871
v 3.474895 2.761797 0.893902
v 3.474918 2.450399 0.855993
v 3.474895 2.760774 0.851024
v 3.431509 2.760771 0.607914
v 3.431532 2.451419 0.655761
v 3.431532 2.450396 0.612883
v 3.431509 2.761794 0.650792
v 3.474918 2.451422 0.655761
v 3.474895 2.761797 0.650792
v 3.474918 2.450399 0.612883
v 3.474895 2.760774 0.607914
v 3.431765 2.760771 0.372045
v 3.431789 2.451419 0.419892
v 3.431789 2.450396 0.377014
v 3.431765 2.761794 0.414923
v 3.475175 2.451422 0.419892
v 3.475151 2.761797 0.414923
v 3.475175 2.450399 0.377014
v 3.475151 2.760774 0.372045
v 3.431765 2.760771 0.112031
v 3.431789 2.451419 0.159878
v 3.431789 2.450396 0.117000
v 3.431765 2.761794 0.154909
v 3.475175 2.451422 0.159877
v 3.475151 2.761797 0.154909
v 3.475175 2.450399 0.116999
v 3.475151 2.760774 0.112031
v 1.896001 2.734282 1.524868
v 1.896001 2.735305 1.567746
v 1.852615 2.735301 1.567746
v 1.852615 2.734279 1.524868
v 1.896004 2.689007 1.525593
v 1.896004 2.690030 1.568471
v 1.852618 2.689003 1.525593
v 1.852618 2.690026 1.568471
v 1.852618 2.690261 1.583149
v 1.852615 2.735537 1.582424
v 1.896001 2.735540 1.582424
v 1.896004 2.690265 1.583148
v 1.896022 2.449113 1.538043
v 1.852636 2.449110 1.538043
v 1.852613 2.759486 1.533075
v 1.895999 2.759489 1.533074
v 1.896001 2.734487 1.533475
v 1.852615 2.734484 1.533475
v 1.852618 2.689209 1.534200
v 1.896004 2.689212 1.534199
v 3.487524 2.734595 1.533473
v 3.487524 2.735413 1.567744
v 3.487527 2.690137 1.568468
v 3.487527 2.689320 1.534197
v 3.487524 2.735648 1.582422
v 3.487527 2.690372 1.583146
v 3.441446 2.735404 1.567744
v 3.441446 2.734587 1.533473
v 3.441449 2.689312 1.534197
v 3.441449 2.690129 1.568469
v 3.441446 2.735639 1.582422
v 3.441449 2.690364 1.583146
v 1.852644 2.759280 0.577896
v 1.852667 2.449928 0.625743
v 1.852667 2.448905 0.582865
v 1.852644 2.760303 0.620774
v 1.896053 2.449931 0.625743
v 1.896030 2.760306 0.620774
v 1.896053 2.448908 0.582865
v 1.896030 2.759283 0.577896
v 1.852644 2.759280 0.332067
v 1.852667 2.449928 0.379913
v 1.852667 2.448905 0.337035
v 1.852644 2.760303 0.374945
v 1.896053 2.449931 0.379913
v 1.896030 2.760306 0.374945
v 1.896053 2.448908 0.337035
v 1.896030 2.759283 0.332067
v 1.852644 2.759280 0.098349
v 1.852667 2.449928 0.146195
v 1.852667 2.448905 0.103317
v 1.852644 2.760303 0.141227
v 1.896053 2.449931 0.146195
v 1.896030 2.760306 0.141227
v 1.896053 2.448908 0.103317
v 1.896030 2.759283 0.098349
v 1.896032 2.734492 0.578251
v 1.896032 2.735515 0.621129
v 1.852646 2.735511 0.621129
v 1.852646 2.734488 0.578251
v 1.896035 2.691024 0.579030
v 1.896035 2.692047 0.621908
v 1.852649 2.691021 0.579030
v 1.852649 2.692044 0.621908
v 1.884879 2.449930 0.625743
v 1.884879 2.448907 0.582865
v 1.884856 2.759283 0.577896
v 1.884856 2.760305 0.620774
v 1.884857 2.735514 0.621129
v 1.884857 2.734491 0.578251
v 1.884861 2.691023 0.579030
v 1.884861 2.692046 0.621908
v 1.842757 2.692043 0.621908
v 1.842753 2.735511 0.621129
v 1.842753 2.734488 0.578251
v 1.842757 2.691020 0.579030
v -1.724176 0.298462 -1.000000
v -2.292655 1.251139 -1.631756
v 2.748750 0.298462 -1.000000
v 2.830365 1.251139 -1.631756
v -2.938686 -0.120417 0.000000
v -4.346233 1.303676 -0.000000
v 3.312617 -0.072531 0.000000
v 3.730449 1.083060 0.000000
v 3.478646 1.749777 -0.000000
v 3.473486 1.774960 -1.582836
v -2.211464 1.774960 -1.615896
v -4.662605 2.024243 -0.001714
v 1.655261 0.298462 -1.000000
v 1.577949 1.251139 -1.631756
v 1.822535 -0.072531 0.000000
v 1.737871 1.774960 -1.590918
v 1.734202 1.757346 -0.000000
v 1.738328 2.004516 -1.589855
v -2.211366 1.892678 -1.616153
v -1.491766 1.892678 -1.611601
v 1.737832 1.774841 -1.591006
v -2.211503 1.774841 -1.615984
v -4.577988 1.889123 -0.000911
v 3.479828 2.327799 -0.000000
v 3.474668 2.326568 -1.575398
v 1.735384 2.308953 -0.000000
v 1.739054 2.326568 -1.583481
v 1.735733 2.454781 -0.000000
v 1.739402 2.451440 -1.581279
v 3.542024 2.327799 -0.000000
v 3.545676 2.326371 -1.575634
v 3.546024 2.451244 -1.573433
v 3.542373 2.451399 -0.000000
v 1.739110 2.327983 -1.652354
v 1.739458 2.452856 -1.650152
v 3.545731 2.327787 -1.644507
v 3.546079 2.452659 -1.642306
v 1.780160 1.774397 -1.457645
v -2.169175 1.774397 -1.482622
v -4.280154 1.796189 -0.000425
v 1.780617 2.003953 -1.456581
v -2.168718 2.003953 -1.481559
v -4.270972 2.042907 -0.000740
v 1.592824 2.005151 -1.694373
v -2.255126 2.005151 -1.719350
v -4.854179 2.199602 -0.001736
v 1.592328 1.775477 -1.695523
v -2.255622 1.775477 -1.720501
v -4.662111 1.886345 -0.001072
v -1.587400 1.251139 -1.631756
v -1.943485 -0.162500 0.000000
v -1.491864 1.774960 -1.611345
v -1.108416 0.298462 -1.000000
v -1.495267 2.004516 -1.610282
v -1.495267 2.005151 -1.714799
v -1.491903 1.774841 -1.611432
v -1.491523 1.774397 -1.478071
v -1.495267 2.003953 -1.477008
v -1.504134 1.775477 -1.715950
v -1.495036 2.116559 -1.609867
v -2.216431 2.116559 -1.614419
v -4.430606 2.214532 -0.001202
v -2.168487 2.115996 -1.481145
v -1.495036 2.117195 -1.714385
v -2.254894 2.117195 -1.718936
v -1.495036 2.115996 -1.476594
v -4.268815 2.157314 -0.000792
v -4.800891 2.344859 -0.001202
v -4.444939 1.933958 -0.000809
v -2.685530 -0.038516 -0.091688
v -3.877598 1.126595 -0.118567
v -4.257981 1.793775 -0.143684
v 1.734538 1.758961 -0.281217
v 1.807198 -0.038516 -0.091688
v -4.258024 1.793649 -0.143692
v 1.735721 2.310568 -0.280535
v -4.090455 1.784979 -0.133398
v -4.479193 2.035722 -0.114162
v -4.416951 1.800967 -0.099658
v -1.866919 -0.038516 -0.091688
v -4.249592 2.152904 -0.142871
v -4.084643 2.137056 -0.133867
v -4.477315 2.193621 -0.134986
v -4.254089 1.920615 -0.143118
v -4.147473 1.241075 -0.060354
v -4.528348 1.937752 -0.081890
v -4.469172 1.864553 -0.052432
v -4.212979 1.792487 -0.044008
v -4.776833 2.147265 -0.072606
v -4.576451 1.863924 -0.046234
v -4.369970 2.164115 -0.051192
v -4.204525 2.151369 -0.043900
v -4.693896 2.270984 -0.098587
v -4.378717 1.931359 -0.048397
v -2.824202 -0.089593 -0.053534
v 1.817113 -0.060506 -0.032413
v 3.431509 2.760771 -1.524187
v -1.916418 -0.118670 -0.032413
v -4.911671 2.356898 -0.075401
v -5.005619 2.250618 0.005222
v -5.007768 2.248659 -0.018864
v -5.002831 2.414947 -0.001313
v -0.750555 1.454862 -1.637833
v -0.752426 1.456007 -1.762876
v 0.874891 1.454862 -1.637827
v 0.872971 1.456056 -1.762888
v 0.221883 1.518219 -4.265954
v -0.415436 4.301877 -0.000000
v 1.736417 1.678561 -0.957159
v 1.193087 1.679885 -0.958573
v 1.737601 2.366755 -0.957159
v 1.737578 1.678559 -1.463491
v 1.194248 1.679883 -1.464906
v 1.738763 2.366752 -1.463491
v 1.193416 1.871018 -0.958573
v 1.276259 1.870849 -0.958392
v 1.276430 1.970261 -0.958392
v 1.359273 1.970091 -0.958210
v 1.359444 2.069503 -0.958210
v 1.442287 2.069333 -0.958029
v 1.442458 2.168745 -0.958029
v 1.525301 2.168575 -0.957847
v 1.525472 2.267987 -0.957847
v 1.608315 2.267817 -0.957666
v 1.608487 2.367229 -0.957666
v 1.194577 1.871016 -1.464906
v 1.609648 2.367227 -1.463998
v 1.609477 2.267815 -1.463998
v 1.526634 2.267985 -1.464180
v 1.526463 2.168573 -1.464180
v 1.443619 2.168742 -1.464361
v 1.443449 2.069330 -1.464361
v 1.360605 2.069500 -1.464543
v 1.360434 1.970088 -1.464543
v 1.277591 1.970258 -1.464724
v 1.277420 1.870846 -1.464724
v 1.786590 2.308841 -0.000000
v 1.785407 1.757234 -0.000000
v 1.786709 2.309412 -0.051265
v 1.786926 2.310456 -0.280474
v 1.785744 1.758849 -0.281156
v 1.735690 2.310536 -0.246543
v 1.786895 2.310424 -0.246482
v 1.734507 1.758929 -0.247224
v 1.785713 1.758817 -0.247164
v 1.735647 2.276772 -0.280800
v 1.786852 2.276659 -0.280739
v 3.431532 2.451418 -1.572033
v 1.735311 2.275157 -0.000000
v 1.786635 2.275615 -0.051530
v 1.786516 2.275044 -0.000000
v 3.431532 2.450396 -1.529155
v 1.684245 2.310681 -0.280606
v 1.683063 1.759073 -0.281287
v 1.683909 2.309066 -0.000000
v 1.684171 2.276884 -0.280871
v 1.683032 1.759041 -0.247295
v 1.684214 2.310648 -0.246614
v 3.431509 2.761794 -1.567065
v 1.683835 2.275269 -0.000000
v 3.474918 2.451422 -1.572033
v 3.474895 2.761797 -1.567065
v 3.474918 2.450399 -1.529155
v 3.474895 2.760774 -1.524187
v 3.226542 2.759280 -1.524468
v 3.226566 2.449927 -1.572315
v 3.226566 2.448905 -1.529437
v 3.226542 2.760303 -1.567346
v 3.269952 2.449931 -1.572315
v 3.269928 2.760306 -1.567346
v 3.269952 2.448908 -1.529437
v 3.269928 2.759283 -1.524468
v 3.016222 2.759280 -1.524468
v 3.016245 2.449927 -1.572315
v 3.016245 2.448905 -1.529437
v 3.016222 2.760303 -1.567346
v 3.059631 2.449931 -1.572315
v 3.059608 2.760306 -1.567346
v 3.059631 2.448908 -1.529437
v 3.059608 2.759283 -1.524468
v 2.803962 2.759280 -1.524468
v 2.803985 2.449927 -1.572315
v 2.803985 2.448905 -1.529437
v 2.803962 2.760303 -1.567346
v 2.847371 2.449931 -1.572315
v 2.847347 2.760306 -1.567346
v 2.847371 2.448908 -1.529437
v 2.847347 2.759283 -1.524468
v 2.580644 2.759280 -1.524468
v 2.580667 2.449927 -1.572315
v 2.580667 2.448905 -1.529437
v 2.580644 2.760303 -1.567346
v 2.624053 2.449931 -1.572315
v 2.624030 2.760306 -1.567346
v 2.624053 2.448908 -1.529437
v 2.624030 2.759283 -1.524468
v 2.347722 2.759280 -1.524468
v 2.347746 2.449927 -1.572315
v 2.347746 2.448905 -1.529437
v 2.347722 2.760303 -1.567346
v 2.391132 2.449931 -1.572315
v 2.391108 2.760306 -1.567346
v 2.391132 2.448908 -1.529437
v 2.391108 2.759283 -1.524468
v 2.101849 2.759280 -1.524468
v 2.101872 2.449927 -1.572315
v 2.101872 2.448905 -1.529437
v 2.101849 2.760303 -1.567346
v 2.145258 2.449931 -1.572315
v 2.145235 2.760306 -1.567346
v 2.145258 2.448908 -1.529437
v 2.145235 2.759283 -1.524468
v 1.852613 2.759280 -1.524468
v 1.852636 2.449927 -1.572315
v 1.852636 2.448905 -1.529437
v 1.852613 2.760303 -1.567346
v 1.896022 2.449931 -1.572315
v 1.895999 2.760306 -1.567346
v 1.896022 2.448908 -1.529437
v 1.895999 2.759283 -1.524468
v 3.431509 2.760771 -1.313812
v 3.431532 2.451418 -1.361658
v 3.431532 2.450396 -1.318780
v 3.431509 2.761794 -1.356690
v 3.474918 2.451422 -1.361658
v 3.474895 2.761797 -1.356690
v 3.474918 2.450399 -1.318780
v 3.474895 2.760774 -1.313812
v 3.431509 2.760771 -1.083527
v 3.431532 2.451418 -1.131373
v 3.431532 2.450396 -1.088495
v 3.431509 2.761794 -1.126405
v 3.474918 2.451422 -1.131373
v 3.474895 2.761797 -1.126405
v 3.474918 2.450399 -1.088495
v 3.474895 2.760774 -1.083527
v 3.431509 2.760771 -0.851025
v 3.431532 2.451419 -0.898871
v 3.431532 2.450396 -0.855993
v 3.431509 2.761794 -0.893903
v 3.474918 2.451422 -0.898871
v 3.474895 2.761797 -0.893903
v 3.474918 2.450399 -0.855993
v 3.474895 2.760774 -0.851025
v 3.431509 2.760771 -0.607915
v 3.431532 2.451419 -0.655761
v 3.431532 2.450396 -0.612883
v 3.431509 2.761794 -0.650793
v 3.474918 2.451422 -0.655761
v 3.474895 2.761797 -0.650793
v 3.474918 2.450399 -0.612883
v 3.474895 2.760774 -0.607915
v 3.431765 2.760771 -0.372046
v 3.431789 2.451419 -0.419892
v 3.431789 2.450396 -0.377014
v 3.431765 2.761794 -0.414924
v 3.475175 2.451422 -0.419892
v 3.475151 2.761797 -0.414924
v 3.475175 2.450399 -0.377014
v 3.475151 2.760774 -0.372046
v 3.431765 2.760771 -0.112031
v 3.431789 2.451419 -0.159878
v 3.431789 2.450396 -0.117000
v 3.431765 2.761794 -0.154910
v 3.475175 2.451422 -0.159878
v 3.475151 2.761797 -0.154909
v 3.475175 2.450399 -0.117000
v 3.475151 2.760774 -0.112031
v 1.896001 2.734282 -1.524868
v 1.896001 2.735304 -1.567746
v 1.852615 2.735301 -1.567746
v 1.852615 2.734278 -1.524868
v 1.896004 2.689006 -1.525593
v 1.896004 2.690029 -1.568471
v 1.852618 2.689003 -1.525593
v 1.852618 2.690026 -1.568471
v 1.852618 2.690261 -1.583149
v 1.852615 2.735536 -1.582424
v 1.896001 2.735539 -1.582424
v 1.896004 2.690264 -1.583149
v 1.896022 2.449113 -1.538043
v 1.852636 2.449110 -1.538044
v 1.852613 2.759485 -1.533075
v 1.895999 2.759488 -1.533075
v 1.896001 2.734487 -1.533475
v 1.852615 2.734483 -1.533475
v 1.852618 2.689208 -1.534200
v 1.896004 2.689211 -1.534200
v 3.487524 2.734595 -1.533473
v 3.487524 2.735412 -1.567744
v 3.487527 2.690137 -1.568469
v 3.487527 2.689319 -1.534198
v 3.487524 2.735647 -1.582422
v 3.487527 2.690372 -1.583147
v 3.441446 2.735404 -1.567744
v 3.441446 2.734586 -1.533473
v 3.441449 2.689311 -1.534198
v 3.441449 2.690129 -1.568469
v 3.441446 2.735639 -1.582422
v 3.441449 2.690363 -1.583147
v 3.487524 2.734903 -0.000000
v 3.487527 2.689003 -0.000000
v 3.441449 2.688994 -0.000000
v 3.441447 2.734894 -0.000000
v 1.852644 2.759280 -0.577897
v 1.852667 2.449928 -0.625743
v 1.852667 2.448905 -0.582865
v 1.852644 2.760303 -0.620775
v 1.896053 2.449931 -0.625743
v 1.896030 2.760306 -0.620775
v 1.896053 2.448908 -0.582865
v 1.896030 2.759283 -0.577897
v 1.852644 2.759280 -0.332067
v 1.852667 2.449928 -0.379914
v 1.852667 2.448905 -0.337036
v 1.852644 2.760303 -0.374945
v 1.896053 2.449931 -0.379914
v 1.896030 2.760306 -0.374945
v 1.896053 2.448908 -0.337036
v 1.896030 2.759283 -0.332067
v 1.852644 2.759280 -0.098349
v 1.852667 2.449928 -0.146196
v 1.852667 2.448905 -0.103318
v 1.852644 2.760303 -0.141227
v 1.896053 2.449931 -0.146196
v 1.896030 2.760306 -0.141227
v 1.896053 2.448908 -0.103317
v 1.896030 2.759283 -0.098349
v 1.896032 2.734491 -0.578251
v 1.896032 2.735515 -0.621130
v 1.852646 2.735511 -0.621130
v 1.852646 2.734488 -0.578252
v 1.896035 2.691024 -0.579030
v 1.896035 2.692047 -0.621908
v 1.852649 2.691020 -0.579031
v 1.852649 2.692043 -0.621909
v 1.884879 2.449930 -0.625743
v 1.884879 2.448907 -0.582865
v 1.884856 2.759282 -0.577897
v 1.884856 2.760305 -0.620775
v 1.884857 2.735514 -0.621130
v 1.884857 2.734491 -0.578252
v 1.884861 2.691023 -0.579031
v 1.884861 2.692046 -0.621909
v 1.842757 2.692043 -0.621909
v 1.842753 2.735510 -0.621130
v 1.842753 2.734488 -0.578252
v 1.842757 2.691020 -0.579031
v 1.852646 2.734898 -0.000000
v 1.852650 2.688998 -0.000000
v 1.884858 2.734900 -0.000000
v 1.884861 2.689001 -0.000000
v 1.842753 2.734897 -0.000000
v 1.842757 2.688997 -0.000000
v -1.440801 1.765298 -1.089900
v -1.426091 2.091959 -1.104610
v -1.440801 1.765298 -1.416561
v -1.426091 2.091959 -1.401851
v -1.114140 1.765298 -1.089900
v -1.128849 2.091959 -1.104610
v -1.114140 1.765298 -1.416561
v -1.128849 2.091959 -1.401851
v -3.476383 1.911086 0.054479
v -3.471688 1.911953 -0.054172
v -3.398318 1.910279 0.054476
v -3.393622 1.911146 -0.054176
v -3.323732 2.520994 -0.206428
v -3.323610 2.561867 -0.202402
v -3.323492 2.601170 -0.190479
v -3.323383 2.637392 -0.171119
v -3.323288 2.669140 -0.145063
v -3.323210 2.695195 -0.113315
v -3.323152 2.714556 -0.077093
v -3.323116 2.726478 -0.037790
v -3.323104 2.730504 0.003083
v -3.323116 2.726478 0.043957
v -3.323152 2.714556 0.083259
v -3.323210 2.695195 0.119481
v -3.323288 2.669140 0.151230
v -3.323383 2.637392 0.177285
v -3.323492 2.601170 0.196646
v -3.323610 2.561867 0.208569
v -3.323732 2.520994 0.212594
v -3.323855 2.480120 0.208569
v -3.323973 2.440818 0.196646
v -3.324081 2.404596 0.177285
v -3.324177 2.372848 0.151230
v -3.324255 2.346793 0.119481
v -3.324312 2.327432 0.083260
v -3.324348 2.315509 0.043957
v -3.324361 2.311484 0.003083
v -3.324348 2.315510 -0.037791
v -3.324312 2.327432 -0.077093
v -3.324255 2.346793 -0.113315
v -3.324177 2.372848 -0.145064
v -3.324081 2.404597 -0.171119
v -3.323973 2.440818 -0.190480
v -3.323855 2.480121 -0.202402
v -3.323732 2.520994 -0.184561
v -3.323622 2.557601 -0.180956
v -3.323517 2.592802 -0.170278
v -3.323420 2.625243 -0.152937
v -3.323334 2.653678 -0.129601
v -3.323264 2.677014 -0.101166
v -3.323212 2.694354 -0.068725
v -3.323180 2.705032 -0.033524
v -3.323169 2.708637 0.003083
v -3.323180 2.705032 0.039691
v -3.323212 2.694354 0.074891
v -3.323264 2.677014 0.107333
v -3.323334 2.653678 0.135768
v -3.323420 2.625243 0.159104
v -3.323517 2.592802 0.176444
v -3.323622 2.557601 0.187122
v -3.323732 2.520994 0.190728
v -3.323842 2.484386 0.187122
v -3.323948 2.449186 0.176444
v -3.324044 2.416745 0.159104
v -3.324130 2.388310 0.135768
v -3.324200 2.364974 0.107333
v -3.324252 2.347634 0.074892
v -3.324284 2.336956 0.039691
v -3.324295 2.333350 0.003083
v -3.324284 2.336956 -0.033525
v -3.324252 2.347634 -0.068725
v -3.324200 2.364974 -0.101166
v -3.324130 2.388310 -0.129602
v -3.324044 2.416745 -0.152938
v -3.323948 2.449186 -0.170278
v -3.323842 2.484386 -0.180956
v -3.346877 2.561926 -0.202346
v -3.346999 2.521064 -0.206370
v -3.346759 2.601218 -0.190426
v -3.346650 2.637429 -0.171071
v -3.346555 2.669169 -0.145023
v -3.346477 2.695217 -0.113283
v -3.346419 2.714572 -0.077071
v -3.346383 2.726491 -0.037779
v -3.346371 2.730516 0.003083
v -3.346383 2.726492 0.043945
v -3.346419 2.714573 0.083238
v -3.346477 2.695217 0.119449
v -3.346555 2.669169 0.151189
v -3.346650 2.637429 0.177238
v -3.346759 2.601218 0.196593
v -3.346877 2.561926 0.208512
v -3.346999 2.521064 0.212537
v -3.347122 2.480201 0.208512
v -3.347239 2.440909 0.196593
v -3.347348 2.404698 0.177238
v -3.347443 2.372958 0.151189
v -3.347522 2.346910 0.119449
v -3.347579 2.327554 0.083238
v -3.347615 2.315635 0.043946
v -3.347627 2.311611 0.003083
v -3.347615 2.315635 -0.037779
v -3.347580 2.327555 -0.077071
v -3.347522 2.346910 -0.113283
v -3.347443 2.372958 -0.145023
v -3.347348 2.404698 -0.171071
v -3.347239 2.440910 -0.190426
v -3.347122 2.480202 -0.202345
v -3.346889 2.557683 -0.181012
v -3.346999 2.521064 -0.184618
v -3.346783 2.592894 -0.170331
v -3.346686 2.625345 -0.152985
v -3.346601 2.653788 -0.129642
v -3.346531 2.677131 -0.101198
v -3.346479 2.694476 -0.068747
v -3.346447 2.705158 -0.033536
v -3.346437 2.708765 0.003083
v -3.346447 2.705158 0.039702
v -3.346479 2.694477 0.074913
v -3.346531 2.677131 0.107365
v -3.346601 2.653788 0.135808
v -3.346686 2.625345 0.159151
v -3.346783 2.592894 0.176497
v -3.346889 2.557683 0.187178
v -3.346999 2.521064 0.190785
v -3.347109 2.484445 0.187178
v -3.347214 2.449234 0.176497
v -3.347312 2.416783 0.159152
v -3.347397 2.388339 0.135808
v -3.347467 2.364996 0.107365
v -3.347519 2.347651 0.074913
v -3.347551 2.336969 0.039702
v -3.347562 2.333363 0.003083
v -3.347551 2.336969 -0.033536
v -3.347519 2.347651 -0.068747
v -3.347467 2.364996 -0.101198
v -3.347397 2.388339 -0.129642
v -3.347312 2.416783 -0.152985
v -3.347214 2.449234 -0.170331
v -3.347109 2.484445 -0.181012
v -3.346871 2.563761 -0.211569
v -3.346999 2.521064 -0.215775
v -3.346748 2.604816 -0.199115
v -3.346635 2.642654 -0.178890
v -3.346535 2.675819 -0.151672
v -3.346453 2.703037 -0.118508
v -3.346393 2.723261 -0.080670
v -3.346355 2.735715 -0.039614
v -3.346343 2.739920 0.003083
v -3.346355 2.735715 0.045780
v -3.346393 2.723261 0.086836
v -3.346453 2.703037 0.124674
v -3.346535 2.675819 0.157839
v -3.346635 2.642654 0.185057
v -3.346748 2.604816 0.205282
v -3.346871 2.563761 0.217736
v -3.346999 2.521064 0.221941
v -3.347127 2.478366 0.217736
v -3.347250 2.437311 0.205281
v -3.347364 2.399473 0.185057
v -3.347463 2.366308 0.157839
v -3.347545 2.339091 0.124674
v -3.347606 2.318866 0.086836
v -3.347643 2.306412 0.045780
v -3.347656 2.302207 0.003083
v -3.347643 2.306412 -0.039614
v -3.347606 2.318866 -0.080670
v -3.347545 2.339091 -0.118508
v -3.347463 2.366308 -0.151673
v -3.347364 2.399474 -0.178890
v -3.347250 2.437311 -0.199115
v -3.347127 2.478367 -0.211569
v -3.346895 2.555848 -0.171788
v -3.346999 2.521064 -0.175214
v -3.346794 2.589295 -0.161642
v -3.346702 2.620120 -0.145166
v -3.346621 2.647138 -0.122992
v -3.346555 2.669312 -0.095974
v -3.346505 2.685789 -0.065148
v -3.346475 2.695935 -0.031701
v -3.346464 2.699360 0.003083
v -3.346475 2.695935 0.037867
v -3.346505 2.685789 0.071315
v -3.346555 2.669312 0.102140
v -3.346621 2.647138 0.129159
v -3.346702 2.620120 0.151332
v -3.346794 2.589295 0.167809
v -3.346895 2.555848 0.177955
v -3.346999 2.521064 0.181381
v -3.347103 2.486280 0.177955
v -3.347203 2.452832 0.167809
v -3.347296 2.422007 0.151332
v -3.347377 2.394989 0.129159
v -3.347444 2.372815 0.102140
v -3.347493 2.356339 0.071315
v -3.347524 2.346193 0.037867
v -3.347534 2.342767 0.003083
v -3.347524 2.346193 -0.031701
v -3.347493 2.356339 -0.065148
v -3.347444 2.372816 -0.095974
v -3.347377 2.394989 -0.122992
v -3.347296 2.422008 -0.145166
v -3.347203 2.452833 -0.161642
v -3.347103 2.486280 -0.171788
v -3.354010 2.625367 0.159151
v -3.353974 2.637451 0.177238
v -3.354083 2.601240 0.196593
v -3.354107 2.592916 0.176497
v -3.354323 2.521086 -0.184618
v -3.354323 2.521086 -0.206370
v -3.354200 2.561948 -0.202346
v -3.354213 2.557704 -0.181012
v -3.354791 2.365018 -0.101198
v -3.354845 2.346932 -0.113283
v -3.354767 2.372980 -0.145023
v -3.354721 2.388361 -0.129642
v -3.354200 2.561948 0.208512
v -3.354213 2.557704 0.187178
v -3.354083 2.601240 -0.190426
v -3.354107 2.592916 -0.170331
v -3.354672 2.404720 -0.171071
v -3.354635 2.416805 -0.152985
v -3.354323 2.521086 0.212537
v -3.354323 2.521086 0.190785
v -3.353974 2.637451 -0.171071
v -3.354010 2.625367 -0.152985
v -3.354563 2.440932 -0.190426
v -3.354538 2.449256 -0.170331
v -3.354445 2.480223 0.208512
v -3.354433 2.484467 0.187178
v -3.353879 2.669191 -0.145023
v -3.353925 2.653810 -0.129642
v -3.354445 2.480224 -0.202345
v -3.354433 2.484467 -0.181012
v -3.354563 2.440932 0.196593
v -3.354538 2.449255 0.176497
v -3.353801 2.695239 -0.113283
v -3.353855 2.677153 -0.101198
v -3.354672 2.404720 0.177238
v -3.354635 2.416805 0.159152
v -3.353743 2.714594 -0.077071
v -3.353803 2.694499 -0.068747
v -3.354767 2.372980 0.151189
v -3.354721 2.388361 0.135808
v -3.353707 2.726513 -0.037779
v -3.353770 2.705180 -0.033536
v -3.354845 2.346932 0.119449
v -3.354791 2.365018 0.107365
v -3.353695 2.730538 0.003083
v -3.353760 2.708786 0.003083
v -3.354903 2.327576 0.083238
v -3.354843 2.347673 0.074913
v -3.353707 2.726514 0.043945
v -3.353770 2.705180 0.039702
v -3.354939 2.315657 0.043946
v -3.354875 2.336991 0.039702
v -3.353743 2.714595 0.083238
v -3.353803 2.694499 0.074913
v -3.354951 2.311633 0.003083
v -3.354886 2.333385 0.003083
v -3.353801 2.695239 0.119449
v -3.353855 2.677153 0.107365
v -3.354939 2.315657 -0.037779
v -3.354875 2.336991 -0.033536
v -3.353879 2.669191 0.151189
v -3.353925 2.653810 0.135808
v -3.354903 2.327577 -0.077071
v -3.354843 2.347673 -0.068747
v -3.323604 2.563691 -0.211569
v -3.323732 2.520994 -0.215775
v -3.323481 2.604746 -0.199115
v -3.323368 2.642584 -0.178890
v -3.323268 2.675749 -0.151672
v -3.323187 2.702967 -0.118508
v -3.323126 2.723191 -0.080670
v -3.323088 2.735645 -0.039614
v -3.323076 2.739851 0.003083
v -3.323088 2.735645 0.045780
v -3.323126 2.723191 0.086836
v -3.323187 2.702967 0.124674
v -3.323268 2.675749 0.157839
v -3.323368 2.642584 0.185057
v -3.323481 2.604746 0.205282
v -3.323604 2.563691 0.217736
v -3.323732 2.520994 0.221941
v -3.323860 2.478297 0.217736
v -3.323984 2.437241 0.205281
v -3.324097 2.399403 0.185057
v -3.324196 2.366239 0.157839
v -3.324278 2.339021 0.124674
v -3.324339 2.318796 0.086836
v -3.324376 2.306342 0.045780
v -3.324389 2.302137 0.003083
v -3.324376 2.306342 -0.039614
v -3.324339 2.318797 -0.080670
v -3.324278 2.339021 -0.118508
v -3.324196 2.366239 -0.151673
v -3.324097 2.399404 -0.178890
v -3.323984 2.437241 -0.199115
v -3.323860 2.478297 -0.211569
v -3.323628 2.555778 -0.171788
v -3.323732 2.520994 -0.175214
v -3.323528 2.589225 -0.161642
v -3.323435 2.620050 -0.145166
v -3.323354 2.647069 -0.122992
v -3.323287 2.669242 -0.095974
v -3.323238 2.685719 -0.065148
v -3.323207 2.695865 -0.031701
v -3.323198 2.699291 0.003083
v -3.323207 2.695865 0.037867
v -3.323238 2.685719 0.071315
v -3.323287 2.669242 0.102140
v -3.323354 2.647069 0.129159
v -3.323435 2.620050 0.151332
v -3.323528 2.589225 0.167809
v -3.323628 2.555778 0.177955
v -3.323732 2.520994 0.181381
v -3.323836 2.486210 0.177955
v -3.323937 2.452763 0.167809
v -3.324029 2.421937 0.151332
v -3.324110 2.394919 0.129159
v -3.324177 2.372746 0.102140
v -3.324226 2.356269 0.071315
v -3.324257 2.346123 0.037867
v -3.324267 2.342697 0.003083
v -3.324257 2.346123 -0.031701
v -3.324226 2.356269 -0.065148
v -3.324177 2.372746 -0.095974
v -3.324110 2.394919 -0.122992
v -3.324029 2.421938 -0.145166
v -3.323937 2.452763 -0.161642
v -3.323836 2.486210 -0.171788
v -3.314939 2.625218 0.159104
v -3.314902 2.637366 0.177285
v -3.315011 2.601144 0.196646
v -3.315036 2.592777 0.176444
v -3.315251 2.520969 -0.184561
v -3.315251 2.520969 -0.206428
v -3.315129 2.561842 -0.202402
v -3.315141 2.557576 -0.180956
v -3.315719 2.364949 -0.101166
v -3.315773 2.346767 -0.113315
v -3.315695 2.372823 -0.145064
v -3.315649 2.388285 -0.129602
v -3.315129 2.561842 0.208569
v -3.315141 2.557576 0.187122
v -3.315011 2.601144 -0.190479
v -3.315036 2.592777 -0.170278
v -3.315600 2.404571 -0.171119
v -3.315564 2.416719 -0.152938
v -3.315251 2.520969 0.212594
v -3.315251 2.520969 0.190728
v -3.314902 2.637366 -0.171119
v -3.314939 2.625218 -0.152937
v -3.315491 2.440793 -0.190480
v -3.315466 2.449161 -0.170278
v -3.315373 2.480095 0.208569
v -3.315361 2.484361 0.187122
v -3.314807 2.669115 -0.145063
v -3.314853 2.653653 -0.129601
v -3.315373 2.480095 -0.202402
v -3.315361 2.484361 -0.180956
v -3.315491 2.440793 0.196646
v -3.315466 2.449160 0.176444
v -3.314728 2.695170 -0.113315
v -3.314783 2.676989 -0.101166
v -3.315600 2.404571 0.177285
v -3.315564 2.416719 0.159104
v -3.314671 2.714530 -0.077093
v -3.314731 2.694328 -0.068725
v -3.315695 2.372823 0.151230
v -3.315649 2.388285 0.135768
v -3.314635 2.726453 -0.037790
v -3.314699 2.705006 -0.033524
v -3.315773 2.346767 0.119481
v -3.315719 2.364949 0.107333
v -3.314623 2.730479 0.003083
v -3.314688 2.708612 0.003083
v -3.315832 2.327406 0.083260
v -3.315771 2.347609 0.074892
v -3.314635 2.726453 0.043957
v -3.314699 2.705006 0.039691
v -3.315867 2.315484 0.043957
v -3.315803 2.336930 0.039691
v -3.314671 2.714530 0.083259
v -3.314731 2.694329 0.074891
v -3.315879 2.311458 0.003083
v -3.315814 2.333325 0.003083
v -3.314728 2.695170 0.119481
v -3.314783 2.676989 0.107333
v -3.315867 2.315484 -0.037791
v -3.315803 2.336931 -0.033525
v -3.314807 2.669115 0.151230
v -3.314853 2.653653 0.135768
v -3.315832 2.327406 -0.077093
v -3.315771 2.347609 -0.068725
v 2.367638 4.583870 3.342998
v -3.334767 2.545730 -0.001065
v -3.333867 2.827636 -0.005310
v -3.332798 2.545719 -0.000673
v -3.330273 2.827615 -0.004595
v -3.331128 2.545709 0.000442
v -3.327226 2.827598 -0.002559
v -3.330013 2.545702 0.002112
v -3.325191 2.827586 0.000487
v -3.329621 2.545700 0.004081
v -3.324476 2.827581 0.004081
v -3.330013 2.545702 0.006051
v -3.325191 2.827586 0.007675
v -3.331128 2.545709 0.007720
v -3.327226 2.827598 0.010722
v -3.332798 2.545719 0.008836
v -3.330273 2.827615 0.012758
v -3.334767 2.545730 0.009228
v -3.333867 2.827636 0.013472
v -3.336737 2.545742 0.008836
v -3.337461 2.827657 0.012758
v -3.338406 2.545752 0.007720
v -3.340508 2.827676 0.010722
v -3.339522 2.545758 0.006051
v -3.342543 2.827688 0.007675
v -3.339914 2.545761 0.004081
v -3.343259 2.827692 0.004081
v -3.339522 2.545758 0.002112
v -3.342543 2.827688 0.000487
v -3.338406 2.545752 0.000442
v -3.340508 2.827676 -0.002559
v -3.336737 2.545742 -0.000673
v -3.337461 2.827657 -0.004595
v -3.334084 2.759796 -0.005310
v -3.330490 2.759775 -0.004595
v -3.327443 2.759757 -0.002559
v -3.325408 2.759745 0.000487
v -3.324693 2.759741 0.004081
v -3.325408 2.759745 0.007675
v -3.327443 2.759757 0.010722
v -3.330490 2.759775 0.012758
v -3.334084 2.759796 0.013472
v -3.337678 2.759818 0.012758
v -3.340725 2.759835 0.010722
v -3.342760 2.759848 0.007675
v -3.343475 2.759852 0.004081
v -3.342760 2.759848 0.000487
v -3.340725 2.759835 -0.002559
v -3.337678 2.759818 -0.004595
v -3.334441 2.648060 -0.003094
v -3.337187 2.648076 -0.002548
v -3.339514 2.648090 -0.000993
v -3.341070 2.648099 0.001335
v -3.341616 2.648102 0.004081
v -3.341070 2.648099 0.006827
v -3.339514 2.648090 0.009155
v -3.337187 2.648076 0.010711
v -3.334441 2.648060 0.011257
v -3.331694 2.648043 0.010711
v -3.329366 2.648029 0.009155
v -3.327811 2.648020 0.006827
v -3.327265 2.648017 0.004081
v -3.327811 2.648020 0.001335
v -3.329366 2.648029 -0.000993
v -3.331694 2.648043 -0.002548
v -3.333902 2.816674 -0.009532
v -3.334052 2.769677 -0.009251
v -3.333963 2.797440 -0.015708
v -3.333991 2.788839 -0.015657
v -3.334015 2.781400 -0.013927
v -3.334015 2.781400 -0.013927
v -3.328951 2.769644 -0.008235
v -3.328692 2.816640 -0.008497
v -3.327123 2.781358 -0.012555
v -3.327123 2.781358 -0.012555
v -3.326438 2.788794 -0.014154
v -3.326391 2.797395 -0.014202
v -3.324626 2.769617 -0.005345
v -3.324275 2.816612 -0.005546
v -3.321283 2.781322 -0.008651
v -3.321283 2.781322 -0.008651
v -3.320034 2.788755 -0.009875
v -3.319970 2.797355 -0.009912
v -3.321737 2.769598 -0.001020
v -3.321323 2.816592 -0.001129
v -3.317379 2.781298 -0.002809
v -3.317379 2.781298 -0.002809
v -3.315756 2.788729 -0.003472
v -3.315680 2.797329 -0.003492
v -3.320723 2.769591 0.004082
v -3.320286 2.816586 0.004082
v -3.316008 2.781290 0.004082
v -3.316008 2.781290 0.004082
v -3.314254 2.788720 0.004082
v -3.314173 2.797321 0.004082
v -3.321737 2.769598 0.009182
v -3.321323 2.816592 0.009292
v -3.317379 2.781298 0.010972
v -3.317379 2.781298 0.010972
v -3.315756 2.788729 0.011635
v -3.315680 2.797329 0.011655
v -3.324626 2.769617 0.013507
v -3.324275 2.816612 0.013709
v -3.321283 2.781322 0.016814
v -3.321283 2.781322 0.016814
v -3.320034 2.788755 0.018038
v -3.319970 2.797355 0.018075
v -3.328951 2.769644 0.016398
v -3.328692 2.816640 0.016659
v -3.327123 2.781358 0.020718
v -3.327123 2.781358 0.020718
v -3.326438 2.788794 0.022317
v -3.326391 2.797395 0.022365
v -3.334052 2.769677 0.017414
v -3.333902 2.816674 0.017695
v -3.334015 2.781400 0.022089
v -3.334015 2.781400 0.022089
v -3.333991 2.788839 0.023819
v -3.333963 2.797440 0.023871
v -3.339155 2.769710 0.016400
v -3.339111 2.816707 0.016657
v -3.340906 2.781442 0.020719
v -3.340906 2.781442 0.020719
v -3.341544 2.788884 0.022317
v -3.341537 2.797486 0.022364
v -3.343481 2.769738 0.013510
v -3.343526 2.816736 0.013706
v -3.346748 2.781478 0.016816
v -3.346748 2.781478 0.016816
v -3.347948 2.788923 0.018039
v -3.347956 2.797524 0.018074
v -3.346372 2.769757 0.009185
v -3.346477 2.816755 0.009290
v -3.350653 2.781501 0.010973
v -3.350653 2.781501 0.010973
v -3.352227 2.788949 0.011635
v -3.352246 2.797550 0.011654
v -3.347387 2.769763 0.004082
v -3.347513 2.816761 0.004082
v -3.352024 2.781510 0.004082
v -3.352024 2.781510 0.004082
v -3.353729 2.788958 0.004082
v -3.353752 2.797559 0.004082
v -3.346372 2.769757 -0.001022
v -3.346477 2.816755 -0.001127
v -3.350653 2.781501 -0.002811
v -3.350653 2.781501 -0.002811
v -3.352227 2.788949 -0.003472
v -3.352246 2.797550 -0.003492
v -3.343481 2.769738 -0.005348
v -3.343526 2.816736 -0.005543
v -3.346748 2.781478 -0.008653
v -3.346748 2.781478 -0.008653
v -3.347948 2.788923 -0.009876
v -3.347956 2.797524 -0.009912
v -3.339155 2.769710 -0.008237
v -3.339111 2.816707 -0.008495
v -3.340906 2.781442 -0.012557
v -3.340906 2.781442 -0.012557
v -3.341544 2.788884 -0.014155
v -3.341537 2.797486 -0.014202
v -3.332047 2.615289 -0.001948
v -3.329930 2.615277 -0.000533
v -3.328516 2.615268 0.001584
v -3.328019 2.615265 0.004081
v -3.328516 2.615268 0.006579
v -3.329930 2.615277 0.008696
v -3.332047 2.615289 0.010111
v -3.334545 2.615304 0.010607
v -3.337043 2.615319 0.010111
v -3.339159 2.615331 0.008696
v -3.340574 2.615340 0.006579
v -3.341071 2.615342 0.004081
v -3.340574 2.615340 0.001584
v -3.339159 2.615331 -0.000533
v -3.337043 2.615319 -0.001948
v -3.334545 2.615304 -0.002445
v -3.341616 2.648102 0.004081
v -3.341071 2.615342 0.004081
v -3.337187 2.648076 0.010711
v -3.337043 2.615319 0.010111
v -3.329366 2.648029 0.009155
v -3.329930 2.615277 0.008696
v -3.327811 2.648020 0.001335
v -3.328516 2.615268 0.001584
v -3.337187 2.648076 -0.002548
v -3.334441 2.648060 -0.003094
v -3.341070 2.648099 0.001335
v -3.339514 2.648090 0.009155
v -3.331694 2.648043 0.010711
v -3.327265 2.648017 0.004081
v -3.331694 2.648043 -0.002548
v -3.337043 2.615319 -0.001948
v -3.341070 2.648099 0.006827
v -3.340574 2.615340 0.006579
v -3.334441 2.648060 0.011257
v -3.334545 2.615304 0.010607
v -3.327811 2.648020 0.006827
v -3.328516 2.615268 0.006579
v -3.329366 2.648029 -0.000993
v -3.329930 2.615277 -0.000533
v -3.339514 2.648090 -0.000993
v -3.334545 2.615304 -0.002445
v -3.339159 2.615331 -0.000533
v -3.332047 2.615289 -0.001948
v -3.328019 2.615265 0.004081
v -3.332047 2.615289 0.010111
v -3.339159 2.615331 0.008696
v -3.340574 2.615340 0.001584
v -3.343423 2.619704 0.004081
v -3.343722 2.643968 0.004081
v -3.346678 2.625738 0.004081
v -3.346678 2.625738 0.004081
v -3.347890 2.629572 0.004081
v -3.347944 2.634014 0.004081
v -3.337934 2.619668 0.012295
v -3.338001 2.643931 0.012645
v -3.339168 2.625692 0.015321
v -3.339168 2.625692 0.015321
v -3.339624 2.629523 0.016452
v -3.339636 2.633963 0.016516
v -3.328246 2.619606 0.010366
v -3.327898 2.643867 0.010637
v -3.325911 2.625612 0.012683
v -3.325911 2.625612 0.012683
v -3.325032 2.629435 0.013549
v -3.324968 2.633875 0.013599
v -3.326320 2.619594 0.000680
v -3.325888 2.643854 0.000533
v -3.323274 2.625595 -0.000574
v -3.323274 2.625595 -0.000574
v -3.322130 2.629417 -0.001043
v -3.322051 2.633857 -0.001070
v -3.337934 2.619668 -0.004133
v -3.338001 2.643931 -0.004483
v -3.339168 2.625693 -0.007159
v -3.339168 2.625693 -0.007159
v -3.339624 2.629523 -0.008290
v -3.339636 2.633963 -0.008354
v -3.342746 2.619699 0.007484
v -3.343016 2.643964 0.007628
v -3.345752 2.625733 0.008737
v -3.345752 2.625733 0.008737
v -3.346870 2.629567 0.009206
v -3.346920 2.634007 0.009232
v -3.334531 2.619646 0.012971
v -3.334454 2.643909 0.013351
v -3.334512 2.625664 0.016246
v -3.334512 2.625664 0.016246
v -3.334500 2.629492 0.017471
v -3.334486 2.633932 0.017541
v -3.326320 2.619594 0.007482
v -3.325888 2.643854 0.007630
v -3.323274 2.625595 0.008736
v -3.323274 2.625595 0.008736
v -3.322130 2.629417 0.009205
v -3.322051 2.633857 0.009232
v -3.328246 2.619606 -0.002204
v -3.327898 2.643867 -0.002475
v -3.325911 2.625612 -0.004520
v -3.325911 2.625612 -0.004520
v -3.325032 2.629435 -0.005387
v -3.324968 2.633875 -0.005436
v -3.334454 2.643909 -0.005189
v -3.334531 2.619646 -0.004808
v -3.334486 2.633932 -0.009378
v -3.334500 2.629492 -0.009309
v -3.334512 2.625664 -0.008084
v -3.334512 2.625664 -0.008084
v -3.340818 2.619687 -0.002206
v -3.341008 2.643950 -0.002473
v -3.343114 2.625717 -0.004521
v -3.343114 2.625717 -0.004521
v -3.343968 2.629549 -0.005387
v -3.344002 2.633990 -0.005436
v -3.331130 2.619625 -0.004131
v -3.330906 2.643887 -0.004484
v -3.329857 2.625636 -0.007158
v -3.329857 2.625636 -0.007158
v -3.329376 2.629461 -0.008289
v -3.329335 2.633901 -0.008354
v -3.325644 2.619589 0.004081
v -3.325181 2.643849 0.004081
v -3.322348 2.625590 0.004081
v -3.322348 2.625590 0.004081
v -3.321111 2.629412 0.004081
v -3.321026 2.633851 0.004081
v -3.331130 2.619625 0.012294
v -3.330906 2.643887 0.012647
v -3.329857 2.625636 0.015320
v -3.329857 2.625636 0.015320
v -3.329376 2.629461 0.016451
v -3.329335 2.633901 0.016516
v -3.340818 2.619687 0.010368
v -3.341008 2.643950 0.010635
v -3.343114 2.625717 0.012684
v -3.343114 2.625717 0.012684
v -3.343968 2.629549 0.013549
v -3.344002 2.633990 0.013598
v -3.342746 2.619699 0.000678
v -3.343016 2.643964 0.000534
v -3.345752 2.625733 -0.000575
v -3.345752 2.625733 -0.000575
v -3.346870 2.629567 -0.001043
v -3.346920 2.634007 -0.001069
v -3.334788 2.538858 -0.013051
v -3.334009 2.780440 -0.158406
v -3.332818 2.539044 -0.012710
v -3.330414 2.780779 -0.157782
v -3.331146 2.539596 -0.011743
v -3.327364 2.781785 -0.156018
v -3.330029 2.540429 -0.010298
v -3.325323 2.783305 -0.153381
v -3.329634 2.541417 -0.008595
v -3.324604 2.785108 -0.150273
v -3.330023 2.542408 -0.006893
v -3.325313 2.786918 -0.147167
v -3.331136 2.543253 -0.005451
v -3.327343 2.788460 -0.144536
v -3.332804 2.543823 -0.004489
v -3.330388 2.789501 -0.142780
v -3.334772 2.544031 -0.004153
v -3.333981 2.789880 -0.142168
v -3.336743 2.543845 -0.004495
v -3.337575 2.789540 -0.142791
v -3.338414 2.543294 -0.005462
v -3.340625 2.788534 -0.144556
v -3.339532 2.542461 -0.006907
v -3.342665 2.787014 -0.147192
v -3.339926 2.541473 -0.008610
v -3.343386 2.785211 -0.150301
v -3.339538 2.540481 -0.010312
v -3.342676 2.783401 -0.153407
v -3.338425 2.539636 -0.011754
v -3.340645 2.781858 -0.156038
v -3.336757 2.539066 -0.012716
v -3.337601 2.780818 -0.157793
v -3.334198 2.721790 -0.124310
v -3.330602 2.722130 -0.123686
v -3.327553 2.723136 -0.121922
v -3.325513 2.724656 -0.119285
v -3.324793 2.726458 -0.116177
v -3.325502 2.728269 -0.113071
v -3.327533 2.729811 -0.110440
v -3.330577 2.730851 -0.108685
v -3.334169 2.731230 -0.108072
v -3.337764 2.730891 -0.108695
v -3.340814 2.729885 -0.110460
v -3.342854 2.728364 -0.113096
v -3.343575 2.726562 -0.116205
v -3.342866 2.724752 -0.119311
v -3.340834 2.723209 -0.121941
v -3.337791 2.722169 -0.123697
v -3.334506 2.626305 -0.066236
v -3.337251 2.626594 -0.065768
v -3.339576 2.627389 -0.064426
v -3.341128 2.628567 -0.062416
v -3.341671 2.629951 -0.060043
v -3.341120 2.631328 -0.057668
v -3.339561 2.632489 -0.055654
v -3.337231 2.633258 -0.054305
v -3.334484 2.633517 -0.053829
v -3.331739 2.633228 -0.054297
v -3.329414 2.632433 -0.055639
v -3.327861 2.631254 -0.057649
v -3.327319 2.629872 -0.060022
v -3.327870 2.628494 -0.062397
v -3.329429 2.627333 -0.064412
v -3.331759 2.626564 -0.065760
v -3.334046 2.768840 -0.156546
v -3.334176 2.728352 -0.132683
v -3.334108 2.749108 -0.152219
v -3.334132 2.741698 -0.147852
v -3.334150 2.736136 -0.142617
v -3.334150 2.736136 -0.142617
v -3.329073 2.728832 -0.131796
v -3.328834 2.769329 -0.155642
v -3.327257 2.736786 -0.141421
v -3.327257 2.736786 -0.141421
v -3.326576 2.742410 -0.146541
v -3.326533 2.749822 -0.150905
v -3.324745 2.730258 -0.129290
v -3.324412 2.770785 -0.153083
v -3.321410 2.738715 -0.138037
v -3.321410 2.738715 -0.138037
v -3.320167 2.744525 -0.142832
v -3.320106 2.751942 -0.147186
v -3.321849 2.732415 -0.125545
v -3.321453 2.772987 -0.149260
v -3.317498 2.741629 -0.132980
v -3.317498 2.741629 -0.132980
v -3.315879 2.747719 -0.137289
v -3.315806 2.755144 -0.141630
v -3.320827 2.734972 -0.121133
v -3.320409 2.775600 -0.144753
v -3.316117 2.745085 -0.127020
v -3.316117 2.745085 -0.127020
v -3.314365 2.751507 -0.130757
v -3.314289 2.758942 -0.135080
v -3.321833 2.737543 -0.116725
v -3.321438 2.778225 -0.140250
v -3.317477 2.748555 -0.121065
v -3.317477 2.748555 -0.121065
v -3.315856 2.755311 -0.124229
v -3.315784 2.762757 -0.128534
v -3.324716 2.739733 -0.112992
v -3.324383 2.780463 -0.136437
v -3.321372 2.751513 -0.116021
v -3.321372 2.751513 -0.116021
v -3.320125 2.758554 -0.118700
v -3.320064 2.766008 -0.122991
v -3.329036 2.741212 -0.110500
v -3.328796 2.781972 -0.133893
v -3.327207 2.753509 -0.112655
v -3.327207 2.753509 -0.112655
v -3.326521 2.760741 -0.115011
v -3.326478 2.768200 -0.119292
v -3.334136 2.741753 -0.109631
v -3.334005 2.782524 -0.133008
v -3.334096 2.754237 -0.111480
v -3.334096 2.754237 -0.111480
v -3.334073 2.761538 -0.113723
v -3.334049 2.769000 -0.118001
v -3.339240 2.741274 -0.110516
v -3.339216 2.782033 -0.133913
v -3.340990 2.753588 -0.112676
v -3.340990 2.753588 -0.112676
v -3.341628 2.760825 -0.115033
v -3.341624 2.768285 -0.119315
v -3.343570 2.739848 -0.113022
v -3.343635 2.780576 -0.136473
v -3.346838 2.751659 -0.116060
v -3.346838 2.751659 -0.116060
v -3.348038 2.758711 -0.118742
v -3.348050 2.766165 -0.123034
v -3.346468 2.737691 -0.116766
v -3.346592 2.778375 -0.140296
v -3.350751 2.748745 -0.121116
v -3.350751 2.748745 -0.121116
v -3.352327 2.755517 -0.124285
v -3.352350 2.762963 -0.128591
v -3.347491 2.735132 -0.121180
v -3.347636 2.775763 -0.144800
v -3.352132 2.745289 -0.127077
v -3.352132 2.745289 -0.127077
v -3.353841 2.751729 -0.130817
v -3.353868 2.759165 -0.135140
v -3.346484 2.732561 -0.125590
v -3.346608 2.773139 -0.149301
v -3.350772 2.741818 -0.133033
v -3.350772 2.741818 -0.133033
v -3.352350 2.747924 -0.137345
v -3.352373 2.755350 -0.141685
v -3.343599 2.730370 -0.129325
v -3.343664 2.770902 -0.153114
v -3.346877 2.738859 -0.138078
v -3.346877 2.738859 -0.138078
v -3.348080 2.744681 -0.142875
v -3.348092 2.752099 -0.147229
v -3.339277 2.728892 -0.131815
v -3.339253 2.769392 -0.155658
v -3.341040 2.736864 -0.141443
v -3.341040 2.736864 -0.141443
v -3.341683 2.742495 -0.146564
v -3.341680 2.749907 -0.150928
v -3.332098 2.598549 -0.048779
v -3.329978 2.599248 -0.047552
v -3.328561 2.600304 -0.045720
v -3.328061 2.601557 -0.043560
v -3.328553 2.602815 -0.041402
v -3.329965 2.603887 -0.039573
v -3.332079 2.604609 -0.038353
v -3.334576 2.604873 -0.037928
v -3.337075 2.604637 -0.038361
v -3.339194 2.603938 -0.039587
v -3.340611 2.602881 -0.041419
v -3.341112 2.601629 -0.043579
v -3.340619 2.600371 -0.045738
v -3.339208 2.599299 -0.047566
v -3.337093 2.598577 -0.048786
v -3.334596 2.598313 -0.049212
v -3.341671 2.629951 -0.060043
v -3.341112 2.601629 -0.043579
v -3.337231 2.633258 -0.054305
v -3.337075 2.604637 -0.038361
v -3.329414 2.632433 -0.055639
v -3.329965 2.603887 -0.039573
v -3.327870 2.628494 -0.062397
v -3.328561 2.600304 -0.045720
v -3.337251 2.626594 -0.065768
v -3.334506 2.626305 -0.066236
v -3.341128 2.628567 -0.062416
v -3.339561 2.632489 -0.055654
v -3.331739 2.633228 -0.054297
v -3.327319 2.629872 -0.060022
v -3.331759 2.626564 -0.065760
v -3.337093 2.598577 -0.048786
v -3.341120 2.631328 -0.057668
v -3.340611 2.602881 -0.041419
v -3.334484 2.633517 -0.053829
v -3.334576 2.604873 -0.037928
v -3.327861 2.631254 -0.057649
v -3.328553 2.602815 -0.041402
v -3.329429 2.627333 -0.064412
v -3.329978 2.599248 -0.047552
v -3.339576 2.627389 -0.064426
v -3.334596 2.598313 -0.049212
v -3.339208 2.599299 -0.047566
v -3.332098 2.598549 -0.048779
v -3.328061 2.601557 -0.043560
v -3.332079 2.604609 -0.038353
v -3.339194 2.603938 -0.039587
v -3.340619 2.600371 -0.045738
v -3.343466 2.605401 -0.045768
v -3.343775 2.626377 -0.057962
v -3.346724 2.610619 -0.048796
v -3.346724 2.610619 -0.048796
v -3.347937 2.613934 -0.050721
v -3.347993 2.617773 -0.052953
v -3.337964 2.609496 -0.038657
v -3.338041 2.630648 -0.050549
v -3.339196 2.616225 -0.039067
v -3.339196 2.616225 -0.039067
v -3.339652 2.620105 -0.040013
v -3.339666 2.623976 -0.042190
v -3.328280 2.608469 -0.040308
v -3.327941 2.629578 -0.052267
v -3.325943 2.614824 -0.041327
v -3.325943 2.614824 -0.041327
v -3.325065 2.618564 -0.042501
v -3.325003 2.622427 -0.044690
v -3.326368 2.603589 -0.048679
v -3.325945 2.624488 -0.060999
v -3.323326 2.608146 -0.052784
v -3.323326 2.608146 -0.052784
v -3.322185 2.611214 -0.055112
v -3.322107 2.615039 -0.057367
v -3.337989 2.601239 -0.052859
v -3.338067 2.622039 -0.065356
v -3.339230 2.604927 -0.058501
v -3.339230 2.604927 -0.058501
v -3.339689 2.607670 -0.061403
v -3.339704 2.611477 -0.063690
v -3.342784 2.607106 -0.042824
v -3.343064 2.628156 -0.054895
v -3.345791 2.612954 -0.044769
v -3.345791 2.612954 -0.044769
v -3.346910 2.616504 -0.046289
v -3.346961 2.620356 -0.048498
v -3.334561 2.609815 -0.038067
v -3.334492 2.630981 -0.049932
v -3.334539 2.616663 -0.038259
v -3.334539 2.616663 -0.038259
v -3.334526 2.620588 -0.039125
v -3.334514 2.624462 -0.041296
v -3.326358 2.607008 -0.042798
v -3.325935 2.628055 -0.054864
v -3.323312 2.612825 -0.044735
v -3.323312 2.612825 -0.044735
v -3.322169 2.616365 -0.046252
v -3.322091 2.620217 -0.048460
v -3.328299 2.602151 -0.051175
v -3.327960 2.622988 -0.063603
v -3.325969 2.606178 -0.056199
v -3.325969 2.606178 -0.056199
v -3.325093 2.609047 -0.058871
v -3.325031 2.612861 -0.061146
v -3.334521 2.621664 -0.065961
v -3.334588 2.600880 -0.053438
v -3.334554 2.610933 -0.064568
v -3.334567 2.607129 -0.062276
v -3.334576 2.604435 -0.059294
v -3.334576 2.604435 -0.059294
v -3.340871 2.602225 -0.051199
v -3.341070 2.623067 -0.063624
v -3.343173 2.606274 -0.056227
v -3.343173 2.606274 -0.056227
v -3.344029 2.609153 -0.058900
v -3.344065 2.612968 -0.061174
v -3.331185 2.601199 -0.052846
v -3.330972 2.621996 -0.065345
v -3.329919 2.604874 -0.058486
v -3.329919 2.604874 -0.058486
v -3.329441 2.607613 -0.061388
v -3.329402 2.611419 -0.063675
v -3.325687 2.605294 -0.045737
v -3.325234 2.626267 -0.057930
v -3.322394 2.610480 -0.048758
v -3.322394 2.610480 -0.048758
v -3.321158 2.613783 -0.050680
v -3.321075 2.617622 -0.052912
v -3.331160 2.609454 -0.038647
v -3.330946 2.630606 -0.050535
v -3.329885 2.616171 -0.039053
v -3.329885 2.616171 -0.039053
v -3.329404 2.620047 -0.039998
v -3.329365 2.623918 -0.042174
v -3.340852 2.608545 -0.040328
v -3.341051 2.629655 -0.052291
v -3.343147 2.614922 -0.041353
v -3.343147 2.614922 -0.041353
v -3.344000 2.618670 -0.042530
v -3.344037 2.622534 -0.044719
v -3.342795 2.603686 -0.048708
v -3.343074 2.624590 -0.061027
v -3.345804 2.608273 -0.052819
v -3.345804 2.608273 -0.052819
v -3.346925 2.611352 -0.055149
v -3.346977 2.615179 -0.057404
v -3.334823 2.526893 -0.019960
v -3.334362 2.662692 -0.267040
v -3.332853 2.527225 -0.019761
v -3.330766 2.663297 -0.266677
v -3.331181 2.528187 -0.019205
v -3.327714 2.665053 -0.265662
v -3.330060 2.529633 -0.018376
v -3.325670 2.667692 -0.264149
v -3.329664 2.531343 -0.017401
v -3.324946 2.670812 -0.262369
v -3.330051 2.533056 -0.016427
v -3.325651 2.673938 -0.260593
v -3.331162 2.534512 -0.015604
v -3.327679 2.676594 -0.259090
v -3.332829 2.535489 -0.015056
v -3.330721 2.678377 -0.258091
v -3.334797 2.535838 -0.014867
v -3.334313 2.679014 -0.257746
v -3.336767 2.535506 -0.015066
v -3.337908 2.678409 -0.258109
v -3.338440 2.534544 -0.015622
v -3.340961 2.676653 -0.259124
v -3.339560 2.533098 -0.016451
v -3.343004 2.674015 -0.260637
v -3.339957 2.531388 -0.017427
v -3.343728 2.670895 -0.262417
v -3.339571 2.529675 -0.018400
v -3.343023 2.667768 -0.264193
v -3.338459 2.528219 -0.019224
v -3.340995 2.665112 -0.265696
v -3.336792 2.527242 -0.019771
v -3.337954 2.663329 -0.266695
v -3.334475 2.629125 -0.208086
v -3.330880 2.629730 -0.207723
v -3.327828 2.631486 -0.206709
v -3.325784 2.634124 -0.205195
v -3.325061 2.637244 -0.203416
v -3.325765 2.640370 -0.201639
v -3.327794 2.643027 -0.200137
v -3.330835 2.644810 -0.199137
v -3.334426 2.645447 -0.198793
v -3.338022 2.644842 -0.199156
v -3.341074 2.643086 -0.200170
v -3.343118 2.640448 -0.201683
v -3.343842 2.637328 -0.203463
v -3.343137 2.634201 -0.205240
v -3.341109 2.631545 -0.206742
v -3.338068 2.629762 -0.207742
v -3.334658 2.575763 -0.109889
v -3.337402 2.576250 -0.109626
v -3.339725 2.577611 -0.108862
v -3.341275 2.579641 -0.107714
v -3.341814 2.582030 -0.106357
v -3.341261 2.584414 -0.104997
v -3.339699 2.586430 -0.103841
v -3.337368 2.587771 -0.103066
v -3.334620 2.588234 -0.102788
v -3.331875 2.587747 -0.103052
v -3.329551 2.586385 -0.103816
v -3.328002 2.584355 -0.104964
v -3.327463 2.581966 -0.106321
v -3.328016 2.579583 -0.107681
v -3.329578 2.577566 -0.108837
v -3.331910 2.576225 -0.109612
v -3.334391 2.653599 -0.259602
v -3.334470 2.630589 -0.218623
v -3.334439 2.638715 -0.245944
v -3.334454 2.634504 -0.238444
v -3.334462 2.632327 -0.231123
v -3.334462 2.632327 -0.231123
v -3.329365 2.631448 -0.218105
v -3.329179 2.654474 -0.259074
v -3.327567 2.633487 -0.230426
v -3.327567 2.633487 -0.230426
v -3.326896 2.635776 -0.237680
v -3.326862 2.639989 -0.245178
v -3.325034 2.633940 -0.216662
v -3.324754 2.657017 -0.257601
v -3.321716 2.636853 -0.228478
v -3.321716 2.636853 -0.228478
v -3.320482 2.639465 -0.235546
v -3.320431 2.643688 -0.243039
v -3.322133 2.637684 -0.214513
v -3.321790 2.660841 -0.255406
v -3.317797 2.641912 -0.225577
v -3.317797 2.641912 -0.225577
v -3.316187 2.645010 -0.232367
v -3.316124 2.649248 -0.239851
v -3.321105 2.642112 -0.211985
v -3.320740 2.665365 -0.252825
v -3.316408 2.647893 -0.222164
v -3.316408 2.647893 -0.222164
v -3.314665 2.651567 -0.228626
v -3.314598 2.655823 -0.236099
v -3.322106 2.646550 -0.209465
v -3.321762 2.669898 -0.250250
v -3.317761 2.653888 -0.218758
v -3.317761 2.653888 -0.218758
v -3.316148 2.658138 -0.224892
v -3.316085 2.662411 -0.232356
v -3.324984 2.650322 -0.207334
v -3.324703 2.673749 -0.248073
v -3.321649 2.658982 -0.215879
v -3.321649 2.658982 -0.215879
v -3.320410 2.663722 -0.221735
v -3.320358 2.668009 -0.229191
v -3.329301 2.652854 -0.205916
v -3.329113 2.676334 -0.246627
v -3.327480 2.662402 -0.213962
v -3.327480 2.662402 -0.213962
v -3.326802 2.667469 -0.219635
v -3.326767 2.671766 -0.227085
v -3.334400 2.653761 -0.205429
v -3.334320 2.677259 -0.246130
v -3.334368 2.663624 -0.213302
v -3.334368 2.663624 -0.213302
v -3.334351 2.668809 -0.218911
v -3.334336 2.673109 -0.226360
v -3.339505 2.652904 -0.205946
v -3.339532 2.676382 -0.246659
v -3.341263 2.662465 -0.213999
v -3.341263 2.662465 -0.213999
v -3.341908 2.667537 -0.219674
v -3.341914 2.671834 -0.227125
v -3.343839 2.650413 -0.207389
v -3.343955 2.673838 -0.248133
v -3.347116 2.659099 -0.215946
v -3.347116 2.659099 -0.215946
v -3.348323 2.663847 -0.221808
v -3.348344 2.668135 -0.229265
v -3.346741 2.646668 -0.209538
v -3.346917 2.670014 -0.250326
v -3.351035 2.654040 -0.218848
v -3.351035 2.654040 -0.218848
v -3.352618 2.658302 -0.224988
v -3.352651 2.662575 -0.232453
v -3.347770 2.642238 -0.212066
v -3.347967 2.665493 -0.252907
v -3.352424 2.648057 -0.222261
v -3.352424 2.648057 -0.222261
v -3.354141 2.651745 -0.228729
v -3.354177 2.656001 -0.236204
v -3.346768 2.637798 -0.214588
v -3.346944 2.660962 -0.255481
v -3.351071 2.642062 -0.225668
v -3.351071 2.642062 -0.225668
v -3.352659 2.645174 -0.232463
v -3.352690 2.649413 -0.239947
v -3.343888 2.634026 -0.216720
v -3.344005 2.657110 -0.257657
v -3.347182 2.636967 -0.228548
v -3.347182 2.636967 -0.228548
v -3.348396 2.639590 -0.235620
v -3.348417 2.643815 -0.243112
v -3.339569 2.631494 -0.218137
v -3.339598 2.654524 -0.259104
v -3.341350 2.633548 -0.230464
v -3.341350 2.633548 -0.230464
v -3.342003 2.635843 -0.237720
v -3.342009 2.640058 -0.245218
v -3.332212 2.560540 -0.080851
v -3.330091 2.561760 -0.080146
v -3.328671 2.563593 -0.079094
v -3.328167 2.565762 -0.077857
v -3.328658 2.567934 -0.076623
v -3.330067 2.569780 -0.075579
v -3.332180 2.571019 -0.074884
v -3.334677 2.571462 -0.074645
v -3.337176 2.571041 -0.074897
v -3.339296 2.569821 -0.075602
v -3.340717 2.567988 -0.076654
v -3.341219 2.565820 -0.077890
v -3.340729 2.563647 -0.079125
v -3.339320 2.561801 -0.080169
v -3.337207 2.560562 -0.080864
v -3.334710 2.560119 -0.081103
v -3.341814 2.582030 -0.106357
v -3.341219 2.565820 -0.077890
v -3.337368 2.587771 -0.103066
v -3.337176 2.571041 -0.074897
v -3.329551 2.586385 -0.103816
v -3.330067 2.569780 -0.075579
v -3.328016 2.579583 -0.107681
v -3.328671 2.563593 -0.079094
v -3.337402 2.576250 -0.109626
v -3.334658 2.575763 -0.109889
v -3.341275 2.579641 -0.107714
v -3.339699 2.586430 -0.103841
v -3.331875 2.587747 -0.103052
v -3.327463 2.581966 -0.106321
v -3.331910 2.576225 -0.109612
v -3.337207 2.560562 -0.080864
v -3.341261 2.584414 -0.104997
v -3.340717 2.567988 -0.076654
v -3.334620 2.588234 -0.102788
v -3.334677 2.571462 -0.074645
v -3.328002 2.584355 -0.104964
v -3.328658 2.567934 -0.076623
v -3.329578 2.577566 -0.108837
v -3.330091 2.561760 -0.080146
v -3.339725 2.577611 -0.108862
v -3.334710 2.560119 -0.081103
v -3.339320 2.561801 -0.080169
v -3.332212 2.560540 -0.080851
v -3.328167 2.565762 -0.077857
v -3.332180 2.571019 -0.074884
v -3.339296 2.569821 -0.075602
v -3.340729 2.563647 -0.079125
v -3.343579 2.567981 -0.081674
v -3.343914 2.579988 -0.102759
v -3.346843 2.570972 -0.086910
v -3.346843 2.570972 -0.086910
v -3.348060 2.572871 -0.090239
v -3.348121 2.575068 -0.094098
v -3.338067 2.575094 -0.077594
v -3.338171 2.587403 -0.098505
v -3.339302 2.580705 -0.081328
v -3.339302 2.580705 -0.081328
v -3.339762 2.583584 -0.084096
v -3.339781 2.585837 -0.087923
v -3.328385 2.573371 -0.078519
v -3.328073 2.585611 -0.099469
v -3.326052 2.578353 -0.082598
v -3.326052 2.578353 -0.082598
v -3.325177 2.580996 -0.085494
v -3.325120 2.583236 -0.089328
v -3.326484 2.564945 -0.083306
v -3.326088 2.576821 -0.104462
v -3.323450 2.566821 -0.089150
v -3.323450 2.566821 -0.089150
v -3.322313 2.568303 -0.092707
v -3.322241 2.570476 -0.096578
v -3.338110 2.560817 -0.085722
v -3.338215 2.572519 -0.106980
v -3.339361 2.561171 -0.092451
v -3.339361 2.561171 -0.092451
v -3.339826 2.562084 -0.096338
v -3.339845 2.564225 -0.100229
v -3.342892 2.570935 -0.079988
v -3.343199 2.583066 -0.101002
v -3.345904 2.575014 -0.084604
v -3.345904 2.575014 -0.084604
v -3.347027 2.577319 -0.087701
v -3.347083 2.579540 -0.091546
v -3.334663 2.575665 -0.077249
v -3.334621 2.588000 -0.098145
v -3.334645 2.581489 -0.080858
v -3.334645 2.581489 -0.080858
v -3.334635 2.584446 -0.083578
v -3.334627 2.586704 -0.087403
v -3.326467 2.570857 -0.079940
v -3.326070 2.582988 -0.100951
v -3.323426 2.574911 -0.084544
v -3.323426 2.574911 -0.084544
v -3.322286 2.577208 -0.087636
v -3.322214 2.579428 -0.091481
v -3.328418 2.562448 -0.084739
v -3.328106 2.574216 -0.105957
v -3.326097 2.563403 -0.091110
v -3.326097 2.563403 -0.091110
v -3.325227 2.564541 -0.094863
v -3.325170 2.566695 -0.098746
v -3.334670 2.571889 -0.107319
v -3.334710 2.560214 -0.086046
v -3.334697 2.563312 -0.100722
v -3.334705 2.561175 -0.096829
v -3.334708 2.560345 -0.092897
v -3.334708 2.560345 -0.092897
v -3.340990 2.562505 -0.084778
v -3.341217 2.574279 -0.105994
v -3.343301 2.563480 -0.091157
v -3.343301 2.563480 -0.091157
v -3.344162 2.564625 -0.094913
v -3.344204 2.566780 -0.098797
v -3.331306 2.560787 -0.085701
v -3.331120 2.572484 -0.106960
v -3.330050 2.561129 -0.092426
v -3.330050 2.561129 -0.092426
v -3.329578 2.562038 -0.096311
v -3.329544 2.564178 -0.100202
v -3.325799 2.567898 -0.081621
v -3.325373 2.579901 -0.102704
v -3.322512 2.570862 -0.086844
v -3.322512 2.570862 -0.086844
v -3.321280 2.572751 -0.090169
v -3.321203 2.574948 -0.094027
v -3.331264 2.575060 -0.077574
v -3.331075 2.587371 -0.098483
v -3.329992 2.580662 -0.081304
v -3.329992 2.580662 -0.081304
v -3.329514 2.583538 -0.084069
v -3.329480 2.585791 -0.087896
v -3.340957 2.573432 -0.078556
v -3.341182 2.585670 -0.099508
v -3.343256 2.578432 -0.082644
v -3.343256 2.578432 -0.082644
v -3.344113 2.581081 -0.085544
v -3.344155 2.583321 -0.089378
v -3.342910 2.565021 -0.083356
v -3.343217 2.576902 -0.104512
v -3.345928 2.566922 -0.089211
v -3.345928 2.566922 -0.089211
v -3.347054 2.568413 -0.092772
v -3.347110 2.570588 -0.096644
v -3.334865 2.513077 -0.019919
v -3.334831 2.506299 -0.301777
v -3.332895 2.513463 -0.019917
v -3.331235 2.507003 -0.301773
v -3.331222 2.514573 -0.019922
v -3.328182 2.509029 -0.301783
v -3.330101 2.516239 -0.019934
v -3.326137 2.512070 -0.301804
v -3.329703 2.518208 -0.019951
v -3.325411 2.515662 -0.301834
v -3.330089 2.520178 -0.019969
v -3.326115 2.519258 -0.301869
v -3.331200 2.521851 -0.019988
v -3.328142 2.522310 -0.301902
v -3.332866 2.522972 -0.020003
v -3.331182 2.524355 -0.301929
v -3.334834 2.523369 -0.020012
v -3.334775 2.525080 -0.301946
v -3.336805 2.522983 -0.020014
v -3.338370 2.524376 -0.301950
v -3.338478 2.521873 -0.020009
v -3.341424 2.522349 -0.301941
v -3.339599 2.520206 -0.019997
v -3.343468 2.519309 -0.301919
v -3.339996 2.518238 -0.019981
v -3.344194 2.515718 -0.301889
v -3.339610 2.516268 -0.019962
v -3.343490 2.512122 -0.301855
v -3.338499 2.514595 -0.019944
v -3.341463 2.509069 -0.301822
v -3.336834 2.513474 -0.019929
v -3.338422 2.507024 -0.301794
v -3.334842 2.506908 -0.233940
v -3.331246 2.507613 -0.233936
v -3.328194 2.509639 -0.233945
v -3.326149 2.512680 -0.233967
v -3.325423 2.516271 -0.233997
v -3.326127 2.519867 -0.234031
v -3.328154 2.522920 -0.234065
v -3.331194 2.524964 -0.234092
v -3.334786 2.525690 -0.234109
v -3.338382 2.524986 -0.234113
v -3.341435 2.522959 -0.234103
v -3.343480 2.519919 -0.234082
v -3.344205 2.516327 -0.234052
v -3.343501 2.512731 -0.234018
v -3.341475 2.509679 -0.233984
v -3.338434 2.507634 -0.233957
v -3.334854 2.510128 -0.122227
v -3.337599 2.510682 -0.122240
v -3.339922 2.512245 -0.122261
v -3.341470 2.514577 -0.122286
v -3.342008 2.517325 -0.122312
v -3.341454 2.520069 -0.122335
v -3.339891 2.522392 -0.122352
v -3.337559 2.523941 -0.122359
v -3.334811 2.524478 -0.122356
v -3.332067 2.523924 -0.122343
v -3.329743 2.522362 -0.122322
v -3.328195 2.520030 -0.122297
v -3.327657 2.517282 -0.122270
v -3.328212 2.514537 -0.122247
v -3.329774 2.512215 -0.122231
v -3.332106 2.510666 -0.122224
v -3.334845 2.502175 -0.290777
v -3.334852 2.502879 -0.243785
v -3.334867 2.496172 -0.271489
v -3.334868 2.496301 -0.262888
v -3.334864 2.498098 -0.255465
v -3.334864 2.498098 -0.255465
v -3.329748 2.503879 -0.243777
v -3.329632 2.503195 -0.290769
v -3.327969 2.499448 -0.255456
v -3.327969 2.499448 -0.255456
v -3.327311 2.497781 -0.262879
v -3.327289 2.497656 -0.271479
v -3.325415 2.506757 -0.243788
v -3.325206 2.506132 -0.290780
v -3.322116 2.503335 -0.255473
v -3.322116 2.503335 -0.255473
v -3.320894 2.502041 -0.262898
v -3.320856 2.501927 -0.271498
v -3.322513 2.511073 -0.243816
v -3.322240 2.510540 -0.290809
v -3.318195 2.509165 -0.255513
v -3.318195 2.509165 -0.255513
v -3.316597 2.508431 -0.262942
v -3.316547 2.508334 -0.271543
v -3.321483 2.516171 -0.243859
v -3.321188 2.515748 -0.290852
v -3.316804 2.516052 -0.255571
v -3.316804 2.516052 -0.255571
v -3.315071 2.515980 -0.263006
v -3.315018 2.515902 -0.271606
v -3.322482 2.521275 -0.243908
v -3.322209 2.520962 -0.290903
v -3.318154 2.522946 -0.255637
v -3.318154 2.522946 -0.255637
v -3.316551 2.523537 -0.263078
v -3.316501 2.523480 -0.271679
v -3.325358 2.525608 -0.243957
v -3.325148 2.525386 -0.290953
v -3.322040 2.528800 -0.255702
v -3.322040 2.528800 -0.255702
v -3.320811 2.529953 -0.263149
v -3.320772 2.529912 -0.271749
v -3.329674 2.528511 -0.243998
v -3.329556 2.528350 -0.290994
v -3.327869 2.532721 -0.255755
v -3.327869 2.532721 -0.255755
v -3.327201 2.534250 -0.263207
v -3.327179 2.534221 -0.271808
v -3.334772 2.529542 -0.244025
v -3.334764 2.529401 -0.291021
v -3.334756 2.534112 -0.255789
v -3.334756 2.534112 -0.255789
v -3.334750 2.535776 -0.263243
v -3.334749 2.535750 -0.271844
v -3.339878 2.528543 -0.244033
v -3.339976 2.528379 -0.291030
v -3.341652 2.532762 -0.255798
v -3.341652 2.532762 -0.255798
v -3.342308 2.534296 -0.263252
v -3.342326 2.534266 -0.271854
v -3.344213 2.525667 -0.244022
v -3.344400 2.525441 -0.291019
v -3.347506 2.528876 -0.255781
v -3.347506 2.528876 -0.255781
v -3.348724 2.530036 -0.263233
v -3.348759 2.529995 -0.271834
v -3.347117 2.521350 -0.243994
v -3.347364 2.521034 -0.290989
v -3.351429 2.523046 -0.255741
v -3.351429 2.523046 -0.255741
v -3.353022 2.523646 -0.263189
v -3.353068 2.523588 -0.271790
v -3.348148 2.516250 -0.243951
v -3.348415 2.515829 -0.290946
v -3.352819 2.516159 -0.255683
v -3.352819 2.516159 -0.255683
v -3.354548 2.516097 -0.263125
v -3.354597 2.516020 -0.271726
v -3.347147 2.511144 -0.243902
v -3.347395 2.510617 -0.290896
v -3.351470 2.509263 -0.255617
v -3.351470 2.509263 -0.255617
v -3.353068 2.508539 -0.263053
v -3.353113 2.508442 -0.271654
v -3.344269 2.506810 -0.243853
v -3.344458 2.506192 -0.290846
v -3.347582 2.503409 -0.255552
v -3.347582 2.503409 -0.255552
v -3.348808 2.502123 -0.262982
v -3.348842 2.502010 -0.271583
v -3.339952 2.503908 -0.243812
v -3.340051 2.503227 -0.290804
v -3.341752 2.499488 -0.255499
v -3.341752 2.499488 -0.255499
v -3.342417 2.497825 -0.262925
v -3.342436 2.497701 -0.271525
v -3.332359 2.511561 -0.089476
v -3.330237 2.512969 -0.089482
v -3.328816 2.515083 -0.089497
v -3.328312 2.517578 -0.089518
v -3.328801 2.520077 -0.089542
v -3.330210 2.522198 -0.089565
v -3.332323 2.523619 -0.089584
v -3.334818 2.524123 -0.089595
v -3.337318 2.523634 -0.089598
v -3.339439 2.522226 -0.089592
v -3.340860 2.520113 -0.089577
v -3.341364 2.517617 -0.089556
v -3.340875 2.515118 -0.089532
v -3.339466 2.512997 -0.089509
v -3.337354 2.511576 -0.089490
v -3.334857 2.511072 -0.089478
v -3.342008 2.517325 -0.122312
v -3.341364 2.517617 -0.089556
v -3.337559 2.523941 -0.122359
v -3.337318 2.523634 -0.089598
v -3.329743 2.522362 -0.122322
v -3.330210 2.522198 -0.089565
v -3.328212 2.514537 -0.122247
v -3.328816 2.515083 -0.089497
v -3.337599 2.510682 -0.122240
v -3.334854 2.510128 -0.122227
v -3.341470 2.514577 -0.122286
v -3.339891 2.522392 -0.122352
v -3.332067 2.523924 -0.122343
v -3.327657 2.517282 -0.122270
v -3.332106 2.510666 -0.122224
v -3.337354 2.511576 -0.089490
v -3.341454 2.520069 -0.122335
v -3.340860 2.520113 -0.089577
v -3.334811 2.524478 -0.122356
v -3.334818 2.524123 -0.089595
v -3.328195 2.520030 -0.122297
v -3.328801 2.520077 -0.089542
v -3.329774 2.512215 -0.122231
v -3.330237 2.512969 -0.089482
v -3.339922 2.512245 -0.122261
v -3.334857 2.511072 -0.089478
v -3.339466 2.512997 -0.089509
v -3.332359 2.511561 -0.089476
v -3.328312 2.517578 -0.089518
v -3.332323 2.523619 -0.089584
v -3.339439 2.522226 -0.089592
v -3.340875 2.515118 -0.089532
v -3.343730 2.517585 -0.093910
v -3.344101 2.517368 -0.118172
v -3.347003 2.517540 -0.099935
v -3.347003 2.517540 -0.099935
v -3.348226 2.517510 -0.103765
v -3.348294 2.517470 -0.108205
v -3.338215 2.525783 -0.093965
v -3.338355 2.525915 -0.118230
v -3.339458 2.528758 -0.100012
v -3.339458 2.528758 -0.100012
v -3.339923 2.529856 -0.103851
v -3.339948 2.529880 -0.108292
v -3.328534 2.523824 -0.093915
v -3.328258 2.523877 -0.118177
v -3.326209 2.526080 -0.099947
v -3.326209 2.526080 -0.099947
v -3.325340 2.526909 -0.103781
v -3.325289 2.526919 -0.108222
v -3.326637 2.514133 -0.093821
v -3.326277 2.513767 -0.118080
v -3.323612 2.512816 -0.099820
v -3.323612 2.512816 -0.099820
v -3.322481 2.512310 -0.103641
v -3.322415 2.512242 -0.108081
v -3.338264 2.509355 -0.093817
v -3.338406 2.508788 -0.118076
v -3.339526 2.506279 -0.099810
v -3.339526 2.506279 -0.099810
v -3.339997 2.505115 -0.103629
v -3.340023 2.505011 -0.108069
v -3.343043 2.520986 -0.093938
v -3.343385 2.520913 -0.118202
v -3.346063 2.522194 -0.099973
v -3.346063 2.522194 -0.099973
v -3.347191 2.522631 -0.103808
v -3.347254 2.522617 -0.108249
v -3.334811 2.526448 -0.093959
v -3.334806 2.526611 -0.118224
v -3.334800 2.529669 -0.100006
v -3.334800 2.529669 -0.100006
v -3.334795 2.530859 -0.103845
v -3.334795 2.530889 -0.108285
v -3.326616 2.520935 -0.093882
v -3.326256 2.520864 -0.118143
v -3.323584 2.522126 -0.099904
v -3.323584 2.522126 -0.099904
v -3.322450 2.522557 -0.103733
v -3.322384 2.522544 -0.108173
v -3.328572 2.511255 -0.093801
v -3.328297 2.510765 -0.118060
v -3.326261 2.508878 -0.099793
v -3.326261 2.508878 -0.099793
v -3.325397 2.507975 -0.103611
v -3.325346 2.507885 -0.108051
v -3.334861 2.508070 -0.118058
v -3.334864 2.508669 -0.093800
v -3.334875 2.503972 -0.108044
v -3.334876 2.504081 -0.103604
v -3.334873 2.505340 -0.099787
v -3.334873 2.505340 -0.099787
v -3.341144 2.511290 -0.093844
v -3.341407 2.510806 -0.118104
v -3.343465 2.508928 -0.099846
v -3.343465 2.508928 -0.099846
v -3.344332 2.508030 -0.103668
v -3.344380 2.507942 -0.108108
v -3.331460 2.509336 -0.093794
v -3.331311 2.508765 -0.118052
v -3.330215 2.506252 -0.099781
v -3.330215 2.506252 -0.099781
v -3.329749 2.505085 -0.103598
v -3.329721 2.504980 -0.108037
v -3.325950 2.517532 -0.093849
v -3.325561 2.517313 -0.118109
v -3.322672 2.517468 -0.099859
v -3.322672 2.517468 -0.099859
v -3.321447 2.517430 -0.103684
v -3.321376 2.517390 -0.108124
v -3.331411 2.525760 -0.093941
v -3.331260 2.525895 -0.118206
v -3.330147 2.528729 -0.099983
v -3.330147 2.528729 -0.099983
v -3.329675 2.529825 -0.103820
v -3.329647 2.529849 -0.108261
v -3.341106 2.523864 -0.093958
v -3.341368 2.523914 -0.118222
v -3.343413 2.526132 -0.100001
v -3.343413 2.526132 -0.100001
v -3.344275 2.526966 -0.103838
v -3.344323 2.526975 -0.108279
v -3.343063 2.514180 -0.093877
v -3.343407 2.513819 -0.118138
v -3.346091 2.512882 -0.099890
v -3.346091 2.512882 -0.099890
v -3.347222 2.512383 -0.103716
v -3.347285 2.512317 -0.108156
v -3.334901 2.501153 -0.012940
v -3.335289 2.353634 -0.253207
v -3.332931 2.501487 -0.013135
v -3.331693 2.354243 -0.253562
v -3.331258 2.502443 -0.013700
v -3.328641 2.355989 -0.254593
v -3.330138 2.503878 -0.014550
v -3.326597 2.358606 -0.256143
v -3.329741 2.505571 -0.015554
v -3.325873 2.361696 -0.257976
v -3.330128 2.507265 -0.016560
v -3.326579 2.364788 -0.259812
v -3.331239 2.508702 -0.017414
v -3.328607 2.367411 -0.261372
v -3.332906 2.509665 -0.017988
v -3.331648 2.369166 -0.262418
v -3.334874 2.510004 -0.018193
v -3.335240 2.369786 -0.262792
v -3.336845 2.509670 -0.017998
v -3.338836 2.369177 -0.262436
v -3.338517 2.508713 -0.017433
v -3.341888 2.367431 -0.261405
v -3.339637 2.507279 -0.016584
v -3.343931 2.364814 -0.259855
v -3.340034 2.505586 -0.015580
v -3.344656 2.361724 -0.258023
v -3.339648 2.503892 -0.014573
v -3.343950 2.358632 -0.256187
v -3.338536 2.502454 -0.013718
v -3.341922 2.356009 -0.254627
v -3.336869 2.501493 -0.013145
v -3.338881 2.354254 -0.253580
v -3.335198 2.388255 -0.194866
v -3.331602 2.388865 -0.195221
v -3.328551 2.390611 -0.196253
v -3.326506 2.393228 -0.197802
v -3.325783 2.396317 -0.199635
v -3.326488 2.399409 -0.201471
v -3.328516 2.402032 -0.203031
v -3.331557 2.403788 -0.204077
v -3.335149 2.404408 -0.204451
v -3.338746 2.403799 -0.204095
v -3.341797 2.402052 -0.203064
v -3.343841 2.399436 -0.201515
v -3.344565 2.396346 -0.199682
v -3.343860 2.393254 -0.197846
v -3.341831 2.390631 -0.196286
v -3.338790 2.388876 -0.195240
v -3.335043 2.447185 -0.099905
v -3.337787 2.447659 -0.100191
v -3.340111 2.449000 -0.100991
v -3.341661 2.451004 -0.102183
v -3.342200 2.453366 -0.103585
v -3.341647 2.455727 -0.104985
v -3.340085 2.457726 -0.106169
v -3.337753 2.459061 -0.106958
v -3.335006 2.459527 -0.107229
v -3.332261 2.459052 -0.106944
v -3.329937 2.457711 -0.106144
v -3.328387 2.455707 -0.104952
v -3.327849 2.453345 -0.103550
v -3.328402 2.450984 -0.102149
v -3.329964 2.448985 -0.100965
v -3.332295 2.447650 -0.100177
v -3.335285 2.355598 -0.241624
v -3.335222 2.379824 -0.201352
v -3.335275 2.360102 -0.221931
v -3.335263 2.364536 -0.214561
v -3.335249 2.369821 -0.209047
v -3.335249 2.369821 -0.209047
v -3.330117 2.380691 -0.201855
v -3.330072 2.356482 -0.242136
v -3.328354 2.370990 -0.209728
v -3.328354 2.370990 -0.209728
v -3.327706 2.365817 -0.215308
v -3.327698 2.361387 -0.222680
v -3.325785 2.383171 -0.203318
v -3.325647 2.359014 -0.243630
v -3.322503 2.374339 -0.211705
v -3.322503 2.374339 -0.211705
v -3.321292 2.369487 -0.217475
v -3.321267 2.365067 -0.224853
v -3.322885 2.386887 -0.205516
v -3.322684 2.362809 -0.245875
v -3.318585 2.379357 -0.214675
v -3.318585 2.379357 -0.214675
v -3.316997 2.374988 -0.220732
v -3.316960 2.370581 -0.228118
v -3.321858 2.391273 -0.208116
v -3.321634 2.367288 -0.248531
v -3.317196 2.385281 -0.218189
v -3.317196 2.385281 -0.218189
v -3.315475 2.381481 -0.224583
v -3.315434 2.377092 -0.231979
v -3.322859 2.395661 -0.210722
v -3.322657 2.371770 -0.251193
v -3.318549 2.391209 -0.221709
v -3.318549 2.391209 -0.221709
v -3.316958 2.387980 -0.228441
v -3.316921 2.383607 -0.235848
v -3.325737 2.399383 -0.212938
v -3.325598 2.375573 -0.253456
v -3.322437 2.396238 -0.224701
v -3.322437 2.396238 -0.224701
v -3.321220 2.393492 -0.231721
v -3.321194 2.389134 -0.239136
v -3.330053 2.401874 -0.214426
v -3.330007 2.378115 -0.254975
v -3.328269 2.399604 -0.226709
v -3.328269 2.399604 -0.226709
v -3.327612 2.397182 -0.233921
v -3.327604 2.392833 -0.241342
v -3.335153 2.402754 -0.214960
v -3.335215 2.379012 -0.255519
v -3.335156 2.400793 -0.227427
v -3.335156 2.400793 -0.227427
v -3.335161 2.398484 -0.234707
v -3.335173 2.394139 -0.242130
v -3.340258 2.401889 -0.214458
v -3.340426 2.378127 -0.255005
v -3.342051 2.399624 -0.226746
v -3.342051 2.399624 -0.226746
v -3.342719 2.397203 -0.233960
v -3.342750 2.392854 -0.241381
v -3.344591 2.399409 -0.212996
v -3.344849 2.375594 -0.253512
v -3.347904 2.396276 -0.224770
v -3.347904 2.396276 -0.224770
v -3.349133 2.393533 -0.231793
v -3.349181 2.389175 -0.239209
v -3.347494 2.395693 -0.210797
v -3.347811 2.371800 -0.251267
v -3.351824 2.391257 -0.221799
v -3.351824 2.391257 -0.221799
v -3.353429 2.388032 -0.228537
v -3.353487 2.383660 -0.235943
v -3.348522 2.391305 -0.208195
v -3.348861 2.367322 -0.248612
v -3.353212 2.385332 -0.218285
v -3.353212 2.385332 -0.218285
v -3.354951 2.381539 -0.224685
v -3.355013 2.377150 -0.232082
v -3.347520 2.386916 -0.205588
v -3.347838 2.362842 -0.245950
v -3.351859 2.379403 -0.214764
v -3.351859 2.379403 -0.214764
v -3.353469 2.375041 -0.220827
v -3.353527 2.370635 -0.228214
v -3.344640 2.383192 -0.203372
v -3.344899 2.359040 -0.243688
v -3.347970 2.374373 -0.211772
v -3.347970 2.374373 -0.211772
v -3.349206 2.369528 -0.217547
v -3.349253 2.365108 -0.224926
v -3.340322 2.380702 -0.201884
v -3.340492 2.356496 -0.242169
v -3.342137 2.371008 -0.209764
v -3.342137 2.371008 -0.209764
v -3.342813 2.365839 -0.215347
v -3.342845 2.361409 -0.222720
v -3.332498 2.464883 -0.072315
v -3.330378 2.466097 -0.073032
v -3.328958 2.467916 -0.074109
v -3.328454 2.470062 -0.075382
v -3.328945 2.472211 -0.076658
v -3.330354 2.474033 -0.077742
v -3.332468 2.475253 -0.078469
v -3.334964 2.475684 -0.078729
v -3.337462 2.475261 -0.078481
v -3.339583 2.474048 -0.077765
v -3.341004 2.472229 -0.076688
v -3.341506 2.470082 -0.075415
v -3.341017 2.467934 -0.074139
v -3.339607 2.466111 -0.073055
v -3.337494 2.464891 -0.072327
v -3.334997 2.464460 -0.072068
v -3.342200 2.453366 -0.103585
v -3.341506 2.470082 -0.075415
v -3.337753 2.459061 -0.106958
v -3.337462 2.475261 -0.078481
v -3.329937 2.457711 -0.106144
v -3.330354 2.474033 -0.077742
v -3.328402 2.450984 -0.102149
v -3.328958 2.467916 -0.074109
v -3.337787 2.447659 -0.100191
v -3.335043 2.447185 -0.099905
v -3.341661 2.451004 -0.102183
v -3.340085 2.457726 -0.106169
v -3.332261 2.459052 -0.106944
v -3.327849 2.453345 -0.103550
v -3.332295 2.447650 -0.100177
v -3.337494 2.464891 -0.072327
v -3.341647 2.455727 -0.104985
v -3.341004 2.472229 -0.076688
v -3.335006 2.459527 -0.107229
v -3.334964 2.475684 -0.078729
v -3.328387 2.455707 -0.104952
v -3.328945 2.472211 -0.076658
v -3.329964 2.448985 -0.100965
v -3.330378 2.466097 -0.073032
v -3.340111 2.449000 -0.100991
v -3.334997 2.464460 -0.072068
v -3.339607 2.466111 -0.073055
v -3.332498 2.464883 -0.072315
v -3.328454 2.470062 -0.075382
v -3.332468 2.475253 -0.078469
v -3.339583 2.474048 -0.077765
v -3.341017 2.467934 -0.074139
v -3.343879 2.467867 -0.079159
v -3.344287 2.455486 -0.100025
v -3.347161 2.464802 -0.084340
v -3.347161 2.464802 -0.084340
v -3.348390 2.462851 -0.087634
v -3.348464 2.460585 -0.091453
v -3.338368 2.474924 -0.083335
v -3.338544 2.462843 -0.104379
v -3.339621 2.474457 -0.090056
v -3.339621 2.474457 -0.090056
v -3.340092 2.473477 -0.093926
v -3.340124 2.471266 -0.097778
v -3.328685 2.473253 -0.082322
v -3.328446 2.461104 -0.103325
v -3.326371 2.472170 -0.088675
v -3.326371 2.472170 -0.088675
v -3.325508 2.470959 -0.092407
v -3.325464 2.468736 -0.096251
v -3.326784 2.464921 -0.077373
v -3.326462 2.452412 -0.098162
v -3.323768 2.460766 -0.081902
v -3.323768 2.460766 -0.081902
v -3.322643 2.458407 -0.084953
v -3.322583 2.456118 -0.088757
v -3.338410 2.460796 -0.074951
v -3.338588 2.448113 -0.095638
v -3.339679 2.455125 -0.078584
v -3.339679 2.455125 -0.078584
v -3.340156 2.452200 -0.081300
v -3.340188 2.449879 -0.085086
v -3.343193 2.470793 -0.080894
v -3.343572 2.458535 -0.101833
v -3.346223 2.468805 -0.086714
v -3.346223 2.468805 -0.086714
v -3.347357 2.467256 -0.090247
v -3.347427 2.465013 -0.094079
v -3.334964 2.475501 -0.083670
v -3.334995 2.463446 -0.104729
v -3.334963 2.475246 -0.090516
v -3.334963 2.475246 -0.090516
v -3.334965 2.474346 -0.094433
v -3.334971 2.472140 -0.098287
v -3.326767 2.470771 -0.080844
v -3.326443 2.458515 -0.101784
v -3.323744 2.468772 -0.086654
v -3.323744 2.468772 -0.086654
v -3.322616 2.467220 -0.090183
v -3.322557 2.464977 -0.094015
v -3.328718 2.462443 -0.075907
v -3.328480 2.449827 -0.096633
v -3.326415 2.457375 -0.079895
v -3.326415 2.457375 -0.079895
v -3.325557 2.454676 -0.082743
v -3.325513 2.452366 -0.086536
v -3.335043 2.447501 -0.095267
v -3.335009 2.460211 -0.074596
v -3.335040 2.448990 -0.084549
v -3.335034 2.451316 -0.080766
v -3.335026 2.454323 -0.078099
v -3.335026 2.454323 -0.078099
v -3.341290 2.462457 -0.075943
v -3.341590 2.449846 -0.096672
v -3.343619 2.457399 -0.079941
v -3.343619 2.457399 -0.079941
v -3.344492 2.454702 -0.082792
v -3.344547 2.452395 -0.086586
v -3.331606 2.460789 -0.074932
v -3.331493 2.448103 -0.095616
v -3.330368 2.455113 -0.078560
v -3.330368 2.455113 -0.078560
v -3.329907 2.452185 -0.081273
v -3.329887 2.449864 -0.085059
v -3.326099 2.467844 -0.079107
v -3.325747 2.455462 -0.099971
v -3.322830 2.464768 -0.084275
v -3.322830 2.464768 -0.084275
v -3.321610 2.462812 -0.087565
v -3.321546 2.460546 -0.091383
v -3.331564 2.474914 -0.083314
v -3.331449 2.462835 -0.104359
v -3.330310 2.474443 -0.090031
v -3.330310 2.474443 -0.090031
v -3.329844 2.473462 -0.093900
v -3.329823 2.471251 -0.097751
v -3.341258 2.473271 -0.082360
v -3.341556 2.461118 -0.103362
v -3.343575 2.472195 -0.088721
v -3.343575 2.472195 -0.088721
v -3.344444 2.470987 -0.092456
v -3.344498 2.468763 -0.096300
v -3.343211 2.464940 -0.077420
v -3.343590 2.452434 -0.098213
v -3.346247 2.460797 -0.081962
v -3.346247 2.460797 -0.081962
v -3.347384 2.458442 -0.085017
v -3.347454 2.456154 -0.088822
v -3.334921 2.494352 -0.000913
v -3.335611 2.246063 -0.134487
v -3.332951 2.494542 -0.001253
v -3.332016 2.246409 -0.135107
v -3.331280 2.495084 -0.002225
v -3.328966 2.247399 -0.136880
v -3.330162 2.495897 -0.003681
v -3.326926 2.248882 -0.139538
v -3.329767 2.496856 -0.005401
v -3.326206 2.250632 -0.142677
v -3.330156 2.497815 -0.007122
v -3.326916 2.252382 -0.145817
v -3.331270 2.498628 -0.008581
v -3.328947 2.253867 -0.148480
v -3.332937 2.499172 -0.009558
v -3.331991 2.254860 -0.150263
v -3.334906 2.499364 -0.009903
v -3.335584 2.255209 -0.150892
v -3.336876 2.499174 -0.009564
v -3.339179 2.254863 -0.150273
v -3.338547 2.498632 -0.008592
v -3.342229 2.253873 -0.148499
v -3.339666 2.497819 -0.007135
v -3.344269 2.252390 -0.145841
v -3.340060 2.496860 -0.005415
v -3.344989 2.250640 -0.142703
v -3.339672 2.495901 -0.003695
v -3.344279 2.248890 -0.139563
v -3.338558 2.495087 -0.002235
v -3.342248 2.247406 -0.136899
v -3.336890 2.494544 -0.001258
v -3.339204 2.246412 -0.135117
v -3.335447 2.305315 -0.101451
v -3.331852 2.305662 -0.102070
v -3.328802 2.306652 -0.103844
v -3.326762 2.308134 -0.106502
v -3.326042 2.309884 -0.109640
v -3.326751 2.311635 -0.112780
v -3.328783 2.313120 -0.115444
v -3.331826 2.314112 -0.117227
v -3.335419 2.314462 -0.117856
v -3.339015 2.314116 -0.117237
v -3.342064 2.313126 -0.115463
v -3.344104 2.311643 -0.112805
v -3.344825 2.309893 -0.109667
v -3.344115 2.308142 -0.106527
v -3.342083 2.306658 -0.103863
v -3.339040 2.305665 -0.102080
v -3.335173 2.403987 -0.048973
v -3.337918 2.404255 -0.049454
v -3.340243 2.405013 -0.050816
v -3.341795 2.406148 -0.052851
v -3.342337 2.407485 -0.055251
v -3.341787 2.408822 -0.057648
v -3.340228 2.409955 -0.059679
v -3.337898 2.410711 -0.061034
v -3.335152 2.410976 -0.061508
v -3.332406 2.410708 -0.061026
v -3.330081 2.409950 -0.059665
v -3.328528 2.408816 -0.057629
v -3.327986 2.407478 -0.055230
v -3.328537 2.406141 -0.052832
v -3.330095 2.405008 -0.050801
v -3.332426 2.404252 -0.049446
v -3.335591 2.253582 -0.125461
v -3.335476 2.294766 -0.102821
v -3.335553 2.267374 -0.110700
v -3.335532 2.274910 -0.106557
v -3.335512 2.282251 -0.104446
v -3.335512 2.282251 -0.104446
v -3.330373 2.295260 -0.103699
v -3.330379 2.254086 -0.126356
v -3.328619 2.282916 -0.105633
v -3.328619 2.282916 -0.105633
v -3.327976 2.275640 -0.107858
v -3.327978 2.268104 -0.112005
v -3.326045 2.296669 -0.106217
v -3.325957 2.255523 -0.128926
v -3.322771 2.284816 -0.109033
v -3.322771 2.284816 -0.109033
v -3.321567 2.277721 -0.111586
v -3.321551 2.270191 -0.115742
v -3.323149 2.298775 -0.109989
v -3.322999 2.257674 -0.132779
v -3.318859 2.287659 -0.114130
v -3.318859 2.287659 -0.114130
v -3.317279 2.280838 -0.117172
v -3.317251 2.273316 -0.121343
v -3.322128 2.301259 -0.114443
v -3.321955 2.260211 -0.137328
v -3.317479 2.291015 -0.120147
v -3.317479 2.291015 -0.120147
v -3.315765 2.284516 -0.123767
v -3.315734 2.277003 -0.127956
v -3.323135 2.303743 -0.118900
v -3.322984 2.262749 -0.141881
v -3.318839 2.294371 -0.126167
v -3.318839 2.294371 -0.126167
v -3.317257 2.288194 -0.130367
v -3.317229 2.280692 -0.134573
v -3.326017 2.305849 -0.122682
v -3.325929 2.264900 -0.145744
v -3.322734 2.297217 -0.131276
v -3.322734 2.297217 -0.131276
v -3.321527 2.291315 -0.135966
v -3.321510 2.283820 -0.140186
v -3.330337 2.307256 -0.125214
v -3.330343 2.266337 -0.148328
v -3.328570 2.299119 -0.134694
v -3.328570 2.299119 -0.134694
v -3.327923 2.293400 -0.139713
v -3.327924 2.285911 -0.143943
v -3.335438 2.307751 -0.126110
v -3.335551 2.266841 -0.149241
v -3.335459 2.299789 -0.135902
v -3.335459 2.299789 -0.135902
v -3.335474 2.294134 -0.141036
v -3.335495 2.286647 -0.145269
v -3.340542 2.307257 -0.125233
v -3.340762 2.266335 -0.148344
v -3.342352 2.299124 -0.134716
v -3.342352 2.299124 -0.134716
v -3.343030 2.293406 -0.139735
v -3.343071 2.285916 -0.143965
v -3.344872 2.305850 -0.122716
v -3.345181 2.264898 -0.145774
v -3.348201 2.297225 -0.131315
v -3.348201 2.297225 -0.131315
v -3.349440 2.291325 -0.136007
v -3.349497 2.283830 -0.140227
v -3.347769 2.303743 -0.118943
v -3.348138 2.262748 -0.141922
v -3.352114 2.294381 -0.126219
v -3.352114 2.294381 -0.126219
v -3.353729 2.288208 -0.130421
v -3.353796 2.280705 -0.134626
v -3.348792 2.301258 -0.114488
v -3.349182 2.260211 -0.137374
v -3.353494 2.291025 -0.120201
v -3.353494 2.291025 -0.120201
v -3.355242 2.284530 -0.123825
v -3.355314 2.277018 -0.128014
v -3.347785 2.298773 -0.110029
v -3.348153 2.257675 -0.132823
v -3.352134 2.287668 -0.114180
v -3.352134 2.287668 -0.114180
v -3.353751 2.280850 -0.117226
v -3.353818 2.273329 -0.121397
v -3.344899 2.296667 -0.106246
v -3.345210 2.255524 -0.128961
v -3.348238 2.284822 -0.109071
v -3.348238 2.284822 -0.109071
v -3.349481 2.277731 -0.111626
v -3.349538 2.270201 -0.115784
v -3.340577 2.295260 -0.103714
v -3.340799 2.254087 -0.126376
v -3.342401 2.282920 -0.105652
v -3.342401 2.282920 -0.105652
v -3.343084 2.275645 -0.107880
v -3.343124 2.268110 -0.112027
v -3.332594 2.433154 -0.034019
v -3.330475 2.433842 -0.035252
v -3.329057 2.434872 -0.037099
v -3.328557 2.436088 -0.039280
v -3.329050 2.437304 -0.041462
v -3.330461 2.438336 -0.043313
v -3.332576 2.439026 -0.044552
v -3.335073 2.439269 -0.044989
v -3.337572 2.439028 -0.044559
v -3.339690 2.438340 -0.043326
v -3.341109 2.437310 -0.041479
v -3.341609 2.436094 -0.039298
v -3.341116 2.434878 -0.037116
v -3.339704 2.433846 -0.035265
v -3.337589 2.433156 -0.034026
v -3.335092 2.432913 -0.033589
v -3.342337 2.407485 -0.055251
v -3.341609 2.436094 -0.039298
v -3.337898 2.410711 -0.061034
v -3.337572 2.439028 -0.044559
v -3.330081 2.409950 -0.059665
v -3.330461 2.438336 -0.043313
v -3.328537 2.406141 -0.052832
v -3.329057 2.434872 -0.037099
v -3.337918 2.404255 -0.049454
v -3.335173 2.403987 -0.048973
v -3.341795 2.406148 -0.052851
v -3.340228 2.409955 -0.059679
v -3.332406 2.410708 -0.061026
v -3.327986 2.407478 -0.055230
v -3.332426 2.404252 -0.049446
v -3.337589 2.433156 -0.034026
v -3.341787 2.408822 -0.057648
v -3.341109 2.437310 -0.041479
v -3.335152 2.410976 -0.061508
v -3.335073 2.439269 -0.044989
v -3.328528 2.408816 -0.057629
v -3.329050 2.437304 -0.041462
v -3.330095 2.405008 -0.050801
v -3.330475 2.433842 -0.035252
v -3.340243 2.405013 -0.050816
v -3.335092 2.432913 -0.033589
v -3.339704 2.433846 -0.035265
v -3.332594 2.433154 -0.034019
v -3.328557 2.436088 -0.039280
v -3.332576 2.439026 -0.044552
v -3.339690 2.438340 -0.043326
v -3.341116 2.434878 -0.037116
v -3.343985 2.432298 -0.041419
v -3.344420 2.411107 -0.053234
v -3.347274 2.427046 -0.044353
v -3.347274 2.427046 -0.044353
v -3.348507 2.423704 -0.046218
v -3.348587 2.419826 -0.048380
v -3.338484 2.436298 -0.048584
v -3.338687 2.415277 -0.060704
v -3.339747 2.432517 -0.054158
v -3.339747 2.432517 -0.054158
v -3.340223 2.429725 -0.057011
v -3.340261 2.425878 -0.059229
v -3.328799 2.435359 -0.046883
v -3.328586 2.414299 -0.058934
v -3.326494 2.431228 -0.051834
v -3.326494 2.431228 -0.051834
v -3.325635 2.428306 -0.054454
v -3.325596 2.424452 -0.056659
v -3.326887 2.430642 -0.038419
v -3.326591 2.409379 -0.050105
v -3.323876 2.424772 -0.040251
v -3.323876 2.424772 -0.040251
v -3.322754 2.421199 -0.041705
v -3.322700 2.417308 -0.043843
v -3.338508 2.428298 -0.034235
v -3.338712 2.406937 -0.045745
v -3.339780 2.421570 -0.034524
v -3.339780 2.421570 -0.034524
v -3.340259 2.417676 -0.035401
v -3.340296 2.413767 -0.037507
v -3.343303 2.433955 -0.044390
v -3.343709 2.412834 -0.056331
v -3.346341 2.429313 -0.048418
v -3.346341 2.429313 -0.048418
v -3.347480 2.426199 -0.050692
v -3.347554 2.422333 -0.052877
v -3.335080 2.436627 -0.049168
v -3.335139 2.415622 -0.061316
v -3.335090 2.432966 -0.054960
v -3.335090 2.432966 -0.054960
v -3.335097 2.430219 -0.057893
v -3.335108 2.426375 -0.060116
v -3.326877 2.433954 -0.044361
v -3.326580 2.412835 -0.056304
v -3.323863 2.429306 -0.048383
v -3.323863 2.429306 -0.048383
v -3.322740 2.426189 -0.050655
v -3.322685 2.422325 -0.052841
v -3.328818 2.429237 -0.035904
v -3.328606 2.407914 -0.047482
v -3.326519 2.422851 -0.036808
v -3.326519 2.422851 -0.036808
v -3.325663 2.419085 -0.037915
v -3.325624 2.415182 -0.040034
v -3.335166 2.406593 -0.045122
v -3.335106 2.427969 -0.033639
v -3.335147 2.413266 -0.036605
v -3.335136 2.417178 -0.034503
v -3.335125 2.421118 -0.033709
v -3.335125 2.421118 -0.033709
v -3.341389 2.429236 -0.035923
v -3.341716 2.407916 -0.047505
v -3.343723 2.422855 -0.036833
v -3.343723 2.422855 -0.036833
v -3.344599 2.419091 -0.037942
v -3.344659 2.415189 -0.040062
v -3.331704 2.428299 -0.034225
v -3.331616 2.406935 -0.045732
v -3.330469 2.421568 -0.034511
v -3.330469 2.421568 -0.034511
v -3.330011 2.417673 -0.035386
v -3.329995 2.413763 -0.037492
v -3.326206 2.432298 -0.041389
v -3.325880 2.411107 -0.053204
v -3.322943 2.427039 -0.044316
v -3.322943 2.427039 -0.044316
v -3.321728 2.423694 -0.046178
v -3.321668 2.419816 -0.048341
v -3.331680 2.436297 -0.048571
v -3.331592 2.415278 -0.060694
v -3.330436 2.432514 -0.054143
v -3.330436 2.432514 -0.054143
v -3.329975 2.429721 -0.056995
v -3.329959 2.425874 -0.059214
v -3.341371 2.435359 -0.046906
v -3.341697 2.414299 -0.058954
v -3.343698 2.431234 -0.051861
v -3.343698 2.431234 -0.051861
v -3.344571 2.428313 -0.054482
v -3.344631 2.424459 -0.056687
v -3.343313 2.430641 -0.038445
v -3.343720 2.409380 -0.050135
v -3.346355 2.424778 -0.040285
v -3.346355 2.424778 -0.040285
v -3.347495 2.421208 -0.041741
v -3.347570 2.417317 -0.043880
v -3.334920 2.494517 0.012902
v -3.335711 2.212732 0.022213
v -3.332951 2.494509 0.012510
v -3.332117 2.212719 0.021498
v -3.331282 2.494489 0.011395
v -3.329070 2.212682 0.019462
v -3.330166 2.494459 0.009726
v -3.327035 2.212627 0.016416
v -3.329775 2.494424 0.007756
v -3.326320 2.212562 0.012822
v -3.330166 2.494389 0.005787
v -3.327035 2.212498 0.009229
v -3.331282 2.494359 0.004118
v -3.329071 2.212443 0.006183
v -3.332952 2.494339 0.003003
v -3.332118 2.212407 0.004148
v -3.334921 2.494332 0.002611
v -3.335712 2.212394 0.003433
v -3.336891 2.494339 0.003003
v -3.339306 2.212407 0.004148
v -3.338560 2.494359 0.004118
v -3.342353 2.212444 0.006184
v -3.339676 2.494389 0.005788
v -3.344388 2.212499 0.009230
v -3.340068 2.494425 0.007757
v -3.345103 2.212564 0.012823
v -3.339676 2.494460 0.009726
v -3.344388 2.212628 0.016417
v -3.338560 2.494490 0.011395
v -3.342352 2.212683 0.019463
v -3.336891 2.494510 0.012510
v -3.339305 2.212719 0.021498
v -3.335521 2.280561 0.020993
v -3.331927 2.280548 0.020279
v -3.328881 2.280511 0.018243
v -3.326845 2.280456 0.015197
v -3.326130 2.280392 0.011603
v -3.326845 2.280327 0.008010
v -3.328881 2.280272 0.004964
v -3.331928 2.280236 0.002928
v -3.335522 2.280223 0.002214
v -3.339116 2.280237 0.002929
v -3.342162 2.280273 0.004965
v -3.344198 2.280328 0.008011
v -3.344913 2.280393 0.011604
v -3.344198 2.280458 0.015198
v -3.342162 2.280512 0.018244
v -3.339115 2.280549 0.020279
v -3.335208 2.392240 0.016770
v -3.337954 2.392231 0.016224
v -3.340281 2.392203 0.014669
v -3.341837 2.392161 0.012341
v -3.342384 2.392112 0.009596
v -3.341838 2.392062 0.006851
v -3.340282 2.392020 0.004523
v -3.337955 2.391993 0.002968
v -3.335209 2.391983 0.002421
v -3.332462 2.391992 0.002967
v -3.330134 2.392020 0.004522
v -3.328579 2.392061 0.006850
v -3.328032 2.392111 0.009595
v -3.328578 2.392160 0.012341
v -3.330134 2.392202 0.014669
v -3.332462 2.392230 0.016224
v -3.335680 2.223769 0.026237
v -3.335548 2.270753 0.025111
v -3.335626 2.243111 0.032067
v -3.335602 2.251709 0.031861
v -3.335581 2.259116 0.029997
v -3.335581 2.259116 0.029997
v -3.330447 2.270737 0.024095
v -3.330470 2.223753 0.025202
v -3.328690 2.259092 0.028626
v -3.328690 2.259092 0.028626
v -3.328048 2.251682 0.030358
v -3.328053 2.243084 0.030560
v -3.326123 2.270687 0.021205
v -3.326053 2.223702 0.022251
v -3.322849 2.259022 0.024722
v -3.322849 2.259022 0.024722
v -3.321645 2.251606 0.026079
v -3.321633 2.243007 0.026271
v -3.323234 2.270610 0.016881
v -3.323101 2.223624 0.017835
v -3.318946 2.258918 0.018881
v -3.318946 2.258918 0.018881
v -3.317367 2.251491 0.019677
v -3.317343 2.242892 0.019851
v -3.322220 2.270519 0.011780
v -3.322065 2.223531 0.012625
v -3.317575 2.258795 0.011991
v -3.317575 2.258795 0.011991
v -3.315865 2.251355 0.012124
v -3.315837 2.242756 0.012279
v -3.323234 2.270427 0.006680
v -3.323102 2.223436 0.007415
v -3.318946 2.258670 0.005101
v -3.318946 2.258670 0.005101
v -3.317368 2.251220 0.004572
v -3.317344 2.242620 0.004707
v -3.326124 2.270348 0.002356
v -3.326054 2.223356 0.002999
v -3.322850 2.258565 -0.000739
v -3.322850 2.258565 -0.000739
v -3.321647 2.251104 -0.001830
v -3.321634 2.242504 -0.001712
v -3.330448 2.270294 -0.000533
v -3.330472 2.223300 0.000049
v -3.328692 2.258494 -0.004642
v -3.328692 2.258494 -0.004642
v -3.328050 2.251027 -0.006107
v -3.328055 2.242426 -0.006001
v -3.335550 2.270274 -0.001549
v -3.335681 2.223280 -0.000985
v -3.335583 2.258469 -0.006013
v -3.335583 2.258469 -0.006013
v -3.335604 2.251000 -0.007609
v -3.335628 2.242399 -0.007506
v -3.340652 2.270289 -0.000535
v -3.340891 2.223296 0.000052
v -3.342474 2.258493 -0.004643
v -3.342474 2.258493 -0.004643
v -3.343158 2.251027 -0.006107
v -3.343201 2.242426 -0.006000
v -3.344978 2.270339 0.002355
v -3.345306 2.223347 0.003003
v -3.348317 2.258562 -0.000739
v -3.348317 2.258562 -0.000739
v -3.349561 2.251104 -0.001828
v -3.349621 2.242503 -0.001710
v -3.347870 2.270415 0.006680
v -3.348256 2.223425 0.007419
v -3.352221 2.258667 0.005102
v -3.352221 2.258667 0.005102
v -3.353840 2.251218 0.004574
v -3.353910 2.242619 0.004709
v -3.348884 2.270507 0.011782
v -3.349292 2.223518 0.012627
v -3.353591 2.258790 0.011993
v -3.353591 2.258790 0.011993
v -3.355341 2.251354 0.012127
v -3.355416 2.242755 0.012281
v -3.347869 2.270599 0.016884
v -3.348256 2.223613 0.017834
v -3.352220 2.258914 0.018884
v -3.352220 2.258914 0.018884
v -3.353839 2.251490 0.019679
v -3.353909 2.242890 0.019853
v -3.344977 2.270678 0.021209
v -3.345305 2.223693 0.022250
v -3.348315 2.259020 0.024725
v -3.348315 2.259020 0.024725
v -3.349559 2.251606 0.026081
v -3.349619 2.243006 0.026272
v -3.340651 2.270732 0.024098
v -3.340890 2.223748 0.025200
v -3.342473 2.259091 0.028627
v -3.342473 2.259091 0.028627
v -3.343155 2.251682 0.030359
v -3.343199 2.243083 0.030561
v -3.332618 2.424970 0.015035
v -3.330501 2.424944 0.013621
v -3.329087 2.424906 0.011504
v -3.328590 2.424861 0.009007
v -3.329087 2.424816 0.006509
v -3.330502 2.424778 0.004393
v -3.332619 2.424753 0.002978
v -3.335117 2.424745 0.002482
v -3.337614 2.424754 0.002979
v -3.339731 2.424779 0.004393
v -3.341146 2.424817 0.006510
v -3.341642 2.424862 0.009007
v -3.341146 2.424907 0.011504
v -3.339730 2.424945 0.013621
v -3.337613 2.424970 0.015035
v -3.335116 2.424979 0.015532
v -3.342384 2.392112 0.009596
v -3.341642 2.424862 0.009007
v -3.337955 2.391993 0.002968
v -3.337614 2.424754 0.002979
v -3.330134 2.392020 0.004522
v -3.330502 2.424778 0.004393
v -3.328578 2.392160 0.012341
v -3.329087 2.424906 0.011504
v -3.337954 2.392231 0.016224
v -3.335208 2.392240 0.016770
v -3.341837 2.392161 0.012341
v -3.340282 2.392020 0.004523
v -3.332462 2.391992 0.002967
v -3.328032 2.392111 0.009595
v -3.332462 2.392230 0.016224
v -3.337613 2.424970 0.015035
v -3.341838 2.392062 0.006851
v -3.341146 2.424817 0.006510
v -3.335209 2.391983 0.002421
v -3.335117 2.424745 0.002482
v -3.328579 2.392061 0.006850
v -3.329087 2.424816 0.006509
v -3.330134 2.392202 0.014669
v -3.330501 2.424944 0.013621
v -3.340281 2.392203 0.014669
v -3.335116 2.424979 0.015532
v -3.339730 2.424945 0.013621
v -3.332618 2.424970 0.015035
v -3.328590 2.424861 0.009007
v -3.332619 2.424753 0.002978
v -3.339731 2.424779 0.004393
v -3.341146 2.424907 0.011504
v -3.344021 2.420516 0.009086
v -3.344465 2.396258 0.009521
v -3.347312 2.414502 0.009194
v -3.347312 2.414502 0.009194
v -3.348547 2.410676 0.009263
v -3.348628 2.406236 0.009343
v -3.338531 2.420371 0.000873
v -3.338744 2.396106 0.000959
v -3.339802 2.414301 -0.002044
v -3.339802 2.414301 -0.002044
v -3.340281 2.410453 -0.003106
v -3.340320 2.406013 -0.003091
v -3.328844 2.420409 0.002801
v -3.328640 2.396146 0.002966
v -3.326544 2.414349 0.000593
v -3.326544 2.414349 0.000593
v -3.325689 2.410506 -0.000205
v -3.325651 2.406065 -0.000175
v -3.326917 2.420584 0.012485
v -3.326630 2.396329 0.013069
v -3.323906 2.414588 0.013847
v -3.323906 2.414588 0.013847
v -3.322786 2.410769 0.014384
v -3.322733 2.406329 0.014491
v -3.338531 2.420666 0.017298
v -3.338743 2.396414 0.018084
v -3.339801 2.414704 0.020431
v -3.339801 2.414704 0.020431
v -3.340279 2.410898 0.021631
v -3.340318 2.406460 0.021775
v -3.343344 2.420455 0.005683
v -3.343759 2.396194 0.005975
v -3.346386 2.414418 0.004539
v -3.346386 2.414418 0.004539
v -3.347528 2.410583 0.004139
v -3.347603 2.406144 0.004193
v -3.335129 2.420360 0.000197
v -3.335197 2.396095 0.000252
v -3.335146 2.414285 -0.002970
v -3.335146 2.414285 -0.002970
v -3.335156 2.410435 -0.004126
v -3.335169 2.405994 -0.004115
v -3.326917 2.420462 0.005684
v -3.326630 2.396201 0.005973
v -3.323907 2.414421 0.004538
v -3.323907 2.414421 0.004538
v -3.322786 2.410584 0.004138
v -3.322733 2.406144 0.004191
v -3.328843 2.420635 0.015369
v -3.328640 2.396382 0.016076
v -3.326544 2.414658 0.017793
v -3.326544 2.414658 0.017793
v -3.325688 2.410846 0.018728
v -3.325650 2.406407 0.018857
v -3.335196 2.396428 0.018790
v -3.335128 2.420679 0.017973
v -3.335168 2.406478 0.022799
v -3.335155 2.410917 0.022649
v -3.335145 2.414722 0.021357
v -3.335145 2.414722 0.021357
v -3.341416 2.420630 0.015372
v -3.341750 2.396377 0.016074
v -3.343748 2.414657 0.017795
v -3.343748 2.414657 0.017795
v -3.344624 2.410846 0.018729
v -3.344685 2.406407 0.018858
v -3.331726 2.420669 0.017296
v -3.331648 2.396417 0.018085
v -3.330490 2.414706 0.020430
v -3.330490 2.414706 0.020430
v -3.330031 2.410898 0.021630
v -3.330017 2.406460 0.021775
v -3.326241 2.420524 0.009084
v -3.325924 2.396265 0.009520
v -3.322981 2.414505 0.009193
v -3.322981 2.414505 0.009193
v -3.321767 2.410676 0.009261
v -3.321709 2.406236 0.009341
v -3.331728 2.420374 0.000874
v -3.331649 2.396109 0.000957
v -3.330491 2.414302 -0.002044
v -3.330491 2.414302 -0.002044
v -3.330033 2.410454 -0.003106
v -3.330019 2.406013 -0.003091
v -3.341416 2.420404 0.002799
v -3.341751 2.396141 0.002969
v -3.343748 2.414347 0.000592
v -3.343748 2.414347 0.000592
v -3.344625 2.410506 -0.000204
v -3.344686 2.406065 -0.000173
v -3.343344 2.420577 0.012488
v -3.343759 2.396322 0.013068
v -3.346386 2.414586 0.013849
v -3.346386 2.414586 0.013849
v -3.347527 2.410768 0.014386
v -3.347603 2.406329 0.014492
v -3.334899 2.501603 0.024763
v -3.335562 2.262672 0.174435
v -3.332931 2.501399 0.024425
v -3.331968 2.262300 0.173819
v -3.331263 2.500820 0.023468
v -3.328925 2.261245 0.172073
v -3.330150 2.499955 0.022038
v -3.326894 2.259665 0.169464
v -3.329761 2.498934 0.020353
v -3.326185 2.257802 0.166389
v -3.330156 2.497914 0.018669
v -3.326905 2.255941 0.163316
v -3.331274 2.497050 0.017243
v -3.328945 2.254364 0.160713
v -3.332946 2.496473 0.016291
v -3.331995 2.253311 0.158976
v -3.334915 2.496271 0.015959
v -3.335591 2.252942 0.158370
v -3.336885 2.496475 0.016297
v -3.339183 2.253314 0.158987
v -3.338552 2.497053 0.017254
v -3.342227 2.254371 0.160733
v -3.339665 2.497919 0.018684
v -3.344259 2.255950 0.163342
v -3.340054 2.498940 0.020369
v -3.344968 2.257812 0.166417
v -3.339660 2.499960 0.022053
v -3.344247 2.259674 0.169490
v -3.338541 2.500824 0.023479
v -3.342206 2.261251 0.172093
v -3.336870 2.501401 0.024431
v -3.339156 2.262304 0.173829
v -3.335401 2.320700 0.139291
v -3.331808 2.320328 0.138674
v -3.328764 2.319272 0.136928
v -3.326733 2.317692 0.134319
v -3.326024 2.315830 0.131244
v -3.326744 2.313969 0.128171
v -3.328785 2.312391 0.125568
v -3.331835 2.311338 0.123831
v -3.335430 2.310970 0.123225
v -3.339023 2.311342 0.123842
v -3.342066 2.312398 0.125588
v -3.344097 2.313977 0.128197
v -3.344806 2.315839 0.131272
v -3.344086 2.317701 0.134346
v -3.342046 2.319278 0.136948
v -3.338996 2.320332 0.138685
v -3.335139 2.415126 0.079510
v -3.337886 2.414845 0.079047
v -3.340216 2.414040 0.077720
v -3.341775 2.412835 0.075732
v -3.342326 2.411413 0.073384
v -3.341784 2.409990 0.071034
v -3.340232 2.408783 0.069040
v -3.337907 2.407976 0.067707
v -3.335161 2.407692 0.067235
v -3.332414 2.407973 0.067698
v -3.330084 2.408778 0.069025
v -3.328525 2.409983 0.071014
v -3.327974 2.411405 0.073362
v -3.328516 2.412828 0.075712
v -3.330068 2.414035 0.077705
v -3.332394 2.414842 0.079039
v -3.335529 2.274237 0.172368
v -3.335418 2.314290 0.147781
v -3.335473 2.293888 0.167686
v -3.335453 2.301218 0.163186
v -3.335438 2.306685 0.157853
v -3.335438 2.306685 0.157853
v -3.330318 2.313763 0.146903
v -3.330321 2.273701 0.171473
v -3.328549 2.305972 0.156669
v -3.328549 2.305972 0.156669
v -3.327902 2.300437 0.161889
v -3.327903 2.293105 0.166386
v -3.325998 2.312266 0.144423
v -3.325908 2.272172 0.168941
v -3.322714 2.303948 0.153320
v -3.322714 2.303948 0.153320
v -3.321505 2.298218 0.158219
v -3.321489 2.290880 0.162707
v -3.323116 2.310025 0.140718
v -3.322962 2.269883 0.165158
v -3.318820 2.300920 0.148317
v -3.318820 2.300920 0.148317
v -3.317237 2.294899 0.152736
v -3.317209 2.287552 0.157208
v -3.322109 2.307382 0.136353
v -3.321934 2.267184 0.160699
v -3.317460 2.297350 0.142420
v -3.317460 2.297350 0.142420
v -3.315746 2.290985 0.146272
v -3.315714 2.283628 0.150728
v -3.323131 2.304740 0.131991
v -3.322978 2.264485 0.156244
v -3.318841 2.293781 0.136529
v -3.318841 2.293781 0.136529
v -3.317261 2.287073 0.139814
v -3.317232 2.279706 0.144252
v -3.326028 2.302500 0.128298
v -3.325938 2.262197 0.152471
v -3.322754 2.290756 0.131538
v -3.322754 2.290756 0.131538
v -3.321549 2.283757 0.134344
v -3.321533 2.276381 0.138768
v -3.330356 2.301002 0.125833
v -3.330359 2.260668 0.149955
v -3.328601 2.288735 0.128209
v -3.328601 2.288735 0.128209
v -3.327959 2.281543 0.130694
v -3.327960 2.274162 0.135108
v -3.335459 2.300477 0.124973
v -3.335571 2.260132 0.149079
v -3.335494 2.288027 0.127047
v -3.335494 2.288027 0.127047
v -3.335515 2.280768 0.129421
v -3.335535 2.273385 0.133832
v -3.340560 2.301002 0.125849
v -3.340779 2.260670 0.149976
v -3.342383 2.288739 0.128230
v -3.342383 2.288739 0.128230
v -3.343066 2.281549 0.130717
v -3.343107 2.274168 0.135132
v -3.344882 2.302499 0.128329
v -3.345190 2.262199 0.152508
v -3.348221 2.290764 0.131578
v -3.348221 2.290764 0.131578
v -3.349463 2.283769 0.134387
v -3.349519 2.276393 0.138812
v -3.347767 2.304739 0.132034
v -3.348133 2.264487 0.156290
v -3.352116 2.293791 0.136582
v -3.352116 2.293791 0.136582
v -3.353732 2.287087 0.139871
v -3.353799 2.279721 0.144310
v -3.348774 2.307384 0.136401
v -3.349161 2.267185 0.160748
v -3.353476 2.297362 0.142479
v -3.353476 2.297362 0.142479
v -3.355222 2.291001 0.146334
v -3.355294 2.283645 0.150790
v -3.347751 2.310027 0.140764
v -3.348117 2.269884 0.165201
v -3.352094 2.300932 0.148372
v -3.352094 2.300932 0.148372
v -3.353709 2.294914 0.152793
v -3.353775 2.287567 0.157265
v -3.344853 2.312268 0.144459
v -3.345160 2.272171 0.168973
v -3.348181 2.303957 0.153363
v -3.348181 2.303957 0.153363
v -3.349419 2.298230 0.158264
v -3.349476 2.290891 0.162750
v -3.340522 2.313765 0.146923
v -3.340739 2.273700 0.171490
v -3.342332 2.305977 0.156692
v -3.342332 2.305977 0.156692
v -3.343009 2.300444 0.161914
v -3.343050 2.293111 0.166410
v -3.332566 2.442549 0.061557
v -3.330451 2.441815 0.060344
v -3.329040 2.440718 0.058531
v -3.328547 2.439423 0.056394
v -3.329047 2.438130 0.054258
v -3.330465 2.437034 0.052450
v -3.332584 2.436302 0.051243
v -3.335083 2.436046 0.050822
v -3.337579 2.436305 0.051250
v -3.339694 2.437039 0.052464
v -3.341106 2.438136 0.054277
v -3.341599 2.439430 0.056413
v -3.341098 2.440723 0.058549
v -3.339680 2.441820 0.060358
v -3.337561 2.442552 0.061565
v -3.335062 2.442808 0.061986
v -3.342326 2.411413 0.073384
v -3.341599 2.439430 0.056413
v -3.337907 2.407976 0.067707
v -3.337579 2.436305 0.051250
v -3.330084 2.408778 0.069025
v -3.330465 2.437034 0.052450
v -3.328516 2.412828 0.075712
v -3.329040 2.440718 0.058531
v -3.337886 2.414845 0.079047
v -3.335139 2.415126 0.079510
v -3.341775 2.412835 0.075732
v -3.340232 2.408783 0.069040
v -3.332414 2.407973 0.067698
v -3.327974 2.411405 0.073362
v -3.332394 2.414842 0.079039
v -3.337561 2.442552 0.061565
v -3.341784 2.409990 0.071034
v -3.341106 2.438136 0.054277
v -3.335161 2.407692 0.067235
v -3.335083 2.436046 0.050822
v -3.328525 2.409983 0.071014
v -3.329047 2.438130 0.054258
v -3.330068 2.414035 0.077705
v -3.330451 2.441815 0.060344
v -3.340216 2.414040 0.077720
v -3.335062 2.442808 0.061986
v -3.339680 2.441820 0.060358
v -3.332566 2.442549 0.061557
v -3.328547 2.439423 0.056394
v -3.332584 2.436302 0.051243
v -3.339694 2.437039 0.052464
v -3.341098 2.440723 0.058549
v -3.343975 2.435713 0.058669
v -3.344409 2.414960 0.071239
v -3.347264 2.430569 0.061790
v -3.347264 2.430569 0.061790
v -3.348497 2.427297 0.063775
v -3.348576 2.423499 0.066075
v -3.338498 2.431457 0.051633
v -3.338701 2.410523 0.063904
v -3.339770 2.424744 0.052164
v -3.339770 2.424744 0.052164
v -3.340250 2.420884 0.053181
v -3.340286 2.417053 0.055426
v -3.328808 2.432456 0.053267
v -3.328594 2.411562 0.065603
v -3.326509 2.426106 0.054400
v -3.326509 2.426106 0.054400
v -3.325653 2.422382 0.055641
v -3.325614 2.418559 0.057899
v -3.326866 2.437474 0.061548
v -3.326568 2.416797 0.074243
v -3.323851 2.432973 0.065735
v -3.323851 2.432973 0.065735
v -3.322728 2.429940 0.068117
v -3.322674 2.426156 0.070440
v -3.338472 2.439968 0.065685
v -3.338674 2.419396 0.078554
v -3.339735 2.436389 0.071392
v -3.339735 2.436389 0.071392
v -3.340211 2.433702 0.074343
v -3.340248 2.429937 0.076698
v -3.343303 2.433950 0.055757
v -3.343709 2.413123 0.068204
v -3.346345 2.428157 0.057807
v -3.346345 2.428157 0.057807
v -3.347485 2.424641 0.059390
v -3.347559 2.420830 0.061668
v -3.335096 2.431107 0.051050
v -3.335155 2.410157 0.063293
v -3.335116 2.424263 0.051365
v -3.335116 2.424263 0.051365
v -3.335127 2.420354 0.052301
v -3.335137 2.416521 0.054542
v -3.326877 2.433950 0.055730
v -3.326580 2.413121 0.068172
v -3.323865 2.428150 0.057771
v -3.323865 2.428150 0.057771
v -3.322744 2.424632 0.059352
v -3.322689 2.420819 0.061629
v -3.328788 2.438968 0.064018
v -3.328574 2.418355 0.076819
v -3.326482 2.435018 0.069115
v -3.326482 2.435018 0.069115
v -3.325624 2.432192 0.071837
v -3.325584 2.428419 0.074180
v -3.335126 2.419762 0.079152
v -3.335069 2.440318 0.066257
v -3.335095 2.430466 0.077567
v -3.335085 2.434227 0.075207
v -3.335078 2.436867 0.072176
v -3.335078 2.436867 0.072176
v -3.341361 2.438970 0.064043
v -3.341684 2.418356 0.076840
v -3.343686 2.435025 0.069143
v -3.343686 2.435025 0.069143
v -3.344559 2.432200 0.071867
v -3.344619 2.428427 0.074210
v -3.331668 2.439967 0.065672
v -3.331579 2.419397 0.078543
v -3.330424 2.436386 0.071377
v -3.330424 2.436386 0.071377
v -3.329963 2.433698 0.074327
v -3.329946 2.429933 0.076682
v -3.326196 2.435711 0.058638
v -3.325868 2.414958 0.071206
v -3.322933 2.430561 0.061751
v -3.322933 2.430561 0.061751
v -3.321717 2.427285 0.063733
v -3.321657 2.423487 0.066033
v -3.331694 2.431458 0.051623
v -3.331606 2.410522 0.063890
v -3.330459 2.424741 0.052150
v -3.330459 2.424741 0.052150
v -3.330001 2.420880 0.053165
v -3.329985 2.417049 0.055410
v -3.341380 2.432456 0.053287
v -3.341705 2.411565 0.065628
v -3.343713 2.426111 0.054426
v -3.343713 2.426111 0.054426
v -3.344589 2.422390 0.055670
v -3.344649 2.418567 0.057929
v -3.343293 2.437476 0.061579
v -3.343698 2.416797 0.074271
v -3.346330 2.432981 0.065772
v -3.346330 2.432981 0.065772
v -3.347469 2.429950 0.068156
v -3.347543 2.426167 0.070479
v -3.334863 2.513690 0.031456
v -3.335202 2.382353 0.280936
v -3.332895 2.513343 0.031263
v -3.331610 2.381720 0.280584
v -3.331228 2.512362 0.030724
v -3.328569 2.379928 0.279601
v -3.330117 2.510894 0.029921
v -3.326541 2.377251 0.278136
v -3.329731 2.509165 0.028977
v -3.325836 2.374095 0.276412
v -3.330127 2.507437 0.028034
v -3.326560 2.370941 0.274693
v -3.331247 2.505973 0.027237
v -3.328604 2.368271 0.273238
v -3.332920 2.504996 0.026707
v -3.331656 2.366489 0.272270
v -3.334890 2.504656 0.026524
v -3.335252 2.365867 0.271937
v -3.336859 2.505003 0.026717
v -3.338844 2.366500 0.272289
v -3.338525 2.505985 0.027256
v -3.341885 2.368292 0.273272
v -3.339637 2.507452 0.028058
v -3.343913 2.370969 0.274737
v -3.340023 2.509181 0.029003
v -3.344619 2.374125 0.276460
v -3.339627 2.510910 0.029946
v -3.343894 2.377279 0.278181
v -3.338506 2.512373 0.030743
v -3.341851 2.379949 0.279635
v -3.336834 2.513350 0.031273
v -3.338798 2.381732 0.280602
v -3.335118 2.414856 0.221389
v -3.331526 2.414223 0.221037
v -3.328485 2.412431 0.220054
v -3.326457 2.409753 0.218589
v -3.325752 2.406597 0.216865
v -3.326476 2.403444 0.215145
v -3.328520 2.400773 0.213690
v -3.331572 2.398991 0.212723
v -3.335168 2.398369 0.212390
v -3.338760 2.399003 0.212742
v -3.341801 2.400794 0.213725
v -3.343829 2.403472 0.215190
v -3.344534 2.406628 0.216913
v -3.343810 2.409781 0.218633
v -3.341766 2.412452 0.220088
v -3.338714 2.414234 0.221055
v -3.334986 2.466444 0.122248
v -3.337733 2.465970 0.121994
v -3.340065 2.464608 0.121255
v -3.341626 2.462567 0.120143
v -3.342179 2.460158 0.118829
v -3.341641 2.457747 0.117512
v -3.340091 2.455701 0.116393
v -3.337767 2.454332 0.115642
v -3.335023 2.453848 0.115373
v -3.332275 2.454323 0.115628
v -3.329943 2.455685 0.116367
v -3.328382 2.457725 0.117478
v -3.327828 2.460135 0.118792
v -3.328367 2.462546 0.120110
v -3.329917 2.464592 0.121229
v -3.332240 2.465961 0.121980
v -3.335178 2.391312 0.273336
v -3.335120 2.413581 0.231950
v -3.335137 2.405948 0.259412
v -3.335127 2.410023 0.251838
v -3.335122 2.412068 0.244479
v -3.335122 2.412068 0.244479
v -3.330021 2.412683 0.231448
v -3.329970 2.390396 0.272824
v -3.328235 2.410855 0.243804
v -3.328235 2.410855 0.243804
v -3.327578 2.408692 0.251098
v -3.327568 2.404614 0.258670
v -3.325705 2.410140 0.230050
v -3.325561 2.387800 0.271397
v -3.322404 2.407419 0.241917
v -3.322404 2.407419 0.241917
v -3.321186 2.404927 0.249031
v -3.321160 2.400839 0.256598
v -3.322827 2.406339 0.227969
v -3.322620 2.383919 0.269272
v -3.318516 2.402286 0.239108
v -3.318516 2.402286 0.239108
v -3.316924 2.399300 0.245952
v -3.316886 2.395197 0.253510
v -3.321826 2.401860 0.225522
v -3.321597 2.379344 0.266772
v -3.317163 2.396235 0.235803
v -3.317163 2.396235 0.235803
v -3.315441 2.392667 0.242329
v -3.315400 2.388546 0.249878
v -3.322854 2.397384 0.223081
v -3.322648 2.374772 0.264279
v -3.318552 2.390189 0.232505
v -3.318552 2.390189 0.232505
v -3.316964 2.386040 0.238714
v -3.316926 2.381902 0.246254
v -3.325754 2.393592 0.221018
v -3.325611 2.370899 0.262172
v -3.322471 2.385067 0.229717
v -3.322471 2.385067 0.229717
v -3.321259 2.380426 0.235658
v -3.321233 2.376273 0.243189
v -3.330086 2.391061 0.219646
v -3.330036 2.368315 0.260771
v -3.328322 2.381649 0.227862
v -3.328322 2.381649 0.227862
v -3.327674 2.376680 0.233625
v -3.327665 2.372517 0.241151
v -3.335190 2.390176 0.219175
v -3.335249 2.367413 0.260291
v -3.335217 2.380455 0.227224
v -3.335217 2.380455 0.227224
v -3.335231 2.375373 0.232925
v -3.335242 2.371207 0.240450
v -3.340290 2.391073 0.219676
v -3.340456 2.368330 0.260804
v -3.342105 2.381669 0.227899
v -3.342105 2.381669 0.227899
v -3.342780 2.376703 0.233664
v -3.342811 2.372541 0.241192
v -3.344609 2.393615 0.221073
v -3.344864 2.370927 0.262232
v -3.347938 2.385104 0.229786
v -3.347938 2.385104 0.229786
v -3.349173 2.380469 0.235731
v -3.349220 2.376317 0.243264
v -3.347489 2.397416 0.223155
v -3.347802 2.374807 0.264356
v -3.351826 2.390238 0.232595
v -3.351826 2.390238 0.232595
v -3.353435 2.386096 0.238811
v -3.353492 2.381958 0.246351
v -3.348490 2.401896 0.225603
v -3.348824 2.379381 0.266854
v -3.353179 2.396289 0.235901
v -3.353179 2.396289 0.235901
v -3.354917 2.392729 0.242434
v -3.354979 2.388608 0.249983
v -3.347462 2.406374 0.228044
v -3.347775 2.383951 0.269347
v -3.351790 2.402337 0.239199
v -3.351790 2.402337 0.239199
v -3.353396 2.399356 0.246049
v -3.353453 2.395253 0.253608
v -3.344559 2.410168 0.230108
v -3.344813 2.387824 0.271454
v -3.347870 2.407459 0.241988
v -3.347870 2.407459 0.241988
v -3.349099 2.404971 0.249105
v -3.349146 2.400882 0.256672
v -3.340225 2.412698 0.231480
v -3.340390 2.390409 0.272855
v -3.342017 2.410876 0.243842
v -3.342017 2.410876 0.243842
v -3.342684 2.408717 0.251138
v -3.342715 2.404637 0.258711
v -3.332450 2.481128 0.092941
v -3.330337 2.479883 0.092258
v -3.328927 2.478022 0.091240
v -3.328437 2.475829 0.090043
v -3.328941 2.473638 0.088847
v -3.330361 2.471782 0.087836
v -3.332482 2.470544 0.087164
v -3.334981 2.470111 0.086932
v -3.337477 2.470551 0.087177
v -3.339590 2.471797 0.087860
v -3.340999 2.473657 0.088878
v -3.341489 2.475850 0.090076
v -3.340986 2.478042 0.091271
v -3.339566 2.479898 0.092282
v -3.337445 2.481136 0.092954
v -3.334946 2.481568 0.093185
v -3.342179 2.460158 0.118829
v -3.341489 2.475850 0.090076
v -3.337767 2.454332 0.115642
v -3.337477 2.470551 0.087177
v -3.329943 2.455685 0.116367
v -3.330361 2.471782 0.087836
v -3.328367 2.462546 0.120110
v -3.328927 2.478022 0.091240
v -3.337733 2.465970 0.121994
v -3.334986 2.466444 0.122248
v -3.341626 2.462567 0.120143
v -3.340091 2.455701 0.116393
v -3.332275 2.454323 0.115628
v -3.327828 2.460135 0.118792
v -3.332240 2.465961 0.121980
v -3.337445 2.481136 0.092954
v -3.341641 2.457747 0.117512
v -3.340999 2.473657 0.088878
v -3.335023 2.453848 0.115373
v -3.334981 2.470111 0.086932
v -3.328382 2.457725 0.117478
v -3.328941 2.473638 0.088847
v -3.329917 2.464592 0.121229
v -3.330337 2.479883 0.092258
v -3.340065 2.464608 0.121255
v -3.334946 2.481568 0.093185
v -3.339566 2.479898 0.092282
v -3.332450 2.481128 0.092941
v -3.328437 2.475829 0.090043
v -3.332482 2.470544 0.087164
v -3.339590 2.471797 0.087860
v -3.340986 2.478042 0.091271
v -3.343861 2.473771 0.093897
v -3.344267 2.462148 0.115195
v -3.347143 2.470895 0.099186
v -3.347143 2.470895 0.099186
v -3.348371 2.469063 0.102548
v -3.348446 2.466936 0.106446
v -3.338393 2.466554 0.089946
v -3.338569 2.454623 0.111075
v -3.339661 2.461017 0.093780
v -3.339661 2.461017 0.093780
v -3.340137 2.458192 0.096600
v -3.340170 2.456008 0.100467
v -3.328700 2.468235 0.090841
v -3.328460 2.456371 0.112007
v -3.326397 2.463313 0.095008
v -3.326397 2.463313 0.095008
v -3.325538 2.460717 0.097952
v -3.325494 2.458546 0.101825
v -3.326748 2.476734 0.095476
v -3.326423 2.465238 0.116842
v -3.323725 2.474945 0.101353
v -3.323725 2.474945 0.101353
v -3.322598 2.473521 0.104935
v -3.322537 2.471417 0.108845
v -3.338349 2.480974 0.097817
v -3.338523 2.469657 0.119281
v -3.339602 2.480749 0.104551
v -3.339602 2.480749 0.104551
v -3.340073 2.479908 0.108453
v -3.340104 2.477838 0.112382
v -3.343193 2.470783 0.092265
v -3.343571 2.459033 0.113494
v -3.346229 2.466806 0.096953
v -3.346229 2.466806 0.096953
v -3.347366 2.464563 0.100091
v -3.347434 2.462413 0.103976
v -3.334992 2.465956 0.089611
v -3.335023 2.453998 0.110726
v -3.335009 2.460198 0.093324
v -3.335009 2.460198 0.093324
v -3.335016 2.457289 0.096098
v -3.335022 2.455101 0.099962
v -3.326766 2.470763 0.092217
v -3.326442 2.459009 0.113442
v -3.323750 2.466773 0.096892
v -3.323750 2.466773 0.096892
v -3.322624 2.464526 0.100025
v -3.322565 2.462374 0.103910
v -3.328667 2.479267 0.096863
v -3.328426 2.467881 0.118289
v -3.326352 2.478413 0.103251
v -3.326352 2.478413 0.103251
v -3.325488 2.477338 0.107024
v -3.325444 2.475254 0.110945
v -3.334975 2.470272 0.119609
v -3.334945 2.481562 0.098130
v -3.334951 2.478729 0.112859
v -3.334946 2.480795 0.108928
v -3.334944 2.481554 0.104981
v -3.334944 2.481554 0.104981
v -3.341240 2.479286 0.096902
v -3.341536 2.467897 0.118327
v -3.343556 2.478440 0.103298
v -3.343556 2.478440 0.103298
v -3.344424 2.477368 0.107074
v -3.344478 2.475283 0.110995
v -3.331546 2.480963 0.097795
v -3.331429 2.469648 0.119260
v -3.330292 2.480734 0.104525
v -3.330292 2.480734 0.104525
v -3.329824 2.479892 0.108426
v -3.329803 2.477822 0.112355
v -3.326081 2.473747 0.093844
v -3.325727 2.462122 0.115140
v -3.322812 2.470858 0.099120
v -3.322812 2.470858 0.099120
v -3.321592 2.469022 0.102477
v -3.321527 2.466894 0.106375
v -3.331589 2.466546 0.089926
v -3.331474 2.454612 0.111053
v -3.330351 2.461004 0.093756
v -3.330351 2.461004 0.093756
v -3.329890 2.458176 0.096573
v -3.329869 2.455992 0.100439
v -3.341273 2.468249 0.090878
v -3.341570 2.456391 0.112047
v -3.343601 2.463338 0.095055
v -3.343601 2.463338 0.095055
v -3.344474 2.460746 0.098002
v -3.344529 2.458576 0.101876
v -3.343175 2.476757 0.095526
v -3.343552 2.465260 0.116892
v -3.346205 2.474980 0.101414
v -3.346205 2.474980 0.101414
v -3.347338 2.473559 0.105001
v -3.347408 2.471455 0.108911
v -3.334822 2.527504 0.031167
v -3.334732 2.539346 0.312857
v -3.332853 2.527106 0.031171
v -3.331140 2.538620 0.312866
v -3.331187 2.525986 0.031196
v -3.328099 2.536576 0.312912
v -3.330077 2.524313 0.031238
v -3.326072 2.533524 0.312988
v -3.329691 2.522343 0.031290
v -3.325368 2.529929 0.313083
v -3.330088 2.520376 0.031344
v -3.326094 2.526339 0.313182
v -3.331209 2.518710 0.031393
v -3.328139 2.523300 0.313270
v -3.332882 2.517600 0.031428
v -3.331192 2.521274 0.313334
v -3.334853 2.517214 0.031444
v -3.334788 2.520570 0.313363
v -3.336822 2.517612 0.031439
v -3.338379 2.521296 0.313355
v -3.338487 2.518733 0.031414
v -3.341420 2.523340 0.313309
v -3.339598 2.520405 0.031372
v -3.343447 2.526392 0.313232
v -3.339984 2.522375 0.031320
v -3.344151 2.529987 0.313138
v -3.339586 2.524343 0.031266
v -3.343426 2.533577 0.313039
v -3.338465 2.526008 0.031218
v -3.341381 2.536617 0.312951
v -3.336793 2.527118 0.031183
v -3.338328 2.538642 0.312887
v -3.334750 2.537517 0.245041
v -3.331159 2.536792 0.245050
v -3.328119 2.534747 0.245096
v -3.326091 2.531695 0.245173
v -3.325387 2.528100 0.245267
v -3.326113 2.524510 0.245366
v -3.328158 2.521471 0.245454
v -3.331210 2.519445 0.245518
v -3.334807 2.518741 0.245548
v -3.338398 2.519467 0.245539
v -3.341439 2.521512 0.245493
v -3.343466 2.524563 0.245417
v -3.344170 2.528158 0.245322
v -3.343445 2.531748 0.245223
v -3.341399 2.534788 0.245135
v -3.338347 2.536814 0.245071
v -3.334788 2.532290 0.133404
v -3.337535 2.531753 0.133427
v -3.339868 2.530205 0.133476
v -3.341430 2.527883 0.133543
v -3.341985 2.525139 0.133619
v -3.341447 2.522393 0.133691
v -3.339898 2.520061 0.133749
v -3.337575 2.518499 0.133785
v -3.334831 2.517945 0.133791
v -3.332083 2.518482 0.133768
v -3.329751 2.520030 0.133720
v -3.328188 2.522352 0.133653
v -3.327633 2.525095 0.133577
v -3.328172 2.527842 0.133505
v -3.329720 2.530174 0.133446
v -3.332043 2.531736 0.133411
v -3.334722 2.543271 0.301784
v -3.334736 2.541723 0.254813
v -3.334709 2.548926 0.282391
v -3.334711 2.548643 0.273795
v -3.334719 2.546713 0.266405
v -3.334719 2.546713 0.266405
v -3.329637 2.540692 0.254822
v -3.329515 2.542220 0.301794
v -3.327832 2.545321 0.266421
v -3.327832 2.545321 0.266421
v -3.327163 2.547118 0.273812
v -3.327140 2.547397 0.282409
v -3.325322 2.537789 0.254885
v -3.325107 2.539257 0.301859
v -3.322002 2.541401 0.266507
v -3.322002 2.541401 0.266507
v -3.320772 2.542821 0.273908
v -3.320733 2.543089 0.282505
v -3.322446 2.533456 0.254992
v -3.322167 2.534832 0.301968
v -3.318116 2.535549 0.266653
v -3.318116 2.535549 0.266653
v -3.316513 2.536407 0.274068
v -3.316461 2.536658 0.282665
v -3.321447 2.528354 0.255126
v -3.321146 2.529621 0.302104
v -3.316766 2.528656 0.266834
v -3.316766 2.528656 0.266834
v -3.315033 2.528851 0.274267
v -3.314978 2.529083 0.282864
v -3.322476 2.523258 0.255267
v -3.322199 2.524415 0.302248
v -3.318158 2.521772 0.267024
v -3.318158 2.521772 0.267024
v -3.316558 2.521305 0.274475
v -3.316507 2.521517 0.283073
v -3.325378 2.518944 0.255394
v -3.325164 2.520009 0.302377
v -3.322078 2.515944 0.267194
v -3.322078 2.515944 0.267194
v -3.320856 2.514918 0.274661
v -3.320817 2.515113 0.283259
v -3.329711 2.516068 0.255486
v -3.329591 2.517073 0.302472
v -3.327931 2.512060 0.267318
v -3.327931 2.512060 0.267318
v -3.327271 2.510660 0.274795
v -3.327250 2.510844 0.283394
v -3.334816 2.515069 0.255531
v -3.334804 2.516054 0.302518
v -3.334826 2.510710 0.267376
v -3.334826 2.510710 0.267376
v -3.334829 2.509181 0.274859
v -3.334827 2.509362 0.283458
v -3.339915 2.516098 0.255522
v -3.340010 2.517107 0.302508
v -3.341714 2.512101 0.267360
v -3.341714 2.512101 0.267360
v -3.342379 2.510706 0.274841
v -3.342396 2.510891 0.283440
v -3.344233 2.519000 0.255459
v -3.344416 2.520071 0.302444
v -3.347545 2.516021 0.267273
v -3.347545 2.516021 0.267273
v -3.348769 2.515003 0.274745
v -3.348803 2.515199 0.283344
v -3.347111 2.523333 0.255352
v -3.347353 2.524495 0.302335
v -3.351432 2.521873 0.267128
v -3.351432 2.521873 0.267128
v -3.353029 2.521418 0.274585
v -3.353074 2.521630 0.283184
v -3.348111 2.528437 0.255218
v -3.348374 2.529705 0.302198
v -3.352782 2.528767 0.266946
v -3.352782 2.528767 0.266946
v -3.354509 2.528973 0.274386
v -3.354557 2.529205 0.282984
v -3.347080 2.533535 0.255077
v -3.347322 2.534908 0.302054
v -3.351391 2.535652 0.266757
v -3.351391 2.535652 0.266757
v -3.352984 2.536519 0.274178
v -3.353028 2.536770 0.282776
v -3.344176 2.537850 0.254950
v -3.344359 2.539314 0.301925
v -3.347468 2.541481 0.266587
v -3.347468 2.541481 0.266587
v -3.348686 2.542907 0.273992
v -3.348719 2.543175 0.282589
v -3.339841 2.540725 0.254858
v -3.339934 2.542250 0.301830
v -3.341614 2.545365 0.266463
v -3.341614 2.545365 0.266463
v -3.342269 2.547165 0.273858
v -3.342287 2.547444 0.282454
v -3.332303 2.530254 0.100684
v -3.330190 2.528833 0.100716
v -3.328781 2.526713 0.100769
v -3.328293 2.524215 0.100835
v -3.328796 2.521719 0.100904
v -3.330217 2.519608 0.100965
v -3.332339 2.518199 0.101009
v -3.334838 2.517711 0.101030
v -3.337334 2.518215 0.101024
v -3.339447 2.519636 0.100992
v -3.340855 2.521756 0.100939
v -3.341344 2.524254 0.100873
v -3.340840 2.526750 0.100804
v -3.339419 2.528862 0.100743
v -3.337298 2.530269 0.100699
v -3.334798 2.530758 0.100678
v -3.341985 2.525139 0.133619
v -3.341344 2.524254 0.100873
v -3.337575 2.518499 0.133785
v -3.337334 2.518215 0.101024
v -3.329751 2.520030 0.133720
v -3.330217 2.519608 0.100965
v -3.328172 2.527842 0.133505
v -3.328781 2.526713 0.100769
v -3.337535 2.531753 0.133427
v -3.334788 2.532290 0.133404
v -3.341430 2.527883 0.133543
v -3.339898 2.520061 0.133749
v -3.332083 2.518482 0.133768
v -3.327633 2.525095 0.133577
v -3.332043 2.531736 0.133411
v -3.337298 2.530269 0.100699
v -3.341447 2.522393 0.133691
v -3.340855 2.521756 0.100939
v -3.334831 2.517945 0.133791
v -3.334838 2.517711 0.101030
v -3.328188 2.522352 0.133653
v -3.328796 2.521719 0.100904
v -3.329720 2.530174 0.133446
v -3.330190 2.528833 0.100716
v -3.339868 2.530205 0.133476
v -3.334798 2.530758 0.100678
v -3.339419 2.528862 0.100743
v -3.332303 2.530254 0.100684
v -3.328293 2.524215 0.100835
v -3.332339 2.518199 0.101009
v -3.339447 2.519636 0.100992
v -3.340840 2.526750 0.100804
v -3.343709 2.524379 0.105226
v -3.344078 2.525034 0.129480
v -3.346982 2.524551 0.111248
v -3.346982 2.524551 0.111248
v -3.348204 2.524658 0.115077
v -3.348272 2.524778 0.119516
v -3.338244 2.516151 0.105428
v -3.338383 2.516456 0.129692
v -3.339505 2.513293 0.111528
v -3.339505 2.513293 0.111528
v -3.339976 2.512267 0.115386
v -3.340001 2.512322 0.119826
v -3.328551 2.518050 0.105343
v -3.328274 2.518432 0.129603
v -3.326240 2.515889 0.111416
v -3.326240 2.515889 0.111416
v -3.325375 2.515123 0.115264
v -3.325324 2.515193 0.119704
v -3.326596 2.527726 0.105075
v -3.326233 2.528526 0.129324
v -3.323563 2.529132 0.111050
v -3.323563 2.529132 0.111050
v -3.322429 2.529701 0.114861
v -3.322362 2.529847 0.119299
v -3.338195 2.532573 0.104985
v -3.338332 2.533577 0.129230
v -3.339437 2.535764 0.110922
v -3.339437 2.535764 0.110922
v -3.339901 2.536999 0.114719
v -3.339926 2.537183 0.119156
v -3.343042 2.520976 0.105315
v -3.343384 2.521486 0.129573
v -3.346070 2.519894 0.111371
v -3.346070 2.519894 0.111371
v -3.347201 2.519533 0.115213
v -3.347263 2.519626 0.119652
v -3.334843 2.515465 0.105435
v -3.334838 2.515739 0.129698
v -3.334852 2.512353 0.111538
v -3.334852 2.512353 0.111538
v -3.334854 2.511232 0.115398
v -3.334853 2.511282 0.119839
v -3.326616 2.520926 0.105259
v -3.326254 2.521432 0.129515
v -3.323591 2.519826 0.111301
v -3.323591 2.519826 0.111301
v -3.322460 2.519457 0.115138
v -3.322393 2.519549 0.119577
v -3.328513 2.530614 0.105004
v -3.328235 2.531539 0.129250
v -3.326188 2.533086 0.110952
v -3.326188 2.533086 0.110952
v -3.325318 2.534052 0.114753
v -3.325267 2.534221 0.119191
v -3.334783 2.534272 0.129199
v -3.334790 2.533238 0.104955
v -3.334773 2.538191 0.119113
v -3.334774 2.538002 0.114676
v -3.334779 2.536675 0.110882
v -3.334779 2.536675 0.110882
v -3.341086 2.530656 0.105047
v -3.341345 2.531577 0.129294
v -3.343392 2.533140 0.111005
v -3.343392 2.533140 0.111005
v -3.344254 2.534111 0.114810
v -3.344302 2.534279 0.119248
v -3.331391 2.532550 0.104962
v -3.331237 2.533557 0.129206
v -3.330127 2.535735 0.110893
v -3.330127 2.535735 0.110893
v -3.329653 2.536967 0.114688
v -3.329625 2.537151 0.119125
v -3.325930 2.524324 0.105165
v -3.325538 2.524977 0.129417
v -3.322651 2.524476 0.111173
v -3.322651 2.524476 0.111173
v -3.321425 2.524576 0.114996
v -3.321353 2.524695 0.119435
v -3.331440 2.516132 0.105405
v -3.331288 2.516432 0.129668
v -3.330194 2.513265 0.111499
v -3.330194 2.513265 0.111499
v -3.329728 2.512235 0.115355
v -3.329700 2.512290 0.119795
v -3.341123 2.518086 0.105386
v -3.341384 2.518474 0.129647
v -3.343444 2.515940 0.111469
v -3.343444 2.515940 0.111469
v -3.344311 2.515182 0.115321
v -3.344359 2.515253 0.119761
v -3.343022 2.527779 0.105132
v -3.343363 2.528577 0.129382
v -3.346042 2.529203 0.111120
v -3.346042 2.529203 0.111120
v -3.347170 2.529778 0.114936
v -3.347232 2.529924 0.119374
v -3.334786 2.539300 0.023974
v -3.334276 2.691113 0.261550
v -3.332818 2.538958 0.024175
v -3.330685 2.690489 0.261917
v -3.331151 2.538002 0.024757
v -3.327643 2.688743 0.262980
v -3.330040 2.536577 0.025632
v -3.325615 2.686142 0.264577
v -3.329653 2.534899 0.026667
v -3.324909 2.683082 0.266464
v -3.330050 2.533226 0.027703
v -3.325633 2.680028 0.268356
v -3.331170 2.531811 0.028583
v -3.327677 2.677445 0.269962
v -3.332842 2.530869 0.029174
v -3.330729 2.675727 0.271040
v -3.334813 2.530545 0.029385
v -3.334324 2.675136 0.271425
v -3.336781 2.530887 0.029184
v -3.337916 2.675760 0.271058
v -3.338448 2.531843 0.028602
v -3.340958 2.677506 0.269995
v -3.339559 2.533268 0.027727
v -3.342986 2.680106 0.268398
v -3.339946 2.534946 0.026692
v -3.343692 2.683167 0.266511
v -3.339550 2.536619 0.025656
v -3.342968 2.686221 0.264620
v -3.338429 2.538035 0.024775
v -3.340924 2.688803 0.263013
v -3.336757 2.538976 0.024185
v -3.337872 2.690521 0.261935
v -3.334397 2.655448 0.203841
v -3.330805 2.654824 0.204208
v -3.327764 2.653079 0.205271
v -3.325735 2.650478 0.206867
v -3.325030 2.647418 0.208755
v -3.325753 2.644363 0.210646
v -3.327797 2.641781 0.212253
v -3.330849 2.640063 0.213331
v -3.334445 2.639471 0.213716
v -3.338037 2.640095 0.213348
v -3.341078 2.641841 0.212286
v -3.343107 2.644442 0.210689
v -3.343812 2.647503 0.208802
v -3.343088 2.650557 0.206911
v -3.341044 2.653139 0.205304
v -3.337992 2.654857 0.204226
v -3.334600 2.594822 0.109955
v -3.337347 2.594370 0.110249
v -3.339679 2.593058 0.111073
v -3.341241 2.591084 0.112301
v -3.341794 2.588751 0.113745
v -3.341255 2.586412 0.115188
v -3.339705 2.584425 0.116408
v -3.337381 2.583091 0.117219
v -3.334637 2.582614 0.117500
v -3.331889 2.583067 0.117206
v -3.329558 2.584379 0.116383
v -3.327996 2.586352 0.115155
v -3.327443 2.588686 0.113710
v -3.327982 2.591024 0.112268
v -3.329532 2.593012 0.111048
v -3.331855 2.594345 0.110236
v -3.334285 2.688941 0.250005
v -3.334369 2.663996 0.210175
v -3.334303 2.684083 0.230397
v -3.334319 2.679518 0.223107
v -3.334336 2.674135 0.217689
v -3.334336 2.674135 0.217689
v -3.329270 2.663107 0.210694
v -3.329078 2.688036 0.250534
v -3.327449 2.672937 0.218391
v -3.327449 2.672937 0.218391
v -3.326769 2.678205 0.223878
v -3.326734 2.682767 0.231169
v -3.324954 2.660627 0.212201
v -3.324668 2.685504 0.252072
v -3.321618 2.669590 0.220428
v -3.321618 2.669590 0.220428
v -3.320377 2.674536 0.226111
v -3.320325 2.679089 0.233407
v -3.322075 2.656934 0.214466
v -3.321727 2.681733 0.254385
v -3.317729 2.664602 0.223489
v -3.317729 2.664602 0.223489
v -3.316115 2.669070 0.229466
v -3.316051 2.673608 0.236772
v -3.321074 2.652590 0.217145
v -3.320704 2.677295 0.257122
v -3.316376 2.658733 0.227108
v -3.316376 2.658733 0.227108
v -3.314632 2.662637 0.233433
v -3.314564 2.667159 0.240749
v -3.322101 2.648256 0.219829
v -3.321754 2.672868 0.259864
v -3.317764 2.652878 0.230734
v -3.317764 2.652878 0.230734
v -3.316154 2.656219 0.237408
v -3.316090 2.660723 0.244735
v -3.325001 2.644591 0.222111
v -3.324717 2.669125 0.262195
v -3.321682 2.647927 0.233816
v -3.321682 2.647927 0.233816
v -3.320448 2.650791 0.240785
v -3.320396 2.655282 0.248121
v -3.329333 2.642153 0.223644
v -3.329142 2.666636 0.263759
v -3.327533 2.644633 0.235884
v -3.327533 2.644633 0.235884
v -3.326862 2.647181 0.243051
v -3.326828 2.651662 0.250393
v -3.334437 2.641314 0.224193
v -3.334354 2.665781 0.264318
v -3.334428 2.643498 0.236623
v -3.334428 2.643498 0.236623
v -3.334419 2.645937 0.243860
v -3.334404 2.650415 0.251204
v -3.339537 2.642200 0.223675
v -3.339561 2.666688 0.263789
v -3.341316 2.644696 0.235921
v -3.341316 2.644696 0.235921
v -3.341969 2.647250 0.243090
v -3.341974 2.651731 0.250431
v -3.343856 2.644679 0.222168
v -3.343969 2.669220 0.262250
v -3.347149 2.648044 0.233884
v -3.347149 2.648044 0.233884
v -3.348362 2.650919 0.240857
v -3.348383 2.655410 0.248193
v -3.346736 2.648373 0.219903
v -3.346908 2.672990 0.259937
v -3.351038 2.653031 0.230823
v -3.351038 2.653031 0.230823
v -3.352625 2.656386 0.237502
v -3.352656 2.660892 0.244829
v -3.347738 2.652718 0.217223
v -3.347930 2.677426 0.257201
v -3.352391 2.658900 0.227203
v -3.352391 2.658900 0.227203
v -3.354108 2.662818 0.233535
v -3.354143 2.667340 0.240851
v -3.346710 2.657055 0.214537
v -3.346882 2.681852 0.254460
v -3.351003 2.664757 0.223577
v -3.351003 2.664757 0.223577
v -3.352586 2.669237 0.229560
v -3.352617 2.673775 0.236866
v -3.343808 2.660720 0.212254
v -3.343920 2.685595 0.252130
v -3.347084 2.669709 0.220495
v -3.347084 2.669709 0.220495
v -3.348290 2.674665 0.226182
v -3.348311 2.679217 0.233480
v -3.339474 2.663158 0.210723
v -3.339497 2.688084 0.250565
v -3.341231 2.673002 0.218427
v -3.341231 2.673002 0.218427
v -3.341876 2.678275 0.223916
v -3.341881 2.682837 0.231208
v -3.332164 2.576616 0.082688
v -3.330050 2.575403 0.083426
v -3.328641 2.573596 0.084536
v -3.328151 2.571469 0.085847
v -3.328654 2.569346 0.087161
v -3.330074 2.567552 0.088278
v -3.332195 2.566358 0.089027
v -3.334693 2.565947 0.089294
v -3.337189 2.566381 0.089039
v -3.339303 2.567594 0.088301
v -3.340713 2.569401 0.087192
v -3.341202 2.571528 0.085880
v -3.340699 2.573650 0.084566
v -3.339279 2.575445 0.083449
v -3.337159 2.576639 0.082700
v -3.334660 2.577050 0.082433
v -3.341794 2.588751 0.113745
v -3.341202 2.571528 0.085880
v -3.337381 2.583091 0.117219
v -3.337189 2.566381 0.089039
v -3.329558 2.584379 0.116383
v -3.330074 2.567552 0.088278
v -3.327982 2.591024 0.112268
v -3.328641 2.573596 0.084536
v -3.337347 2.594370 0.110249
v -3.334600 2.594822 0.109955
v -3.341241 2.591084 0.112301
v -3.339705 2.584425 0.116408
v -3.331889 2.583067 0.117206
v -3.327443 2.588686 0.113710
v -3.331855 2.594345 0.110236
v -3.337159 2.576639 0.082700
v -3.341255 2.586412 0.115188
v -3.340713 2.569401 0.087192
v -3.334637 2.582614 0.117500
v -3.334693 2.565947 0.089294
v -3.327996 2.586352 0.115155
v -3.328654 2.569346 0.087161
v -3.329532 2.593012 0.111048
v -3.330050 2.575403 0.083426
v -3.339679 2.593058 0.111073
v -3.334660 2.577050 0.082433
v -3.339279 2.575445 0.083449
v -3.332164 2.576616 0.082688
v -3.328151 2.571469 0.085847
v -3.332195 2.566358 0.089027
v -3.339303 2.567594 0.088301
v -3.340699 2.573650 0.084566
v -3.343561 2.573824 0.089584
v -3.343894 2.586581 0.110223
v -3.346824 2.577001 0.094709
v -3.346824 2.577001 0.094709
v -3.348042 2.579019 0.097967
v -3.348102 2.581353 0.101744
v -3.338092 2.566810 0.093886
v -3.338195 2.579268 0.114709
v -3.339342 2.567405 0.100598
v -3.339342 2.567405 0.100598
v -3.339807 2.568458 0.104449
v -3.339826 2.570737 0.108260
v -3.328400 2.568405 0.092843
v -3.328086 2.580928 0.113624
v -3.326079 2.569588 0.099176
v -3.326079 2.569588 0.099176
v -3.325208 2.570860 0.102886
v -3.325150 2.573152 0.106689
v -3.326449 2.576635 0.087746
v -3.326050 2.589514 0.108306
v -3.323408 2.580853 0.092200
v -3.323408 2.580853 0.092200
v -3.322268 2.583259 0.095207
v -3.322195 2.585616 0.098970
v -3.338050 2.580785 0.085249
v -3.338151 2.593838 0.105705
v -3.339285 2.586528 0.088780
v -3.339285 2.586528 0.088780
v -3.339744 2.589504 0.091443
v -3.339762 2.591893 0.095186
v -3.342893 2.570926 0.091371
v -3.343197 2.583560 0.112086
v -3.345911 2.573036 0.097154
v -3.345911 2.573036 0.097154
v -3.347035 2.574655 0.100658
v -3.347091 2.576967 0.104450
v -3.334692 2.566219 0.094231
v -3.334649 2.578650 0.115070
v -3.334689 2.566596 0.101072
v -3.334689 2.566596 0.101072
v -3.334685 2.567567 0.104972
v -3.334678 2.569842 0.108786
v -3.326466 2.570848 0.091322
v -3.326068 2.583477 0.112037
v -3.323432 2.572933 0.097094
v -3.323432 2.572933 0.097094
v -3.322295 2.574542 0.100595
v -3.322222 2.576853 0.104386
v -3.328368 2.579098 0.086235
v -3.328053 2.592082 0.106731
v -3.326035 2.584222 0.090132
v -3.326035 2.584222 0.090132
v -3.325160 2.586968 0.092931
v -3.325102 2.589344 0.096682
v -3.334602 2.594422 0.105323
v -3.334646 2.581343 0.084884
v -3.334609 2.592741 0.094634
v -3.334617 2.590347 0.090894
v -3.334627 2.587293 0.088281
v -3.334627 2.587293 0.088281
v -3.340940 2.579160 0.086271
v -3.341163 2.592143 0.106770
v -3.343239 2.584303 0.090177
v -3.343239 2.584303 0.090177
v -3.344095 2.587055 0.092979
v -3.344136 2.589431 0.096731
v -3.331246 2.580751 0.085230
v -3.331056 2.593806 0.105683
v -3.329974 2.586484 0.088756
v -3.329974 2.586484 0.088756
v -3.329496 2.589457 0.091416
v -3.329461 2.591846 0.095159
v -3.325782 2.573738 0.089532
v -3.325353 2.586492 0.110170
v -3.322494 2.576889 0.094644
v -3.322494 2.576889 0.094644
v -3.321262 2.578896 0.097898
v -3.321184 2.581230 0.101675
v -3.331288 2.566779 0.093865
v -3.331100 2.579233 0.114689
v -3.330031 2.567363 0.100573
v -3.330031 2.567363 0.100573
v -3.329559 2.568411 0.104423
v -3.329525 2.570690 0.108234
v -3.340972 2.568463 0.092881
v -3.341197 2.580992 0.113661
v -3.343282 2.569667 0.099222
v -3.343282 2.569667 0.099222
v -3.344144 2.570946 0.102935
v -3.344185 2.573239 0.106738
v -3.342875 2.576715 0.087793
v -3.343179 2.589594 0.108357
v -3.345886 2.580957 0.092258
v -3.345886 2.580957 0.092258
v -3.347009 2.583373 0.095271
v -3.347065 2.585730 0.099034
v -3.334767 2.545884 0.011827
v -3.333961 2.796533 0.140917
v -3.332798 2.545689 0.012170
v -3.330367 2.796176 0.141543
v -3.331130 2.545153 0.013151
v -3.327323 2.795200 0.143334
v -3.330017 2.544360 0.014623
v -3.325292 2.793753 0.146019
v -3.329627 2.543430 0.016359
v -3.324582 2.792056 0.149188
v -3.330022 2.542505 0.018097
v -3.325303 2.790367 0.152358
v -3.331140 2.541724 0.019571
v -3.327342 2.788942 0.155049
v -3.332811 2.541208 0.020557
v -3.330392 2.788000 0.156848
v -3.334781 2.541034 0.020906
v -3.333987 2.787683 0.157484
v -3.336750 2.541230 0.020563
v -3.337579 2.788040 0.156858
v -3.338418 2.541765 0.019581
v -3.340624 2.789016 0.155067
v -3.339531 2.542557 0.018110
v -3.342655 2.790463 0.152382
v -3.339920 2.543488 0.016373
v -3.343365 2.792161 0.149213
v -3.339526 2.544414 0.014636
v -3.342645 2.793850 0.146043
v -3.338408 2.545194 0.013161
v -3.340605 2.795274 0.143353
v -3.336737 2.545711 0.012175
v -3.337555 2.796216 0.141552
v -3.334153 2.736697 0.108951
v -3.330560 2.736340 0.109577
v -3.327517 2.735363 0.111368
v -3.325485 2.733916 0.114052
v -3.324775 2.732219 0.117222
v -3.325495 2.730530 0.120392
v -3.327535 2.729105 0.123082
v -3.330585 2.728163 0.124882
v -3.334180 2.727846 0.125518
v -3.337772 2.728203 0.124892
v -3.340816 2.729179 0.123100
v -3.342848 2.730627 0.120416
v -3.343557 2.732324 0.117247
v -3.342838 2.734013 0.114076
v -3.340797 2.735437 0.111386
v -3.337748 2.736380 0.109586
v -3.334473 2.637098 0.058255
v -3.337220 2.636856 0.058740
v -3.339550 2.636136 0.060116
v -3.341109 2.635047 0.062171
v -3.341659 2.633756 0.064594
v -3.341117 2.632459 0.067015
v -3.339565 2.631354 0.069066
v -3.337239 2.630608 0.070435
v -3.334494 2.630335 0.070913
v -3.331747 2.630577 0.070427
v -3.329417 2.631297 0.069052
v -3.327858 2.632386 0.066997
v -3.327308 2.633677 0.064574
v -3.327850 2.634974 0.062153
v -3.329403 2.636079 0.060102
v -3.331728 2.636825 0.058733
v -3.333986 2.788853 0.132027
v -3.334120 2.747269 0.110131
v -3.334031 2.774798 0.117517
v -3.334056 2.767188 0.113510
v -3.334080 2.759811 0.111531
v -3.334080 2.759811 0.111531
v -3.329019 2.746759 0.111018
v -3.328777 2.788334 0.132932
v -3.327190 2.759126 0.112730
v -3.327190 2.759126 0.112730
v -3.326504 2.766437 0.114824
v -3.326461 2.774046 0.118835
v -3.324699 2.745371 0.113561
v -3.324364 2.786916 0.135527
v -3.321355 2.757253 0.116164
v -3.321355 2.757253 0.116164
v -3.320108 2.764385 0.118589
v -3.320046 2.771988 0.122609
v -3.321816 2.743316 0.117371
v -3.321418 2.784818 0.139419
v -3.317460 2.754478 0.121311
v -3.317460 2.754478 0.121311
v -3.315838 2.761343 0.124231
v -3.315765 2.768939 0.128266
v -3.320809 2.740906 0.121869
v -3.320389 2.782356 0.144013
v -3.316099 2.751223 0.127387
v -3.316099 2.751223 0.127387
v -3.314347 2.757776 0.130891
v -3.314270 2.765361 0.134944
v -3.321831 2.738508 0.126370
v -3.321433 2.779907 0.148610
v -3.317479 2.747983 0.133467
v -3.317479 2.747983 0.133467
v -3.315860 2.754225 0.137555
v -3.315787 2.761801 0.141626
v -3.324726 2.736488 0.130189
v -3.324391 2.777844 0.152511
v -3.321391 2.745253 0.138626
v -3.321391 2.745253 0.138626
v -3.320147 2.751232 0.143209
v -3.320086 2.758801 0.147294
v -3.329054 2.735152 0.132745
v -3.328813 2.776480 0.155120
v -3.327237 2.743447 0.142078
v -3.327237 2.743447 0.142078
v -3.326556 2.749252 0.146992
v -3.326512 2.756815 0.151088
v -3.334157 2.734704 0.133650
v -3.334024 2.776024 0.156042
v -3.334131 2.742841 0.143297
v -3.334131 2.742841 0.143297
v -3.334112 2.748587 0.148329
v -3.334087 2.756149 0.152427
v -3.339258 2.735213 0.132764
v -3.339231 2.776544 0.155136
v -3.341020 2.743526 0.142099
v -3.341020 2.743526 0.142099
v -3.341663 2.749338 0.147014
v -3.341659 2.756902 0.151109
v -3.343580 2.736601 0.130222
v -3.343643 2.777962 0.152540
v -3.346857 2.745399 0.138665
v -3.346857 2.745399 0.138665
v -3.348060 2.751390 0.143250
v -3.348072 2.758960 0.147334
v -3.346465 2.738657 0.126412
v -3.346587 2.780060 0.148650
v -3.350753 2.748174 0.133517
v -3.350753 2.748174 0.133517
v -3.352330 2.754432 0.137608
v -3.352352 2.762009 0.141678
v -3.347473 2.741067 0.121912
v -3.347615 2.782520 0.144057
v -3.352114 2.751430 0.127440
v -3.352114 2.751430 0.127440
v -3.353822 2.757999 0.130947
v -3.353848 2.765585 0.135000
v -3.346451 2.743466 0.117409
v -3.346572 2.784969 0.139461
v -3.350733 2.754669 0.121359
v -3.350733 2.754669 0.121359
v -3.352309 2.761550 0.124283
v -3.352331 2.769146 0.128318
v -3.343554 2.745487 0.113589
v -3.343616 2.787032 0.135561
v -3.346821 2.757400 0.116200
v -3.346821 2.757400 0.116200
v -3.348021 2.764543 0.118628
v -3.348032 2.772146 0.122649
v -3.339223 2.746822 0.111033
v -3.339196 2.788396 0.132951
v -3.340972 2.759206 0.112749
v -3.340972 2.759206 0.112749
v -3.341611 2.766523 0.114845
v -3.341607 2.774131 0.118856
v -3.332071 2.607652 0.043828
v -3.329955 2.606974 0.045073
v -3.328543 2.605968 0.046938
v -3.328051 2.604789 0.049140
v -3.328551 2.603614 0.051344
v -3.329968 2.602625 0.053213
v -3.332087 2.601970 0.054464
v -3.334586 2.601749 0.054905
v -3.337082 2.601998 0.054471
v -3.339197 2.602676 0.053226
v -3.340610 2.603682 0.051361
v -3.341102 2.604861 0.049158
v -3.340602 2.606036 0.046955
v -3.339185 2.607025 0.045085
v -3.337066 2.607680 0.043835
v -3.334567 2.607900 0.043393
v -3.341659 2.633756 0.064594
v -3.341102 2.604861 0.049158
v -3.337239 2.630608 0.070435
v -3.337082 2.601998 0.054471
v -3.329417 2.631297 0.069052
v -3.329968 2.602625 0.053213
v -3.327850 2.634974 0.062153
v -3.328543 2.605968 0.046938
v -3.337220 2.636856 0.058740
v -3.334473 2.637098 0.058255
v -3.341109 2.635047 0.062171
v -3.339565 2.631354 0.069066
v -3.331747 2.630577 0.070427
v -3.327308 2.633677 0.064574
v -3.331728 2.636825 0.058733
v -3.337066 2.607680 0.043835
v -3.341117 2.632459 0.067015
v -3.340610 2.603682 0.051361
v -3.334494 2.630335 0.070913
v -3.334586 2.601749 0.054905
v -3.327858 2.632386 0.066997
v -3.328551 2.603614 0.051344
v -3.329403 2.636079 0.060102
v -3.329955 2.606974 0.045073
v -3.339550 2.636136 0.060116
v -3.334567 2.607900 0.043393
v -3.339185 2.607025 0.045085
v -3.332071 2.607652 0.043828
v -3.328051 2.604789 0.049140
v -3.332087 2.601970 0.054464
v -3.339197 2.602676 0.053226
v -3.340602 2.606036 0.046955
v -3.343457 2.608709 0.051210
v -3.343764 2.630111 0.062643
v -3.346714 2.614033 0.054049
v -3.346714 2.614033 0.054049
v -3.347926 2.617415 0.055854
v -3.347982 2.621332 0.057946
v -3.337979 2.604805 0.058446
v -3.338055 2.626041 0.070187
v -3.339218 2.608694 0.063951
v -3.339218 2.608694 0.063951
v -3.339678 2.611539 0.066753
v -3.339692 2.615426 0.068902
v -3.328288 2.605656 0.056729
v -3.327949 2.626927 0.068400
v -3.325958 2.609861 0.061605
v -3.325958 2.609861 0.061605
v -3.325082 2.612824 0.064172
v -3.325020 2.616717 0.066308
v -3.326349 2.610209 0.048182
v -3.325924 2.631676 0.059485
v -3.323302 2.616092 0.049909
v -3.323302 2.616092 0.049909
v -3.322159 2.619684 0.051298
v -3.322081 2.623612 0.053366
v -3.337955 2.612546 0.043956
v -3.338030 2.634112 0.055080
v -3.339187 2.619286 0.044124
v -3.339187 2.619286 0.044124
v -3.339643 2.623198 0.044931
v -3.339656 2.627144 0.046967
v -3.342784 2.607102 0.054210
v -3.343063 2.628435 0.065770
v -3.345794 2.611834 0.058154
v -3.345794 2.611834 0.058154
v -3.346914 2.614995 0.060372
v -3.346965 2.618899 0.062488
v -3.334577 2.604466 0.059037
v -3.334508 2.625687 0.070805
v -3.334565 2.608231 0.064761
v -3.334565 2.608231 0.064761
v -3.334555 2.611030 0.067645
v -3.334543 2.614914 0.069798
v -3.326358 2.607003 0.054182
v -3.325934 2.628332 0.065744
v -3.323315 2.611705 0.058121
v -3.323315 2.611705 0.058121
v -3.322173 2.614855 0.060337
v -3.322096 2.618758 0.062452
v -3.328270 2.611579 0.045642
v -3.327930 2.633105 0.056835
v -3.325934 2.617967 0.046432
v -3.325934 2.617967 0.046432
v -3.325056 2.621747 0.047471
v -3.324993 2.625686 0.049519
v -3.334482 2.634423 0.054452
v -3.334552 2.612844 0.043355
v -3.334505 2.627598 0.046055
v -3.334517 2.623648 0.044024
v -3.334530 2.619695 0.043301
v -3.334530 2.619695 0.043301
v -3.340843 2.611656 0.045660
v -3.341040 2.633183 0.056858
v -3.343138 2.618066 0.046456
v -3.343138 2.618066 0.046456
v -3.343991 2.621854 0.047497
v -3.344027 2.625794 0.049546
v -3.331151 2.612504 0.043947
v -3.330935 2.634070 0.055067
v -3.329876 2.619232 0.044111
v -3.329876 2.619232 0.044111
v -3.329395 2.623139 0.044916
v -3.329355 2.627086 0.046951
v -3.325677 2.608602 0.051181
v -3.325223 2.630000 0.062613
v -3.322383 2.613894 0.054014
v -3.322383 2.613894 0.054014
v -3.321147 2.617264 0.055816
v -3.321064 2.621180 0.057908
v -3.331175 2.604765 0.058433
v -3.330960 2.625998 0.070177
v -3.329908 2.608641 0.063937
v -3.329908 2.608641 0.063937
v -3.329430 2.611481 0.066738
v -3.329391 2.615367 0.068888
v -3.340860 2.605731 0.056751
v -3.341058 2.627006 0.068419
v -3.343162 2.609959 0.061632
v -3.343162 2.609959 0.061632
v -3.344018 2.612931 0.064199
v -3.344054 2.616825 0.066335
v -3.342774 2.610308 0.048207
v -3.343053 2.631778 0.059513
v -3.345780 2.616222 0.049941
v -3.345780 2.616222 0.049941
v -3.346900 2.619824 0.051333
v -3.346951 2.623753 0.053402
v -3.346971 2.520497 -0.009944
v -3.321387 2.520420 -0.037259
v -3.346989 2.514511 -0.008754
v -3.321436 2.503981 -0.033989
v -3.347004 2.509437 -0.005363
v -3.321478 2.490046 -0.024677
v -3.347014 2.506046 -0.000289
v -3.321506 2.480734 -0.010741
v -3.347018 2.504855 0.005697
v -3.321516 2.477464 0.005697
v -3.347014 2.506046 0.011683
v -3.321506 2.480734 0.022136
v -3.347004 2.509437 0.016757
v -3.321478 2.490046 0.036072
v -3.346989 2.514511 0.020148
v -3.321436 2.503981 0.045383
v -3.346971 2.520497 0.021339
v -3.321387 2.520420 0.048653
v -3.346953 2.526482 0.020148
v -3.321338 2.536858 0.045383
v -3.346938 2.531557 0.016757
v -3.321296 2.550794 0.036072
v -3.346928 2.534947 0.011683
v -3.321268 2.560106 0.022136
v -3.346924 2.536138 0.005697
v -3.321258 2.563375 0.005697
v -3.346928 2.534947 -0.000289
v -3.321268 2.560106 -0.010741
v -3.346938 2.531557 -0.005363
v -3.321296 2.550794 -0.024677
v -3.346953 2.526482 -0.008754
v -3.321338 2.536858 -0.033989
v -3.346971 2.520497 -0.037259
v -3.347021 2.504058 -0.033989
v -3.347062 2.490122 -0.024677
v -3.347090 2.480811 -0.010741
v -3.347100 2.477541 0.005697
v -3.347090 2.480811 0.022136
v -3.347062 2.490122 0.036072
v -3.347021 2.504058 0.045383
v -3.346971 2.520497 0.048653
v -3.346922 2.536935 0.045383
v -3.346880 2.550871 0.036072
v -3.346852 2.560183 0.022136
v -3.346843 2.563452 0.005697
v -3.346852 2.560183 -0.010741
v -3.346880 2.550871 -0.024677
v -3.346922 2.536935 -0.033989
v -3.400932 2.520658 -0.009944
v -3.400950 2.514673 -0.008754
v -3.400965 2.509598 -0.005363
v -3.400975 2.506208 -0.000289
v -3.400978 2.505017 0.005697
v -3.400975 2.506208 0.011683
v -3.400965 2.509598 0.016757
v -3.400950 2.514673 0.020148
v -3.400932 2.520658 0.021339
v -3.400913 2.526644 0.020148
v -3.400898 2.531719 0.016757
v -3.400888 2.535109 0.011683
v -3.400884 2.536300 0.005697
v -3.400888 2.535109 -0.000289
v -3.400898 2.531719 -0.005363
v -3.400913 2.526644 -0.008754
v -3.469186 2.560066 0.058442
v -3.467266 2.595701 0.023303
v -3.468790 2.586599 0.056235
v -3.468438 2.593121 0.049804
v -3.468030 2.595560 0.040980
v -3.389201 2.594893 0.023299
v -3.391121 2.559258 0.058438
v -3.389965 2.594753 0.040976
v -3.390373 2.592314 0.049801
v -3.390724 2.585792 0.056231
v -3.465809 2.595970 -0.010404
v -3.464537 2.556697 -0.050235
v -3.464954 2.596128 -0.030199
v -3.464556 2.593554 -0.040112
v -3.464323 2.586367 -0.047402
v -3.386472 2.555890 -0.050239
v -3.387744 2.595162 -0.010408
v -3.386257 2.585560 -0.047406
v -3.386490 2.592747 -0.040116
v -3.386889 2.595320 -0.030203
v 2.507414 2.419360 -0.127087
v 2.506505 5.676850 -0.074182
v 2.571311 2.419360 -0.109965
v 2.544404 5.676850 -0.064027
v 2.618087 2.419360 -0.063190
v 2.572148 5.676850 -0.036283
v 2.635208 2.419360 0.000707
v 2.582303 5.676850 0.001615
v 2.618087 2.419360 0.064604
v 2.572148 5.676850 0.039514
v 2.571311 2.419360 0.111380
v 2.544404 5.676850 0.067258
v 2.507414 2.419360 0.128501
v 2.506505 5.676850 0.077413
v 2.443517 2.419360 0.111380
v 2.468606 5.676850 0.067258
v 2.396741 2.419360 0.064604
v 2.440862 5.676850 0.039514
v 2.379620 2.419360 0.000707
v 2.430708 5.676850 0.001616
v 2.396741 2.419360 -0.063190
v 2.440862 5.676850 -0.036283
v 2.443517 2.419360 -0.109965
v 2.468606 5.676850 -0.064027
v 2.477725 5.634171 -0.051595
v 2.455756 5.634171 -0.029626
v 2.507736 5.634171 -0.059636
v 2.544114 5.634617 -0.063172
v 2.571292 5.634617 -0.035993
v 2.567757 5.634171 0.000385
v 2.559715 5.634171 0.030395
v 2.537746 5.634171 0.052365
v 2.507736 5.634171 0.060406
v 2.477725 5.634171 0.052365
v 2.455756 5.634171 0.030395
v 2.447715 5.634171 0.000385
v 2.534951 5.850511 -0.047653
v 2.506505 5.850511 -0.055275
v 2.555774 5.850511 -0.026830
v 2.563396 5.850511 0.001615
v 2.555774 5.850511 0.030061
v 2.534951 5.850511 0.050884
v 2.506505 5.850511 0.058506
v 2.478060 5.850511 0.050884
v 2.457236 5.850511 0.030061
v 2.449614 5.850511 0.001615
v 2.457236 5.850511 -0.026830
v 2.478060 5.850511 -0.047653
v -0.491456 1.695702 -0.202040
v -0.491456 5.922114 -0.116147
v -0.391399 1.695702 -0.175230
v -0.434346 5.922114 -0.100845
v -0.318153 1.695702 -0.101983
v -0.392539 5.922114 -0.059037
v -0.291343 1.695702 -0.001927
v -0.377236 5.922114 -0.001927
v -0.318153 1.695702 0.098130
v -0.392539 5.922114 0.055182
v -0.391399 1.695702 0.171376
v -0.434346 5.922114 0.096990
v -0.491456 1.695702 0.198187
v -0.491456 5.922114 0.112292
v -0.591512 1.695702 0.171376
v -0.548566 5.922114 0.096990
v -0.664759 1.695702 0.098130
v -0.590373 5.922114 0.055183
v -0.691569 1.695702 -0.001927
v -0.605676 5.922114 -0.001927
v -0.664759 1.695702 -0.101983
v -0.590373 5.922114 -0.059037
v -0.591513 1.695702 -0.175230
v -0.548566 5.922114 -0.100845
v -0.293319 5.922078 -0.345111
v -0.491456 5.922078 -0.398202
v -0.148273 5.922078 -0.200065
v -0.095182 5.922078 -0.001927
v -0.148273 5.922078 0.196210
v -0.293319 5.922078 0.341256
v -0.491456 5.922078 0.394347
v -0.689593 5.922078 0.341256
v -0.834639 5.922078 0.196210
v -0.887730 5.922078 -0.001927
v -0.834639 5.922078 -0.200064
v -0.689593 5.922078 -0.345111
v -0.450209 6.567564 -0.073370
v -0.491456 6.567564 -0.084422
v -0.420013 6.567564 -0.043175
v -0.408961 6.567564 -0.001928
v -0.420013 6.567564 0.039320
v -0.450209 6.567564 0.069515
v -0.491456 6.567564 0.080567
v -0.532703 6.567564 0.069515
v -0.562899 6.567564 0.039320
v -0.573951 6.567564 -0.001927
v -0.562898 6.567564 -0.043175
v -0.532703 6.567564 -0.073370
v -0.229909 6.567564 -0.454940
v -0.491456 6.567564 -0.525021
v -0.038444 6.567564 -0.263474
v 0.031637 6.567564 -0.001928
v -0.038444 6.567564 0.259619
v -0.229909 6.567564 0.451084
v -0.491456 6.567564 0.521165
v -0.753002 6.567564 0.451084
v -0.944468 6.567564 0.259619
v -1.014549 6.567564 -0.001927
v -0.944468 6.567564 -0.263474
v -0.753002 6.567564 -0.454939
v -0.455442 7.707533 -0.064305
v -0.491455 7.707533 -0.073955
v -0.429078 7.707533 -0.037941
v -0.419428 7.707533 -0.001928
v -0.429078 7.707533 0.034086
v -0.455442 7.707533 0.060450
v -0.491455 7.707533 0.070100
v -0.527469 7.707533 0.060450
v -0.553833 7.707533 0.034086
v -0.563483 7.707533 -0.001928
v -0.553833 7.707533 -0.037941
v -0.527469 7.707533 -0.064305
v -0.460684 7.886417 -0.055225
v -0.491455 7.886417 -0.063470
v -0.438157 7.886417 -0.032699
v -0.429912 7.886417 -0.001928
v -0.438157 7.886417 0.028843
v -0.460684 7.886417 0.051370
v -0.491455 7.886417 0.059615
v -0.522226 7.886417 0.051370
v -0.544752 7.886417 0.028843
v -0.552997 7.886417 -0.001928
v -0.544752 7.886417 -0.032699
v -0.522226 7.886417 -0.055225
v -0.491455 7.686106 0.051302
v -0.518070 7.686106 0.044171
v -0.438225 7.686106 -0.001928
v -0.445357 7.686106 0.024687
v -0.537554 7.686106 -0.028542
v -0.518070 7.686106 -0.048026
v -0.491455 7.686106 -0.055158
v -0.464840 7.686106 -0.048026
v -0.537554 7.686106 0.024687
v -0.464840 7.686106 0.044171
v -0.445357 7.686106 -0.028543
v -0.544685 7.686106 -0.001928
v -0.669850 5.302591 -0.735476
v -0.669850 5.298127 0.749302
v -0.615773 5.285020 -0.735536
v -0.615773 5.280556 0.749242
v -0.582351 5.239020 -0.735694
v -0.582351 5.234556 0.749084
v -0.582351 5.182161 -0.735890
v -0.582351 5.177697 0.748888
v -0.615773 5.136160 -0.736048
v -0.615773 5.131696 0.748730
v -0.669850 5.118590 -0.736109
v -0.669850 5.114126 0.748670
v -0.723926 5.136160 -0.736048
v -0.723926 5.131696 0.748730
v -0.757348 5.182161 -0.735890
v -0.757348 5.177697 0.748888
v -0.757348 5.239020 -0.735694
v -0.757348 5.234556 0.749084
v -0.723926 5.285020 -0.735536
v -0.723926 5.280556 0.749242
v -0.689966 3.950322 -1.159858
v -0.689966 3.945857 1.159013
v -0.635889 3.932751 -1.159918
v -0.635889 3.928287 1.158953
v -0.602467 3.886751 -1.160076
v -0.602467 3.882287 1.158795
v -0.602467 3.829892 -1.160272
v -0.602467 3.825428 1.158599
v -0.635889 3.783891 -1.160430
v -0.635889 3.779427 1.158441
v -0.689966 3.766320 -1.160491
v -0.689966 3.761856 1.158381
v -0.744043 3.783891 -1.160430
v -0.744043 3.779427 1.158441
v -0.777464 3.829892 -1.160272
v -0.777464 3.825428 1.158599
v -0.777464 3.886751 -1.160076
v -0.777464 3.882287 1.158795
v -0.744043 3.932751 -1.159918
v -0.744043 3.928287 1.158953
v 2.395455 4.693663 -0.715434
v 2.395455 4.690022 0.734003
v 2.439558 4.679333 -0.715483
v 2.439558 4.675692 0.733954
v 2.466816 4.641816 -0.715612
v 2.466816 4.638175 0.733825
v 2.466816 4.595443 -0.715772
v 2.466816 4.591803 0.733665
v 2.439558 4.557927 -0.715901
v 2.439558 4.554286 0.733536
v 2.395455 4.543597 -0.715950
v 2.395455 4.539956 0.733487
v 2.351351 4.557927 -0.715901
v 2.351351 4.554286 0.733536
v 2.324093 4.595443 -0.715772
v 2.324093 4.591803 0.733665
v 2.324093 4.641816 -0.715612
v 2.324093 4.638175 0.733825
v 2.351351 4.679333 -0.715483
v 2.351351 4.675692 0.733954
v -0.529487 7.028144 -0.002218
v -0.518974 7.643759 -0.002823
v -0.878128 7.002057 -0.528207
v -0.855814 7.611186 -0.537646
v -0.874314 7.002017 -0.529403
v -0.525669 7.028104 -0.003418
v -0.515157 7.643719 -0.004023
v -0.851865 7.611157 -0.538903
v -0.679062 7.036153 -0.289979
v -0.687975 7.627994 -0.276136
v -0.675255 7.036113 -0.291171
v -0.684150 7.627950 -0.277340
v -0.524246 7.335899 -0.002513
v -0.847827 7.326259 -0.551483
v -0.520429 7.335859 -0.003713
v -0.844037 7.326220 -0.552661
v -0.666794 7.337977 -0.295163
v -0.670615 7.338017 -0.293961
v -0.837243 7.615139 -0.429088
v -0.833431 7.615092 -0.430296
v -0.821071 7.008007 -0.443150
v -0.817263 7.007987 -0.444343
v -0.792191 7.328281 -0.462858
v -0.795985 7.328327 -0.461677
v 2.463472 4.991615 0.000423
v 2.473734 5.592576 -0.000167
v 2.123131 4.966149 -0.513044
v 2.144913 5.560778 -0.522259
v 2.125337 4.966109 -0.514212
v 2.465682 4.991576 -0.000748
v 2.475945 5.592536 -0.001339
v 2.147252 5.560750 -0.523486
v 2.317458 4.999434 -0.280487
v 2.308758 5.577185 -0.266973
v 2.319657 4.999395 -0.281651
v 2.310975 5.577143 -0.268149
v 2.468588 5.292045 0.000135
v 2.152710 5.282633 -0.535766
v 2.470798 5.292006 -0.001036
v 2.154894 5.282596 -0.536916
v 2.327917 5.294073 -0.285548
v 2.325704 5.294112 -0.284374
v 2.163042 5.564636 -0.416285
v 2.165247 5.564590 -0.417464
v 2.178830 4.971958 -0.430012
v 2.181030 4.971939 -0.431177
v 2.205506 5.284607 -0.449251
v 2.203318 5.284652 -0.448099
v -0.711336 3.869547 1.028929
v -0.721990 5.232162 0.685963
v -0.711336 3.869547 -1.025175
v -0.721990 5.232162 -0.676694
v -0.795631 4.550855 0.840498
v -0.795631 4.550855 -0.822485
v -0.711336 4.102570 -0.275730
v -0.711336 3.979126 0.336550
v -0.721992 5.093122 0.227553
v -0.721070 5.091675 -0.223171
v -0.855811 4.550855 0.321645
v -0.864958 4.600930 -0.227387
v -0.717416 3.979112 0.336550
v -0.717416 3.869534 1.028930
v -0.801711 4.550841 0.840498
v -0.728071 5.232148 0.685963
v -0.727151 5.091661 -0.223171
v -0.728071 5.232148 -0.676694
v -0.801711 4.550840 -0.822485
v -0.717416 3.869533 -1.025175
v -0.871039 4.600915 -0.227387
v -0.717416 4.102556 -0.275729
v -0.728073 5.093108 0.227553
v -0.861892 4.550841 0.321645
v -0.723941 2.343085 1.313084
v -0.734595 3.824038 0.685963
v -0.723941 2.362778 -1.291391
v -0.734595 3.824038 -0.676694
v -0.853074 3.142731 1.066877
v -0.808236 3.142730 -1.059397
v -0.738261 2.607374 -0.275729
v -0.723941 2.523403 0.336550
v -0.734598 3.684998 0.227553
v -0.733675 3.683551 -0.223171
v -0.868416 3.142731 0.321645
v -0.912904 3.192805 -0.282223
v -0.730022 2.523389 0.336550
v -0.730022 2.343071 1.313085
v -0.859155 3.142716 1.066877
v -0.740676 3.824024 0.685963
v -0.739756 3.683537 -0.223171
v -0.740676 3.824024 -0.676694
v -0.814317 3.142716 -1.059397
v -0.730022 2.362763 -1.291391
v -0.918985 3.192791 -0.282223
v -0.744342 2.607360 -0.275729
v -0.740678 3.684983 0.227553
v -0.874497 3.142716 0.321645
v 2.370968 3.288635 1.007024
v 2.360568 4.618813 0.672222
v 2.370968 3.288635 -0.998182
v 2.360568 4.618813 -0.657997
v 2.288680 3.953724 0.823078
v 2.288680 3.953723 -0.800318
v 2.370968 3.516110 -0.266577
v 2.370968 3.395605 0.331127
v 2.360565 4.483082 0.224725
v 2.361466 4.481670 -0.215270
v 2.229932 3.953724 0.316576
v 2.221003 4.002606 -0.219386
v 2.365032 3.395591 0.331127
v 2.365032 3.288621 1.007024
v 2.282744 3.953710 0.823079
v 2.354631 4.618799 0.672222
v 2.355530 4.481656 -0.215270
v 2.354631 4.618799 -0.657997
v 2.282744 3.953709 -0.800317
v 2.365032 3.288621 -0.998182
v 2.215067 4.002592 -0.219386
v 2.365032 3.516097 -0.266577
v 2.354629 4.483068 0.224725
v 2.223996 3.953710 0.316576
v -0.723941 2.343085 1.313084
v -0.730022 2.343071 1.313085
v -0.561210 1.784088 1.675322
v -0.567291 1.784073 1.675322
v -0.727550 2.349560 1.319111
v -0.721469 2.349575 1.319111
v -0.564819 1.790563 1.681348
v -0.558739 1.790577 1.681348
v -0.732126 2.357032 1.298064
v -0.730746 2.357047 1.298064
v -0.733028 2.363522 1.304091
v -0.728275 2.363537 1.304091
v -0.577788 1.907932 -1.668856
v -0.583868 1.907917 -1.668856
v -0.723955 2.369556 -1.300367
v -0.730035 2.369542 -1.300367
v -0.577802 1.914710 -1.677832
v -0.583882 1.914695 -1.677832
v -0.726670 2.374197 -1.282767
v -0.730638 2.374183 -1.282767
v -0.726683 2.380976 -1.285112
v -0.730651 2.380961 -1.285112
v 2.756555 2.309824 1.392772
v 2.750619 2.309810 1.392772
v 2.365031 3.294555 1.008949
v 2.370966 3.294569 1.008949
v 2.750617 2.315743 1.394697
v 2.756553 2.315758 1.394697
v 2.365047 3.290424 1.001467
v 2.369368 3.290438 1.001467
v 2.365045 3.296357 1.003392
v 2.369366 3.296371 1.003392
v 2.667551 2.428233 -1.348121
v 2.661615 2.428219 -1.348121
v 2.370963 3.290710 -1.002848
v 2.365027 3.290696 -1.002848
v 2.667546 2.430309 -1.352787
v 2.661610 2.430295 -1.352786
v 2.369259 3.294775 -0.988007
v 2.365088 3.294761 -0.988007
v 2.369254 3.296850 -0.992673
v 2.365083 3.296836 -0.992672
v -1.440801 2.091959 -1.089900
v -1.440801 2.091959 -1.416561
v -1.114140 2.091959 -1.416561
v -1.114140 2.091959 -1.089900
v -1.426091 2.068124 -1.104610
v -1.426091 2.068124 -1.401851
v -1.128849 2.068124 -1.401851
v -1.128849 2.068124 -1.104610
v -1.908659 1.891137 -1.407182
v -1.908659 2.485669 -1.372917
v -1.818081 1.891137 -1.389165
v -1.831194 2.485669 -1.357508
v -1.741293 1.891137 -1.337856
v -1.765522 2.485669 -1.313628
v -1.689985 1.891137 -1.261068
v -1.721641 2.485669 -1.247956
v -1.671968 1.891137 -1.170491
v -1.706232 2.485669 -1.170491
v -1.689985 1.891137 -1.079913
v -1.721641 2.485669 -1.093025
v -1.741293 1.891137 -1.003125
v -1.765522 2.485669 -1.027353
v -1.818081 1.891137 -0.951816
v -1.831194 2.485669 -0.983473
v -1.908659 1.891137 -0.933800
v -1.908659 2.485669 -0.968064
v -1.999237 1.891137 -0.951816
v -1.986124 2.485669 -0.983473
v -2.076025 1.891137 -1.003125
v -2.051796 2.485669 -1.027353
v -2.127333 1.891137 -1.079913
v -2.095677 2.485669 -1.093025
v -2.145350 1.891137 -1.170491
v -2.111085 2.485669 -1.170491
v -2.127333 1.891137 -1.261068
v -2.095677 2.485669 -1.247956
v -2.076025 1.891137 -1.337856
v -2.051796 2.485669 -1.313628
v -1.999237 1.891137 -1.389165
v -1.986124 2.485669 -1.357508
v -1.908659 2.346879 -1.440416
v -1.805363 2.346879 -1.419869
v -1.717793 2.346879 -1.361357
v -1.659280 2.346879 -1.273787
v -1.638734 2.346879 -1.170491
v -1.659280 2.346880 -1.067195
v -1.717793 2.346880 -0.979625
v -1.805363 2.346880 -0.921112
v -1.908659 2.346880 -0.900565
v -2.011955 2.346880 -0.921112
v -2.099525 2.346880 -0.979624
v -2.158038 2.346880 -1.067195
v -2.178584 2.346879 -1.170491
v -2.158038 2.346879 -1.273787
v -2.099525 2.346879 -1.361357
v -2.011955 2.346879 -1.419869
v -1.805363 2.309873 -1.419869
v -1.717793 2.309873 -1.361357
v -1.659280 2.309873 -1.273787
v -1.638734 2.309873 -1.170491
v -1.659280 2.309873 -1.067195
v -1.717793 2.309873 -0.979625
v -1.805363 2.309873 -0.921112
v -1.908659 2.309873 -0.900565
v -2.011955 2.309873 -0.921112
v -2.099525 2.309873 -0.979624
v -2.158038 2.309873 -1.067195
v -2.178584 2.309873 -1.170491
v -2.158038 2.309873 -1.273787
v -2.099525 2.309873 -1.361357
v -2.011955 2.309873 -1.419869
v -1.908659 2.309873 -1.440416
v -1.805363 2.101265 -1.419869
v -1.717793 2.101265 -1.361357
v -1.659280 2.101265 -1.273787
v -1.638734 2.101265 -1.170491
v -1.659280 2.101265 -1.067195
v -1.717793 2.101265 -0.979624
v -1.805363 2.101265 -0.921112
v -1.908659 2.101265 -0.900565
v -2.011955 2.101265 -0.921112
v -2.099525 2.101265 -0.979624
v -2.158038 2.101265 -1.067195
v -2.178584 2.101265 -1.170491
v -2.158038 2.101265 -1.273787
v -2.099525 2.101265 -1.361357
v -2.011955 2.101265 -1.419869
v -1.908659 2.101265 -1.440416
v -1.805363 2.060274 -1.419869
v -1.717793 2.060274 -1.361357
v -1.659280 2.060274 -1.273787
v -1.638734 2.060274 -1.170491
v -1.659280 2.060274 -1.067195
v -1.717793 2.060274 -0.979624
v -1.805363 2.060274 -0.921112
v -1.908659 2.060274 -0.900565
v -2.011955 2.060274 -0.921112
v -2.099525 2.060274 -0.979624
v -2.158038 2.060274 -1.067195
v -2.178584 2.060274 -1.170491
v -2.158038 2.060274 -1.273787
v -2.099525 2.060274 -1.361357
v -2.011955 2.060274 -1.419869
v -1.908659 2.060274 -1.440416
v -1.908659 2.314383 -1.451978
v -1.908659 2.352975 -1.451978
v -2.016379 2.352975 -1.430551
v -2.107700 2.352975 -1.369532
v -2.168719 2.352975 -1.278211
v -2.190146 2.352975 -1.170491
v -2.168719 2.352975 -1.062770
v -2.107700 2.352975 -0.971449
v -2.016380 2.352975 -0.910430
v -1.908659 2.352975 -0.889004
v -1.800939 2.352975 -0.910430
v -1.709618 2.352975 -0.971449
v -1.648599 2.352975 -1.062770
v -1.627172 2.352975 -1.170491
v -1.648599 2.352975 -1.278211
v -1.709618 2.352975 -1.369532
v -1.800939 2.352975 -1.430551
v -1.800939 2.314383 -1.430550
v -1.709618 2.314383 -1.369532
v -1.648599 2.314383 -1.278211
v -1.627172 2.314383 -1.170491
v -1.648599 2.314383 -1.062770
v -1.709618 2.314383 -0.971449
v -1.800939 2.314383 -0.910430
v -1.908659 2.314383 -0.889004
v -2.016380 2.314383 -0.910430
v -2.107700 2.314383 -0.971449
v -2.168719 2.314383 -1.062770
v -2.190146 2.314383 -1.170491
v -2.168719 2.314383 -1.278211
v -2.107700 2.314383 -1.369532
v -2.016379 2.314383 -1.430550
v -1.908659 2.054093 -1.451978
v -1.908659 2.096840 -1.451978
v -2.016379 2.096840 -1.430550
v -2.107700 2.096840 -1.369532
v -2.168719 2.096840 -1.278211
v -2.190146 2.096840 -1.170491
v -2.168719 2.096840 -1.062770
v -2.107700 2.096840 -0.971449
v -2.016380 2.096840 -0.910430
v -1.908659 2.096840 -0.889004
v -1.800939 2.096840 -0.910430
v -1.709618 2.096840 -0.971449
v -1.648599 2.096840 -1.062770
v -1.627172 2.096840 -1.170491
v -1.648599 2.096840 -1.278211
v -1.709618 2.096840 -1.369532
v -1.800939 2.096840 -1.430550
v -1.800939 2.054093 -1.430550
v -1.709618 2.054093 -1.369532
v -1.648599 2.054093 -1.278211
v -1.627172 2.054093 -1.170491
v -1.648599 2.054093 -1.062770
v -1.709618 2.054093 -0.971449
v -1.800939 2.054094 -0.910430
v -1.908659 2.054094 -0.889004
v -2.016380 2.054094 -0.910430
v -2.107700 2.054093 -0.971449
v -2.168719 2.054093 -1.062770
v -2.190146 2.054093 -1.170491
v -2.168719 2.054093 -1.278211
v -2.107700 2.054093 -1.369532
v -2.016379 2.054093 -1.430550
v -1.820077 2.485669 -1.384345
v -1.908659 2.485669 -1.401965
v -1.744982 2.485669 -1.334168
v -1.694804 2.485669 -1.259072
v -1.677184 2.485669 -1.170491
v -1.694804 2.485669 -1.081909
v -1.744982 2.485669 -1.006813
v -1.820077 2.485669 -0.956636
v -1.908659 2.485669 -0.939016
v -1.997241 2.485669 -0.956636
v -2.072336 2.485669 -1.006813
v -2.122514 2.485669 -1.081909
v -2.140134 2.485669 -1.170491
v -2.122514 2.485669 -1.259072
v -2.072336 2.485669 -1.334168
v -1.997241 2.485669 -1.384345
v -1.831194 2.456990 -1.357508
v -1.908659 2.456990 -1.372917
v -1.765522 2.456990 -1.313628
v -1.721641 2.456990 -1.247956
v -1.706232 2.456990 -1.170491
v -1.721641 2.456990 -1.093025
v -1.765522 2.456990 -1.027353
v -1.831194 2.456990 -0.983473
v -1.908659 2.456990 -0.968064
v -1.986124 2.456990 -0.983473
v -2.051796 2.456990 -1.027353
v -2.095677 2.456990 -1.093025
v -2.111085 2.456990 -1.170491
v -2.095677 2.456990 -1.247956
v -2.051796 2.456990 -1.313628
v -1.986124 2.456990 -1.357508
v 3.129833 2.443164 -1.407182
v 3.129833 3.037697 -1.372917
v 3.220411 2.443164 -1.389165
v 3.207298 3.037697 -1.357508
v 3.297199 2.443164 -1.337856
v 3.272970 3.037697 -1.313628
v 3.348507 2.443164 -1.261068
v 3.316850 3.037697 -1.247956
v 3.366524 2.443164 -1.170491
v 3.332259 3.037697 -1.170491
v 3.348507 2.443164 -1.079913
v 3.316850 3.037697 -1.093025
v 3.297199 2.443164 -1.003125
v 3.272970 3.037697 -1.027353
v 3.220411 2.443164 -0.951817
v 3.207298 3.037697 -0.983473
v 3.129833 2.443164 -0.933800
v 3.129833 3.037697 -0.968064
v 3.039255 2.443164 -0.951817
v 3.052367 3.037697 -0.983473
v 2.962467 2.443164 -1.003125
v 2.986696 3.037697 -1.027353
v 2.911159 2.443164 -1.079913
v 2.942815 3.037697 -1.093025
v 2.893141 2.443164 -1.170491
v 2.927406 3.037697 -1.170491
v 2.911159 2.443164 -1.261068
v 2.942815 3.037697 -1.247956
v 2.962467 2.443164 -1.337857
v 2.986696 3.037697 -1.313628
v 3.039255 2.443164 -1.389165
v 3.052367 3.037697 -1.357508
v 3.129833 2.898907 -1.440416
v 3.233129 2.898907 -1.419869
v 3.320699 2.898907 -1.361357
v 3.379211 2.898907 -1.273787
v 3.399758 2.898907 -1.170491
v 3.379211 2.898907 -1.067195
v 3.320699 2.898907 -0.979625
v 3.233129 2.898907 -0.921112
v 3.129833 2.898907 -0.900565
v 3.026537 2.898907 -0.921112
v 2.938967 2.898907 -0.979624
v 2.880454 2.898907 -1.067195
v 2.859907 2.898907 -1.170491
v 2.880454 2.898907 -1.273787
v 2.938967 2.898907 -1.361357
v 3.026537 2.898907 -1.419869
v 3.233129 2.861900 -1.419869
v 3.320699 2.861900 -1.361357
v 3.379211 2.861900 -1.273787
v 3.399758 2.861900 -1.170491
v 3.379211 2.861900 -1.067195
v 3.320699 2.861900 -0.979625
v 3.233129 2.861900 -0.921112
v 3.129833 2.861900 -0.900565
v 3.026537 2.861900 -0.921112
v 2.938967 2.861900 -0.979624
v 2.880454 2.861900 -1.067195
v 2.859907 2.861900 -1.170491
v 2.880454 2.861900 -1.273787
v 2.938967 2.861900 -1.361357
v 3.026537 2.861900 -1.419869
v 3.129833 2.861900 -1.440416
v 3.233129 2.653293 -1.419869
v 3.320699 2.653293 -1.361357
v 3.379211 2.653293 -1.273787
v 3.399758 2.653293 -1.170491
v 3.379211 2.653293 -1.067195
v 3.320699 2.653293 -0.979625
v 3.233129 2.653293 -0.921112
v 3.129833 2.653293 -0.900565
v 3.026537 2.653293 -0.921112
v 2.938967 2.653293 -0.979624
v 2.880454 2.653293 -1.067195
v 2.859907 2.653293 -1.170491
v 2.880454 2.653293 -1.273787
v 2.938967 2.653293 -1.361357
v 3.026537 2.653293 -1.419869
v 3.129833 2.653293 -1.440416
v 3.233129 2.612302 -1.419869
v 3.320699 2.612302 -1.361357
v 3.379211 2.612302 -1.273787
v 3.399758 2.612302 -1.170491
v 3.379211 2.612302 -1.067195
v 3.320699 2.612302 -0.979625
v 3.233129 2.612302 -0.921112
v 3.129833 2.612302 -0.900565
v 3.026537 2.612302 -0.921112
v 2.938967 2.612302 -0.979624
v 2.880454 2.612302 -1.067195
v 2.859907 2.612302 -1.170491
v 2.880454 2.612302 -1.273787
v 2.938967 2.612302 -1.361357
v 3.026537 2.612302 -1.419869
v 3.129833 2.612302 -1.440416
v 3.129833 2.866410 -1.451978
v 3.129833 2.905002 -1.451978
v 3.022112 2.905002 -1.430551
v 2.930791 2.905002 -1.369532
v 2.869772 2.905002 -1.278211
v 2.848346 2.905002 -1.170491
v 2.869772 2.905002 -1.062770
v 2.930791 2.905002 -0.971449
v 3.022112 2.905002 -0.910431
v 3.129833 2.905002 -0.889004
v 3.237553 2.905002 -0.910431
v 3.328874 2.905002 -0.971449
v 3.389893 2.905002 -1.062770
v 3.411319 2.905002 -1.170491
v 3.389893 2.905002 -1.278211
v 3.328874 2.905002 -1.369532
v 3.237553 2.905002 -1.430551
v 3.237553 2.866410 -1.430551
v 3.328874 2.866410 -1.369532
v 3.389893 2.866410 -1.278211
v 3.411319 2.866410 -1.170491
v 3.389893 2.866410 -1.062770
v 3.328874 2.866410 -0.971449
v 3.237553 2.866410 -0.910431
v 3.129833 2.866410 -0.889004
v 3.022112 2.866410 -0.910431
v 2.930791 2.866410 -0.971449
v 2.869772 2.866410 -1.062770
v 2.848346 2.866410 -1.170491
v 2.869772 2.866410 -1.278211
v 2.930791 2.866410 -1.369532
v 3.022112 2.866410 -1.430551
v 3.129833 2.606121 -1.451978
v 3.129833 2.648868 -1.451978
v 3.022112 2.648868 -1.430551
v 2.930791 2.648868 -1.369532
v 2.869772 2.648868 -1.278211
v 2.848346 2.648868 -1.170491
v 2.869772 2.648868 -1.062770
v 2.930791 2.648868 -0.971449
v 3.022112 2.648868 -0.910431
v 3.129833 2.648868 -0.889004
v 3.237553 2.648868 -0.910431
v 3.328874 2.648868 -0.971449
v 3.389893 2.648868 -1.062770
v 3.411319 2.648868 -1.170491
v 3.389893 2.648868 -1.278211
v 3.328874 2.648868 -1.369532
v 3.237553 2.648868 -1.430551
v 3.237553 2.606121 -1.430551
v 3.328874 2.606121 -1.369532
v 3.389893 2.606121 -1.278211
v 3.411319 2.606121 -1.170491
v 3.389893 2.606121 -1.062770
v 3.328874 2.606121 -0.971449
v 3.237553 2.606121 -0.910431
v 3.129833 2.606121 -0.889004
v 3.022112 2.606121 -0.910431
v 2.930791 2.606121 -0.971449
v 2.869772 2.606121 -1.062770
v 2.848346 2.606121 -1.170491
v 2.869772 2.606121 -1.278211
v 2.930791 2.606121 -1.369532
v 3.022112 2.606121 -1.430551
v 3.218414 3.037697 -1.384345
v 3.129833 3.037697 -1.401965
v 3.293510 3.037697 -1.334168
v 3.343687 3.037697 -1.259072
v 3.361307 3.037697 -1.170491
v 3.343687 3.037697 -1.081909
v 3.293510 3.037697 -1.006813
v 3.218414 3.037697 -0.956636
v 3.129833 3.037697 -0.939016
v 3.041251 3.037697 -0.956636
v 2.966155 3.037697 -1.006813
v 2.915978 3.037697 -1.081909
v 2.898358 3.037697 -1.170491
v 2.915978 3.037697 -1.259072
v 2.966155 3.037697 -1.334168
v 3.041251 3.037697 -1.384345
v 3.207298 3.009018 -1.357508
v 3.129833 3.009018 -1.372917
v 3.272970 3.009018 -1.313628
v 3.316850 3.009018 -1.247956
v 3.332259 3.009018 -1.170491
v 3.316850 3.009018 -1.093025
v 3.272970 3.009018 -1.027353
v 3.207298 3.009018 -0.983473
v 3.129833 3.009018 -0.968064
v 3.052367 3.009018 -0.983473
v 2.986696 3.009018 -1.027353
v 2.942815 3.009018 -1.093025
v 2.927406 3.009018 -1.170491
v 2.942815 3.009018 -1.247956
v 2.986696 3.009018 -1.313628
v 3.052367 3.009018 -1.357508
v 3.129833 2.443164 -0.836194
v 3.129833 3.037697 -0.801930
v 3.220411 2.443164 -0.818177
v 3.207298 3.037697 -0.786521
v 3.297199 2.443164 -0.766869
v 3.272970 3.037697 -0.742640
v 3.348507 2.443164 -0.690081
v 3.316850 3.037697 -0.676968
v 3.366524 2.443164 -0.599503
v 3.332259 3.037697 -0.599503
v 3.348507 2.443164 -0.508925
v 3.316850 3.037697 -0.522038
v 3.297199 2.443164 -0.432137
v 3.272970 3.037697 -0.456366
v 3.220411 2.443164 -0.380829
v 3.207298 3.037697 -0.412485
v 3.129833 2.443165 -0.362812
v 3.129833 3.037697 -0.397077
v 3.039255 2.443164 -0.380829
v 3.052367 3.037697 -0.412485
v 2.962467 2.443164 -0.432137
v 2.986696 3.037697 -0.456366
v 2.911159 2.443164 -0.508925
v 2.942815 3.037697 -0.522038
v 2.893141 2.443164 -0.599503
v 2.927406 3.037697 -0.599503
v 2.911159 2.443164 -0.690081
v 2.942815 3.037697 -0.676969
v 2.962467 2.443164 -0.766869
v 2.986696 3.037697 -0.742640
v 3.039255 2.443164 -0.818177
v 3.052367 3.037697 -0.786521
v 3.129833 2.898907 -0.869429
v 3.233129 2.898907 -0.848882
v 3.320699 2.898907 -0.790369
v 3.379211 2.898907 -0.702799
v 3.399758 2.898907 -0.599503
v 3.379211 2.898907 -0.496207
v 3.320699 2.898907 -0.408637
v 3.233129 2.898907 -0.350124
v 3.129833 2.898907 -0.329578
v 3.026537 2.898907 -0.350124
v 2.938967 2.898907 -0.408637
v 2.880454 2.898907 -0.496207
v 2.859907 2.898907 -0.599503
v 2.880454 2.898907 -0.702799
v 2.938967 2.898907 -0.790369
v 3.026537 2.898907 -0.848882
v 3.233129 2.861900 -0.848882
v 3.320699 2.861900 -0.790369
v 3.379211 2.861900 -0.702799
v 3.399758 2.861900 -0.599503
v 3.379211 2.861900 -0.496207
v 3.320699 2.861900 -0.408637
v 3.233129 2.861900 -0.350124
v 3.129833 2.861900 -0.329578
v 3.026537 2.861900 -0.350124
v 2.938967 2.861900 -0.408637
v 2.880454 2.861900 -0.496207
v 2.859907 2.861900 -0.599503
v 2.880454 2.861900 -0.702799
v 2.938967 2.861900 -0.790369
v 3.026537 2.861900 -0.848882
v 3.129833 2.861900 -0.869429
v 3.233129 2.653293 -0.848882
v 3.320699 2.653293 -0.790369
v 3.379211 2.653293 -0.702799
v 3.399758 2.653293 -0.599503
v 3.379211 2.653293 -0.496207
v 3.320699 2.653293 -0.408637
v 3.233129 2.653293 -0.350124
v 3.129833 2.653293 -0.329578
v 3.026537 2.653293 -0.350124
v 2.938967 2.653293 -0.408637
v 2.880454 2.653293 -0.496207
v 2.859907 2.653293 -0.599503
v 2.880454 2.653293 -0.702799
v 2.938967 2.653293 -0.790369
v 3.026537 2.653293 -0.848882
v 3.129833 2.653293 -0.869429
v 3.233129 2.612302 -0.848882
v 3.320699 2.612302 -0.790369
v 3.379211 2.612302 -0.702799
v 3.399758 2.612302 -0.599503
v 3.379211 2.612302 -0.496207
v 3.320699 2.612302 -0.408637
v 3.233129 2.612302 -0.350124
v 3.129833 2.612302 -0.329578
v 3.026537 2.612302 -0.350124
v 2.938967 2.612302 -0.408637
v 2.880454 2.612302 -0.496207
v 2.859907 2.612302 -0.599503
v 2.880454 2.612302 -0.702799
v 2.938967 2.612302 -0.790369
v 3.026537 2.612302 -0.848882
v 3.129833 2.612302 -0.869429
v 3.129833 2.866410 -0.880990
v 3.129833 2.905002 -0.880990
v 3.022112 2.905002 -0.859563
v 2.930791 2.905002 -0.798545
v 2.869772 2.905002 -0.707224
v 2.848346 2.905002 -0.599503
v 2.869772 2.905002 -0.491783
v 2.930791 2.905002 -0.400462
v 3.022112 2.905003 -0.339443
v 3.129833 2.905003 -0.318016
v 3.237553 2.905003 -0.339443
v 3.328874 2.905002 -0.400462
v 3.389893 2.905002 -0.491783
v 3.411319 2.905002 -0.599503
v 3.389893 2.905002 -0.707223
v 3.328874 2.905002 -0.798544
v 3.237553 2.905002 -0.859563
v 3.237553 2.866410 -0.859563
v 3.328874 2.866410 -0.798544
v 3.389893 2.866410 -0.707223
v 3.411319 2.866410 -0.599503
v 3.389893 2.866410 -0.491783
v 3.328874 2.866410 -0.400462
v 3.237553 2.866410 -0.339443
v 3.129833 2.866410 -0.318016
v 3.022112 2.866410 -0.339443
v 2.930791 2.866410 -0.400462
v 2.869772 2.866410 -0.491783
v 2.848346 2.866410 -0.599503
v 2.869772 2.866410 -0.707224
v 2.930791 2.866410 -0.798545
v 3.022112 2.866410 -0.859563
v 3.129833 2.606121 -0.880990
v 3.129833 2.648868 -0.880990
v 3.022112 2.648868 -0.859563
v 2.930791 2.648868 -0.798545
v 2.869772 2.648868 -0.707224
v 2.848346 2.648868 -0.599503
v 2.869772 2.648868 -0.491783
v 2.930791 2.648868 -0.400461
v 3.022112 2.648868 -0.339443
v 3.129833 2.648868 -0.318016
v 3.237553 2.648868 -0.339443
v 3.328874 2.648868 -0.400462
v 3.389893 2.648868 -0.491783
v 3.411319 2.648868 -0.599503
v 3.389893 2.648868 -0.707223
v 3.328874 2.648868 -0.798544
v 3.237553 2.648868 -0.859563
v 3.237553 2.606121 -0.859563
v 3.328874 2.606121 -0.798544
v 3.389893 2.606121 -0.707223
v 3.411319 2.606121 -0.599503
v 3.389893 2.606121 -0.491783
v 3.328874 2.606121 -0.400462
v 3.237553 2.606121 -0.339443
v 3.129833 2.606121 -0.318016
v 3.022112 2.606121 -0.339443
v 2.930791 2.606121 -0.400461
v 2.869772 2.606121 -0.491783
v 2.848346 2.606121 -0.599503
v 2.869772 2.606121 -0.707224
v 2.930791 2.606121 -0.798545
v 3.022112 2.606121 -0.859563
v 3.218414 3.037697 -0.813358
v 3.129833 3.037697 -0.830978
v 3.293510 3.037697 -0.763180
v 3.343687 3.037697 -0.688085
v 3.361307 3.037697 -0.599503
v 3.343687 3.037697 -0.510921
v 3.293510 3.037697 -0.435826
v 3.218414 3.037697 -0.385648
v 3.129833 3.037697 -0.368028
v 3.041251 3.037697 -0.385648
v 2.966155 3.037697 -0.435826
v 2.915978 3.037697 -0.510921
v 2.898358 3.037697 -0.599503
v 2.915978 3.037697 -0.688085
v 2.966155 3.037697 -0.763181
v 3.041251 3.037697 -0.813358
v 3.207298 3.009018 -0.786521
v 3.129833 3.009018 -0.801930
v 3.272970 3.009018 -0.742640
v 3.316850 3.009018 -0.676968
v 3.332259 3.009018 -0.599503
v 3.316850 3.009018 -0.522038
v 3.272970 3.009018 -0.456366
v 3.207298 3.009018 -0.412485
v 3.129833 3.009018 -0.397077
v 3.052367 3.009018 -0.412485
v 2.986696 3.009018 -0.456366
v 2.942815 3.009018 -0.522038
v 2.927406 3.009018 -0.599503
v 2.942815 3.009018 -0.676969
v 2.986696 3.009018 -0.742640
v 3.052367 3.009018 -0.786521
v 2.553473 2.443164 -0.979896
v 2.553473 3.037697 -0.945631
v 2.644051 2.443164 -0.961878
v 2.630939 3.037697 -0.930222
v 2.720839 2.443164 -0.910570
v 2.696611 3.037697 -0.886342
v 2.772147 2.443164 -0.833782
v 2.740491 3.037697 -0.820670
v 2.790164 2.443164 -0.743204
v 2.755900 3.037697 -0.743204
v 2.772147 2.443164 -0.652627
v 2.740491 3.037697 -0.665739
v 2.720839 2.443164 -0.575839
v 2.696611 3.037697 -0.600067
v 2.644051 2.443164 -0.524530
v 2.630939 3.037697 -0.556187
v 2.553473 2.443164 -0.506513
v 2.553473 3.037697 -0.540778
v 2.462896 2.443164 -0.524530
v 2.476008 3.037697 -0.556187
v 2.386108 2.443164 -0.575838
v 2.410336 3.037697 -0.600067
v 2.334800 2.443164 -0.652627
v 2.366455 3.037697 -0.665739
v 2.316782 2.443164 -0.743204
v 2.351047 3.037697 -0.743204
v 2.334800 2.443164 -0.833782
v 2.366455 3.037697 -0.820670
v 2.386108 2.443164 -0.910570
v 2.410336 3.037697 -0.886342
v 2.462896 2.443164 -0.961878
v 2.476008 3.037697 -0.930222
v 2.553473 2.898907 -1.013130
v 2.656770 2.898907 -0.992583
v 2.744340 2.898907 -0.934071
v 2.802852 2.898907 -0.846500
v 2.823399 2.898907 -0.743204
v 2.802852 2.898907 -0.639908
v 2.744340 2.898907 -0.552338
v 2.656770 2.898907 -0.493826
v 2.553473 2.898907 -0.473279
v 2.450177 2.898907 -0.493826
v 2.362607 2.898907 -0.552338
v 2.304094 2.898907 -0.639908
v 2.283548 2.898907 -0.743204
v 2.304094 2.898907 -0.846501
v 2.362607 2.898907 -0.934071
v 2.450177 2.898907 -0.992583
v 2.656770 2.861900 -0.992583
v 2.744340 2.861900 -0.934071
v 2.802852 2.861900 -0.846500
v 2.823399 2.861900 -0.743204
v 2.802852 2.861900 -0.639908
v 2.744340 2.861900 -0.552338
v 2.656770 2.861900 -0.493826
v 2.553473 2.861900 -0.473279
v 2.450177 2.861900 -0.493826
v 2.362607 2.861900 -0.552338
v 2.304094 2.861900 -0.639908
v 2.283548 2.861900 -0.743204
v 2.304094 2.861900 -0.846501
v 2.362607 2.861900 -0.934071
v 2.450177 2.861900 -0.992583
v 2.553473 2.861900 -1.013130
v 2.656770 2.653293 -0.992583
v 2.744340 2.653293 -0.934071
v 2.802852 2.653293 -0.846500
v 2.823399 2.653293 -0.743204
v 2.802852 2.653293 -0.639908
v 2.744340 2.653293 -0.552338
v 2.656770 2.653293 -0.493826
v 2.553473 2.653293 -0.473279
v 2.450177 2.653293 -0.493826
v 2.362607 2.653293 -0.552338
v 2.304094 2.653293 -0.639908
v 2.283548 2.653293 -0.743204
v 2.304094 2.653293 -0.846501
v 2.362607 2.653293 -0.934071
v 2.450177 2.653293 -0.992583
v 2.553473 2.653293 -1.013130
v 2.656770 2.612302 -0.992583
v 2.744340 2.612302 -0.934071
v 2.802852 2.612302 -0.846500
v 2.823399 2.612302 -0.743204
v 2.802852 2.612302 -0.639908
v 2.744340 2.612302 -0.552338
v 2.656770 2.612302 -0.493826
v 2.553473 2.612302 -0.473279
v 2.450177 2.612302 -0.493826
v 2.362607 2.612302 -0.552338
v 2.304094 2.612302 -0.639908
v 2.283548 2.612302 -0.743204
v 2.304094 2.612302 -0.846501
v 2.362607 2.612302 -0.934071
v 2.450177 2.612302 -0.992583
v 2.553473 2.612302 -1.013130
v 2.553473 2.866410 -1.024692
v 2.553473 2.905002 -1.024692
v 2.445753 2.905002 -1.003265
v 2.354432 2.905002 -0.942246
v 2.293413 2.905002 -0.850925
v 2.271986 2.905002 -0.743204
v 2.293413 2.905002 -0.635484
v 2.354432 2.905002 -0.544163
v 2.445753 2.905002 -0.483144
v 2.553473 2.905002 -0.461718
v 2.661194 2.905002 -0.483144
v 2.752515 2.905002 -0.544163
v 2.813534 2.905002 -0.635484
v 2.834960 2.905002 -0.743204
v 2.813534 2.905002 -0.850925
v 2.752515 2.905002 -0.942246
v 2.661194 2.905002 -1.003265
v 2.661194 2.866410 -1.003265
v 2.752515 2.866410 -0.942246
v 2.813534 2.866410 -0.850925
v 2.834960 2.866410 -0.743204
v 2.813534 2.866410 -0.635484
v 2.752515 2.866410 -0.544163
v 2.661194 2.866410 -0.483144
v 2.553473 2.866410 -0.461718
v 2.445753 2.866410 -0.483144
v 2.354432 2.866410 -0.544163
v 2.293413 2.866410 -0.635484
v 2.271986 2.866410 -0.743204
v 2.293413 2.866410 -0.850925
v 2.354432 2.866410 -0.942246
v 2.445753 2.866410 -1.003265
v 2.553473 2.606121 -1.024692
v 2.553473 2.648868 -1.024692
v 2.445753 2.648868 -1.003265
v 2.354432 2.648868 -0.942246
v 2.293413 2.648868 -0.850925
v 2.271986 2.648868 -0.743204
v 2.293413 2.648868 -0.635484
v 2.354432 2.648868 -0.544163
v 2.445753 2.648868 -0.483144
v 2.553473 2.648868 -0.461718
v 2.661194 2.648868 -0.483144
v 2.752515 2.648868 -0.544163
v 2.813534 2.648868 -0.635484
v 2.834960 2.648868 -0.743204
v 2.813534 2.648868 -0.850925
v 2.752515 2.648868 -0.942246
v 2.661194 2.648868 -1.003265
v 2.661194 2.606121 -1.003265
v 2.752515 2.606121 -0.942246
v 2.813534 2.606121 -0.850925
v 2.834960 2.606121 -0.743204
v 2.813534 2.606121 -0.635484
v 2.752515 2.606121 -0.544163
v 2.661194 2.606121 -0.483144
v 2.553473 2.606121 -0.461718
v 2.445753 2.606121 -0.483144
v 2.354432 2.606121 -0.544163
v 2.293413 2.606121 -0.635484
v 2.271986 2.606121 -0.743204
v 2.293413 2.606121 -0.850925
v 2.354432 2.606121 -0.942246
v 2.445753 2.606121 -1.003265
v 2.642055 3.037697 -0.957059
v 2.553473 3.037697 -0.974679
v 2.717151 3.037697 -0.906882
v 2.767328 3.037697 -0.831786
v 2.784948 3.037697 -0.743204
v 2.767328 3.037697 -0.654623
v 2.717151 3.037697 -0.579527
v 2.642055 3.037697 -0.529350
v 2.553473 3.037697 -0.511730
v 2.464892 3.037697 -0.529350
v 2.389796 3.037697 -0.579527
v 2.339618 3.037697 -0.654623
v 2.321999 3.037697 -0.743204
v 2.339618 3.037697 -0.831786
v 2.389796 3.037697 -0.906882
v 2.464892 3.037697 -0.957059
v 2.630939 3.009018 -0.930222
v 2.553473 3.009018 -0.945631
v 2.696611 3.009018 -0.886342
v 2.740491 3.009018 -0.820670
v 2.755900 3.009018 -0.743204
v 2.740491 3.009018 -0.665739
v 2.696611 3.009018 -0.600067
v 2.630939 3.009018 -0.556187
v 2.553473 3.009018 -0.540778
v 2.476008 3.009018 -0.556187
v 2.410336 3.009018 -0.600067
v 2.366455 3.009018 -0.665739
v 2.351047 3.009018 -0.743204
v 2.366455 3.009018 -0.820670
v 2.410336 3.009018 -0.886342
v 2.476008 3.009018 -0.930222
v 3.118391 2.446229 1.469955
v 3.130726 2.720148 1.457621
v 3.118391 2.446229 1.196037
v 3.130726 2.720148 1.208371
v 3.392310 2.446229 1.469955
v 3.379976 2.720148 1.457621
v 3.392310 2.446229 1.196037
v 3.379976 2.720148 1.208371
v 3.118391 2.720148 1.469955
v 3.118391 2.720148 1.196037
v 3.392310 2.720148 1.196037
v 3.392310 2.720148 1.469955
v 3.130726 2.700161 1.457621
v 3.130726 2.700161 1.208371
v 3.379976 2.700161 1.208371
v 3.379976 2.700161 1.457621
v 2.735510 2.448541 1.220048
v 2.752567 2.722459 1.216397
v 2.884371 2.448541 0.990109
v 2.888021 2.722459 1.007166
v 2.965449 2.448541 1.368909
v 2.961798 2.722459 1.351851
v 3.114310 2.448541 1.138970
v 3.097253 2.722459 1.142621
v 2.735510 2.722459 1.220048
v 2.884371 2.722459 0.990109
v 3.114310 2.722459 1.138970
v 2.965449 2.722459 1.368909
v 2.752567 2.702473 1.216397
v 2.888021 2.702473 1.007166
v 3.097253 2.702473 1.142621
v 2.961798 2.702473 1.351851
v -0.259231 1.762973 0.128241
v -0.259231 2.202617 0.153579
v -0.192251 1.762973 0.141565
v -0.201947 2.202617 0.164974
v -0.135468 1.762973 0.179506
v -0.153384 2.202617 0.197422
v -0.097527 1.762973 0.236289
v -0.120936 2.202617 0.245985
v -0.084203 1.762973 0.303269
v -0.109541 2.202617 0.303269
v -0.097527 1.762973 0.370249
v -0.120936 2.202617 0.360553
v -0.135468 1.762973 0.427033
v -0.153384 2.202617 0.409116
v -0.192251 1.762973 0.464974
v -0.201947 2.202617 0.441565
v -0.259231 1.762973 0.478297
v -0.259231 2.202617 0.452959
v -0.326211 1.762973 0.464974
v -0.316515 2.202617 0.441565
v -0.382994 1.762973 0.427033
v -0.365078 2.202617 0.409116
v -0.420936 1.762973 0.370249
v -0.397527 2.202617 0.360553
v -0.434259 1.762973 0.303269
v -0.408921 2.202617 0.303269
v -0.420936 1.762973 0.236289
v -0.397527 2.202617 0.245985
v -0.382994 1.762973 0.179506
v -0.365078 2.202617 0.197422
v -0.326211 1.762973 0.141565
v -0.316515 2.202617 0.164974
v -0.259231 2.099985 0.103665
v -0.182846 2.099985 0.118859
v -0.118090 2.099985 0.162128
v -0.074821 2.099985 0.226884
v -0.059627 2.099985 0.303269
v -0.074821 2.099985 0.379654
v -0.118090 2.099985 0.444410
v -0.182846 2.099985 0.487679
v -0.259231 2.099985 0.502873
v -0.335616 2.099985 0.487679
v -0.400372 2.099985 0.444411
v -0.443641 2.099985 0.379654
v -0.458835 2.099985 0.303269
v -0.443641 2.099985 0.226884
v -0.400372 2.099985 0.162128
v -0.335616 2.099985 0.118859
v -0.182846 2.072619 0.118859
v -0.118090 2.072619 0.162128
v -0.074821 2.072619 0.226884
v -0.059627 2.072619 0.303269
v -0.074821 2.072619 0.379654
v -0.118090 2.072619 0.444410
v -0.182846 2.072619 0.487679
v -0.259231 2.072619 0.502873
v -0.335616 2.072619 0.487679
v -0.400372 2.072619 0.444411
v -0.443641 2.072619 0.379654
v -0.458835 2.072619 0.303269
v -0.443641 2.072619 0.226884
v -0.400372 2.072619 0.162128
v -0.335616 2.072619 0.118859
v -0.259231 2.072619 0.103665
v -0.182846 1.918358 0.118859
v -0.118090 1.918358 0.162128
v -0.074821 1.918358 0.226884
v -0.059627 1.918358 0.303269
v -0.074821 1.918358 0.379654
v -0.118090 1.918358 0.444410
v -0.182846 1.918358 0.487679
v -0.259231 1.918358 0.502873
v -0.335616 1.918358 0.487679
v -0.400372 1.918358 0.444411
v -0.443641 1.918358 0.379654
v -0.458835 1.918358 0.303269
v -0.443641 1.918358 0.226884
v -0.400372 1.918358 0.162128
v -0.335616 1.918358 0.118859
v -0.259231 1.918358 0.103665
v -0.182846 1.888046 0.118859
v -0.118090 1.888046 0.162128
v -0.074821 1.888047 0.226884
v -0.059627 1.888047 0.303269
v -0.074821 1.888047 0.379654
v -0.118090 1.888047 0.444410
v -0.182846 1.888047 0.487679
v -0.259231 1.888047 0.502873
v -0.335616 1.888047 0.487679
v -0.400372 1.888047 0.444411
v -0.443641 1.888047 0.379654
v -0.458835 1.888047 0.303269
v -0.443641 1.888047 0.226884
v -0.400372 1.888046 0.162128
v -0.335616 1.888046 0.118859
v -0.259231 1.888046 0.103665
v -0.259231 2.075954 0.095116
v -0.259231 2.104492 0.095116
v -0.338888 2.104492 0.110961
v -0.406418 2.104492 0.156082
v -0.451540 2.104492 0.223612
v -0.467384 2.104492 0.303269
v -0.451540 2.104492 0.382926
v -0.406418 2.104492 0.450456
v -0.338888 2.104492 0.495578
v -0.259231 2.104492 0.511422
v -0.179574 2.104492 0.495578
v -0.112044 2.104492 0.450456
v -0.066922 2.104492 0.382926
v -0.051078 2.104492 0.303269
v -0.066922 2.104492 0.223612
v -0.112044 2.104492 0.156083
v -0.179574 2.104492 0.110961
v -0.179574 2.075954 0.110961
v -0.112044 2.075954 0.156083
v -0.066922 2.075954 0.223612
v -0.051078 2.075954 0.303269
v -0.066922 2.075954 0.382926
v -0.112044 2.075954 0.450456
v -0.179574 2.075954 0.495578
v -0.259231 2.075954 0.511422
v -0.338888 2.075954 0.495578
v -0.406418 2.075954 0.450456
v -0.451540 2.075954 0.382926
v -0.467384 2.075954 0.303269
v -0.451540 2.075954 0.223612
v -0.406418 2.075954 0.156082
v -0.338888 2.075954 0.110961
v -0.259231 1.883476 0.095116
v -0.259231 1.915086 0.095116
v -0.338888 1.915086 0.110961
v -0.406418 1.915086 0.156082
v -0.451540 1.915086 0.223612
v -0.467384 1.915086 0.303269
v -0.451540 1.915086 0.382926
v -0.406418 1.915086 0.450456
v -0.338888 1.915086 0.495578
v -0.259231 1.915086 0.511422
v -0.179574 1.915086 0.495578
v -0.112044 1.915086 0.450456
v -0.066922 1.915086 0.382926
v -0.051078 1.915086 0.303269
v -0.066922 1.915086 0.223612
v -0.112044 1.915086 0.156083
v -0.179574 1.915086 0.110961
v -0.179574 1.883476 0.110961
v -0.112044 1.883476 0.156083
v -0.066922 1.883476 0.223612
v -0.051078 1.883476 0.303269
v -0.066922 1.883476 0.382926
v -0.112044 1.883476 0.450456
v -0.179574 1.883476 0.495578
v -0.259231 1.883476 0.511422
v -0.338888 1.883476 0.495578
v -0.406418 1.883476 0.450456
v -0.451540 1.883476 0.382926
v -0.467384 1.883476 0.303269
v -0.451540 1.883476 0.223612
v -0.406418 1.883476 0.156082
v -0.338888 1.883476 0.110961
v -0.193727 2.202617 0.145128
v -0.259231 2.202617 0.132099
v -0.138195 2.202617 0.182233
v -0.101090 2.202617 0.237765
v -0.088061 2.202617 0.303269
v -0.101090 2.202617 0.368773
v -0.138195 2.202617 0.424305
v -0.193727 2.202617 0.461410
v -0.259231 2.202617 0.474440
v -0.324735 2.202617 0.461410
v -0.380267 2.202617 0.424305
v -0.417372 2.202617 0.368773
v -0.430401 2.202617 0.303269
v -0.417372 2.202617 0.237765
v -0.380267 2.202617 0.182233
v -0.324735 2.202617 0.145128
v -0.201947 2.181409 0.164974
v -0.259231 2.181409 0.153579
v -0.153384 2.181409 0.197422
v -0.120936 2.181409 0.245985
v -0.109541 2.181409 0.303269
v -0.120936 2.181409 0.360553
v -0.153384 2.181409 0.409116
v -0.201947 2.181409 0.441565
v -0.259231 2.181409 0.452959
v -0.316515 2.181409 0.441565
v -0.365078 2.181409 0.409116
v -0.397527 2.181409 0.360553
v -0.408921 2.181409 0.303269
v -0.397527 2.181409 0.245985
v -0.365078 2.181409 0.197422
v -0.316515 2.181409 0.164974
v -0.352484 5.973602 0.274650
v -0.352484 5.959809 0.274648
v -0.352484 5.973607 0.231988
v -0.352484 5.959814 0.231986
v -0.397765 5.973604 0.274650
v -0.397766 5.959811 0.274648
v -0.397765 5.973608 0.231988
v -0.397766 5.959816 0.231986
v -0.645804 3.901093 0.718750
v -0.645804 3.901099 0.676089
v -0.691086 3.901100 0.676089
v -0.691086 3.901095 0.718750
v -0.389896 1.983910 1.609729
v -0.389896 1.983915 1.567067
v -0.435177 1.983917 1.567067
v -0.435177 1.983912 1.609729
v -0.358433 5.978426 -0.264111
v -0.358433 5.980648 -0.264111
v -0.358433 5.978432 -0.211945
v -0.358433 5.980654 -0.211946
v -0.401210 5.978427 -0.264111
v -0.401210 5.980649 -0.264111
v -0.401210 5.978434 -0.211945
v -0.401210 5.980655 -0.211946
v -0.642768 3.875394 -0.741039
v -0.642768 3.875388 -0.793204
v -0.685546 3.875395 -0.741039
v -0.685546 3.875390 -0.793204
v -0.436755 1.936593 -1.578479
v -0.436755 1.936586 -1.630644
v -0.479533 1.936594 -1.578479
v -0.479533 1.936588 -1.630644
v -0.370847 1.769781 -0.170888
v -0.353988 2.038408 -0.173788
v -0.215852 1.769781 -0.390290
v -0.212952 2.038408 -0.373431
v -0.151445 1.769781 -0.015893
v -0.154345 2.038408 -0.032752
v 0.003550 1.769781 -0.235295
v -0.013309 2.038408 -0.232395
v -0.370847 2.038408 -0.170888
v -0.215852 2.038408 -0.390290
v 0.003550 2.038408 -0.235295
v -0.151445 2.038408 -0.015893
v -0.353988 2.018808 -0.173788
v -0.212952 2.018808 -0.373431
v -0.013309 2.018808 -0.232395
v -0.154345 2.018808 -0.032752
v 3.475490 2.451252 1.573739
v 3.471838 2.451531 -0.000000
v 3.475197 2.327795 1.644814
v 3.475545 2.452667 1.642612
v 3.475490 2.451252 -1.573739
v 3.475197 2.327794 -1.644814
v 3.475545 2.452667 -1.642612
v -5.206028 2.477095 -0.001202
v -5.209100 2.324118 -0.019200
v -5.101361 2.432359 0.062321
v -5.207758 2.325906 0.024194
v -5.105014 2.431588 -0.061491
v -5.433461 2.518692 -0.001202
v -5.459883 2.394561 -0.020976
v -5.368091 2.502332 0.055840
v -5.458739 2.394899 0.020710
v -5.365388 2.501547 -0.050442
v -5.621633 2.501154 0.001202
v -5.639438 2.365303 -0.019547
v -5.564715 2.495674 0.052337
v -5.638420 2.367960 0.018068
v -5.567151 2.498184 -0.045853
v -5.786734 2.407468 0.001202
v -5.771884 2.284563 -0.019332
v -5.712270 2.420884 0.047482
v -5.772256 2.284177 0.017102
v -5.714095 2.415560 -0.041518
v -5.892111 2.275057 0.001202
v -5.898394 2.145323 -0.013795
v -5.848227 2.278049 0.039673
v -5.898055 2.144936 0.011801
v -5.844466 2.276763 -0.037888
v -5.932773 2.182423 0.000596
v -5.959055 2.040746 -0.005030
v -5.898053 2.169120 0.035001
v -5.960320 2.040550 0.003663
v -5.894724 2.168707 -0.034007
v -1.066983 1.372431 1.744627
v -1.128503 1.332519 1.572958
v -1.012722 1.319090 1.745390
v -1.054067 1.259335 1.572810
v -0.942176 1.290570 1.745702
v -0.957292 1.220206 1.572497
v -0.866086 1.291214 1.745517
v -0.852910 1.221091 1.572067
v -0.796036 1.320923 1.744863
v -0.756812 1.261853 1.571585
v -0.742689 1.375175 1.743839
v -0.683629 1.336289 1.571125
v -0.714168 1.445710 1.742602
v -0.644501 1.433064 1.570756
v -0.714815 1.521790 1.741339
v -0.645387 1.537447 1.570536
v -0.744531 1.591832 1.740243
v -0.686150 1.633546 1.570496
v -0.798792 1.645173 1.739480
v -0.760585 1.706730 1.570645
v -0.869338 1.673693 1.739167
v -0.857361 1.745859 1.570957
v -0.945428 1.673049 1.739353
v -0.961743 1.744974 1.571388
v -1.015478 1.643340 1.740007
v -1.057841 1.704211 1.571869
v -1.068825 1.589088 1.741030
v -1.131024 1.629776 1.572330
v -1.097345 1.518553 1.742268
v -1.170151 1.533000 1.572698
v -1.096699 1.442473 1.743531
v -1.169266 1.428617 1.572919
v -1.126932 1.331641 1.745443
v -1.052495 1.258466 1.746488
v -0.955718 1.219342 1.746917
v -0.851335 1.220225 1.746664
v -0.755238 1.260981 1.745766
v -0.682055 1.335405 1.744362
v -0.642929 1.432167 1.742664
v -0.643817 1.536536 1.740931
v -0.684582 1.632622 1.739428
v -0.759019 1.705797 1.738382
v -0.855796 1.744921 1.737953
v -0.960178 1.744038 1.738207
v -1.056276 1.703282 1.739104
v -1.129458 1.628858 1.740508
v -1.168584 1.532096 1.742206
v -1.167697 1.427727 1.743939
v -1.019435 1.405874 1.816356
v -0.981120 1.368209 1.816895
v -0.931307 1.348071 1.817115
v -0.877579 1.348525 1.816985
v -0.828116 1.369503 1.816523
v -0.790447 1.407811 1.815800
v -0.770308 1.457616 1.814926
v -0.770765 1.511337 1.814034
v -0.791748 1.560795 1.813261
v -0.830062 1.598460 1.812722
v -0.879875 1.618598 1.812501
v -0.933603 1.618144 1.812632
v -0.983067 1.597165 1.813094
v -1.020735 1.558858 1.813816
v -1.040874 1.509052 1.814690
v -1.040417 1.455331 1.815582
v -1.066817 1.373634 1.817001
v -1.012556 1.320293 1.817763
v -0.942010 1.291773 1.818075
v -0.865920 1.292417 1.817891
v -0.795870 1.322126 1.817236
v -0.742523 1.376378 1.816213
v -0.714002 1.446913 1.814975
v -0.714649 1.522992 1.813712
v -0.744365 1.593035 1.812616
v -0.798626 1.646376 1.811853
v -0.869172 1.674896 1.811541
v -0.945262 1.674252 1.811726
v -1.015313 1.644543 1.812380
v -1.068659 1.590291 1.813404
v -1.097180 1.519756 1.814641
v -1.096533 1.443676 1.815904
v -0.984519 1.431140 1.916079
v -0.957878 1.404951 1.916453
v -0.923243 1.390949 1.916606
v -0.885885 1.391265 1.916516
v -0.851492 1.405851 1.916195
v -0.825300 1.432487 1.915692
v -0.811297 1.467117 1.915084
v -0.811615 1.504470 1.914464
v -0.826205 1.538859 1.913926
v -0.852845 1.565048 1.913552
v -0.887481 1.579051 1.913398
v -0.924839 1.578735 1.913489
v -0.959232 1.564148 1.913810
v -0.985423 1.537512 1.914313
v -0.999426 1.502882 1.914920
v -0.999109 1.465528 1.915540
v -1.019205 1.407539 1.916550
v -0.980891 1.369874 1.917089
v -0.931078 1.349736 1.917309
v -0.877350 1.350191 1.917179
v -0.827886 1.371168 1.916717
v -0.790218 1.409476 1.915994
v -0.770079 1.459282 1.915120
v -0.770536 1.513003 1.914228
v -0.791518 1.562460 1.913455
v -0.829833 1.600125 1.912916
v -0.879646 1.620263 1.912695
v -0.933374 1.619809 1.912826
v -0.982838 1.598831 1.913288
v -1.020506 1.560523 1.914010
v -1.040645 1.510717 1.914884
v -1.040188 1.456996 1.915776
v -0.984970 1.427869 1.754925
v -0.958329 1.401680 1.755299
v -0.923693 1.387677 1.755452
v -0.886335 1.387993 1.755362
v -0.851942 1.402580 1.755041
v -0.825751 1.429216 1.754538
v -0.811748 1.463846 1.753930
v -0.812066 1.501199 1.753310
v -0.826655 1.535588 1.752772
v -0.853296 1.561777 1.752397
v -0.887932 1.575779 1.752244
v -0.925290 1.575463 1.752335
v -0.959683 1.560877 1.752656
v -0.985874 1.534241 1.753158
v -0.999877 1.499610 1.753766
v -0.999559 1.462257 1.754386
v 0.723199 1.372431 1.744627
v 0.661679 1.332519 1.572958
v 0.777460 1.319090 1.745390
v 0.736114 1.259335 1.572810
v 0.848005 1.290570 1.745702
v 0.832889 1.220206 1.572497
v 0.924095 1.291214 1.745517
v 0.937272 1.221091 1.572067
v 0.994146 1.320923 1.744863
v 1.033369 1.261853 1.571585
v 1.047493 1.375175 1.743839
v 1.106552 1.336289 1.571125
v 1.076013 1.445710 1.742602
v 1.145680 1.433064 1.570756
v 1.075366 1.521790 1.741339
v 1.144794 1.537447 1.570536
v 1.045650 1.591832 1.740243
v 1.104031 1.633546 1.570496
v 0.991390 1.645173 1.739480
v 1.029596 1.706730 1.570645
v 0.920844 1.673693 1.739167
v 0.932821 1.745859 1.570957
v 0.844754 1.673049 1.739353
v 0.828438 1.744974 1.571388
v 0.774703 1.643340 1.740007
v 0.732340 1.704211 1.571869
v 0.721357 1.589088 1.741030
v 0.659157 1.629776 1.572330
v 0.692836 1.518553 1.742268
v 0.620030 1.533000 1.572698
v 0.693483 1.442473 1.743531
v 0.620916 1.428617 1.572919
v 0.663250 1.331641 1.745443
v 0.737687 1.258466 1.746488
v 0.834463 1.219342 1.746917
v 0.938846 1.220225 1.746664
v 1.034944 1.260981 1.745766
v 1.108126 1.335405 1.744362
v 1.147252 1.432167 1.742664
v 1.146364 1.536536 1.740931
v 1.105599 1.632622 1.739428
v 1.031163 1.705797 1.738382
v 0.934386 1.744921 1.737953
v 0.830003 1.744038 1.738207
v 0.733905 1.703282 1.739104
v 0.660723 1.628858 1.740508
v 0.621597 1.532096 1.742206
v 0.622485 1.427727 1.743939
v 0.770747 1.405874 1.816356
v 0.809061 1.368209 1.816895
v 0.858874 1.348071 1.817115
v 0.912602 1.348525 1.816985
v 0.962066 1.369503 1.816523
v 0.999735 1.407811 1.815800
v 1.019873 1.457616 1.814926
v 1.019417 1.511337 1.814034
v 0.998434 1.560795 1.813261
v 0.960119 1.598460 1.812722
v 0.910306 1.618598 1.812501
v 0.856578 1.618144 1.812632
v 0.807114 1.597165 1.813094
v 0.769446 1.558858 1.813816
v 0.749307 1.509052 1.814690
v 0.749764 1.455331 1.815582
v 0.723364 1.373634 1.817001
v 0.777625 1.320293 1.817763
v 0.848171 1.291773 1.818075
v 0.924261 1.292417 1.817891
v 0.994312 1.322126 1.817236
v 1.047658 1.376378 1.816213
v 1.076179 1.446913 1.814975
v 1.075532 1.522992 1.813712
v 1.045816 1.593035 1.812616
v 0.991555 1.646376 1.811853
v 0.921009 1.674896 1.811541
v 0.844919 1.674252 1.811726
v 0.774869 1.644543 1.812380
v 0.721522 1.590291 1.813404
v 0.693002 1.519756 1.814641
v 0.693648 1.443676 1.815904
v 0.805662 1.431140 1.916079
v 0.832303 1.404951 1.916453
v 0.866939 1.390949 1.916606
v 0.904297 1.391265 1.916516
v 0.938690 1.405851 1.916195
v 0.964881 1.432487 1.915692
v 0.978884 1.467117 1.915084
v 0.978566 1.504470 1.914464
v 0.963977 1.538859 1.913926
v 0.937336 1.565048 1.913552
v 0.902700 1.579051 1.913398
v 0.865342 1.578735 1.913489
v 0.830949 1.564148 1.913810
v 0.804758 1.537512 1.914313
v 0.790755 1.502882 1.914920
v 0.791073 1.465528 1.915540
v 0.770976 1.407539 1.916550
v 0.809290 1.369874 1.917089
v 0.859103 1.349736 1.917309
v 0.912832 1.350191 1.917179
v 0.962295 1.371168 1.916717
v 0.999964 1.409476 1.915994
v 1.020103 1.459282 1.915120
v 1.019646 1.513003 1.914228
v 0.998663 1.562460 1.913455
v 0.960349 1.600125 1.912916
v 0.910536 1.620263 1.912695
v 0.856807 1.619809 1.912826
v 0.807344 1.598831 1.913288
v 0.769675 1.560523 1.914010
v 0.749537 1.510717 1.914884
v 0.749993 1.456996 1.915776
v 0.805212 1.427869 1.754925
v 0.831852 1.401680 1.755299
v 0.866488 1.387677 1.755452
v 0.903846 1.387993 1.755362
v 0.938239 1.402580 1.755041
v 0.964431 1.429216 1.754538
v 0.978433 1.463846 1.753930
v 0.978116 1.501199 1.753310
v 0.963526 1.535588 1.752772
v 0.936886 1.561777 1.752397
v 0.902250 1.575779 1.752244
v 0.864892 1.575463 1.752335
v 0.830499 1.560877 1.752656
v 0.804308 1.534241 1.753158
v 0.790305 1.499610 1.753766
v 0.790622 1.462257 1.754386
v 1.045838 1.372431 -1.755980
v 1.108923 1.332518 -1.584879
v 0.991572 1.319089 -1.756246
v 1.034493 1.259334 -1.584051
v 0.921026 1.290570 -1.755914
v 0.937724 1.220206 -1.582854
v 0.844941 1.291214 -1.755035
v 0.833350 1.221090 -1.581471
v 0.774900 1.320922 -1.753741
v 0.737261 1.261853 -1.580111
v 0.721565 1.375174 -1.752229
v 0.664085 1.336288 -1.578982
v 0.693056 1.445709 -1.750731
v 0.624962 1.433064 -1.578256
v 0.693715 1.521789 -1.749474
v 0.625850 1.537446 -1.578044
v 0.723439 1.591831 -1.748650
v 0.666612 1.633545 -1.578377
v 0.777705 1.645172 -1.748383
v 0.741043 1.706729 -1.579205
v 0.848251 1.673692 -1.748715
v 0.837811 1.745858 -1.580402
v 0.924336 1.673048 -1.749595
v 0.942185 1.744974 -1.581786
v 0.994378 1.643339 -1.750889
v 1.038275 1.704211 -1.583146
v 1.047713 1.589087 -1.752400
v 1.111451 1.629776 -1.584275
v 1.076221 1.518552 -1.753898
v 1.150573 1.533000 -1.585001
v 1.075562 1.442473 -1.755155
v 1.149685 1.428617 -1.585213
v 1.105777 1.331640 -1.757343
v 1.031333 1.258465 -1.757708
v 0.934557 1.219341 -1.757253
v 0.830181 1.220224 -1.756046
v 0.734095 1.260980 -1.754271
v 0.660928 1.335405 -1.752198
v 0.621820 1.432167 -1.750142
v 0.622723 1.536535 -1.748418
v 0.663500 1.632621 -1.747287
v 0.737944 1.705796 -1.746921
v 0.834721 1.744921 -1.747376
v 0.939097 1.744038 -1.748584
v 1.035182 1.703282 -1.750359
v 1.108349 1.628857 -1.752432
v 1.147457 1.532095 -1.754487
v 1.146554 1.427726 -1.756211
v 0.997637 1.405873 -1.827271
v 0.959319 1.368208 -1.827460
v 0.909506 1.348070 -1.827225
v 0.855781 1.348525 -1.826604
v 0.806324 1.369503 -1.825690
v 0.768663 1.407810 -1.824623
v 0.748533 1.457616 -1.823565
v 0.748998 1.511337 -1.822678
v 0.769987 1.560794 -1.822096
v 0.808305 1.598459 -1.821907
v 0.858118 1.618598 -1.822141
v 0.911843 1.618143 -1.822763
v 0.961300 1.597165 -1.823677
v 0.998960 1.558857 -1.824743
v 1.019090 1.509051 -1.825801
v 1.018625 1.455330 -1.826689
v 1.045011 1.373633 -1.828349
v 0.990745 1.320292 -1.828615
v 0.920200 1.291772 -1.828283
v 0.844115 1.292416 -1.827403
v 0.774073 1.322125 -1.826109
v 0.720738 1.376377 -1.824598
v 0.692230 1.446912 -1.823100
v 0.692888 1.522992 -1.821843
v 0.722613 1.593034 -1.821019
v 0.776878 1.646375 -1.820752
v 0.847424 1.674895 -1.821084
v 0.923509 1.674251 -1.821964
v 0.993551 1.644542 -1.823258
v 1.046886 1.590290 -1.824768
v 1.075394 1.519755 -1.826267
v 1.074736 1.443675 -1.827524
v 0.961811 1.431139 -1.926671
v 0.935168 1.404950 -1.926802
v 0.900533 1.390948 -1.926638
v 0.863177 1.391264 -1.926206
v 0.828789 1.405850 -1.925571
v 0.802603 1.432487 -1.924829
v 0.788606 1.467117 -1.924094
v 0.788929 1.504470 -1.923477
v 0.803523 1.538859 -1.923072
v 0.830166 1.565048 -1.922941
v 0.864802 1.579050 -1.923104
v 0.902158 1.578734 -1.923536
v 0.936546 1.564147 -1.924171
v 0.962732 1.537512 -1.924913
v 0.976728 1.502881 -1.925649
v 0.976405 1.465528 -1.926266
v 0.996492 1.407538 -1.927459
v 0.958174 1.369873 -1.927647
v 0.908361 1.349735 -1.927413
v 0.854636 1.350190 -1.926792
v 0.805179 1.371168 -1.925878
v 0.767519 1.409476 -1.924811
v 0.747389 1.459281 -1.923753
v 0.747854 1.513002 -1.922866
v 0.768842 1.562460 -1.922284
v 0.807160 1.600124 -1.922095
v 0.856973 1.620263 -1.922329
v 0.910698 1.619808 -1.922951
v 0.960155 1.598830 -1.923864
v 0.997815 1.560522 -1.924931
v 1.017946 1.510717 -1.925989
v 1.017481 1.456996 -1.926877
v 0.963734 1.427868 -1.765527
v 0.937091 1.401679 -1.765658
v 0.902455 1.387677 -1.765495
v 0.865100 1.387993 -1.765063
v 0.830711 1.402579 -1.764428
v 0.804525 1.429215 -1.763686
v 0.790529 1.463845 -1.762950
v 0.790852 1.501199 -1.762333
v 0.805446 1.535587 -1.761929
v 0.832089 1.561776 -1.761797
v 0.866725 1.575779 -1.761960
v 0.904080 1.575463 -1.762393
v 0.938469 1.560876 -1.763028
v 0.964654 1.534240 -1.763770
v 0.978651 1.499610 -1.764505
v 0.978328 1.462257 -1.765122
v -0.744269 1.372431 -1.739626
v -0.681183 1.332518 -1.568525
v -0.798535 1.319089 -1.739892
v -0.755614 1.259334 -1.567697
v -0.869080 1.290570 -1.739560
v -0.852383 1.220206 -1.566500
v -0.945165 1.291214 -1.738680
v -0.956757 1.221090 -1.565116
v -1.015207 1.320922 -1.737386
v -1.052846 1.261853 -1.563757
v -1.068542 1.375174 -1.735875
v -1.126022 1.336288 -1.562628
v -1.097050 1.445709 -1.734377
v -1.165144 1.433064 -1.561902
v -1.096392 1.521789 -1.733120
v -1.164257 1.537446 -1.561690
v -1.066667 1.591831 -1.732296
v -1.123495 1.633545 -1.562023
v -1.012402 1.645172 -1.732029
v -1.049064 1.706729 -1.562851
v -0.941856 1.673692 -1.732361
v -0.952296 1.745858 -1.564048
v -0.865771 1.673048 -1.733241
v -0.847922 1.744974 -1.565432
v -0.795729 1.643339 -1.734535
v -0.751832 1.704211 -1.566792
v -0.742394 1.589087 -1.736046
v -0.678656 1.629776 -1.567920
v -0.713886 1.518552 -1.737544
v -0.639534 1.533000 -1.568646
v -0.714544 1.442473 -1.738801
v -0.640422 1.428617 -1.568859
v -0.684330 1.331640 -1.740989
v -0.758774 1.258465 -1.741354
v -0.855550 1.219341 -1.740899
v -0.959926 1.220224 -1.739692
v -1.056011 1.260980 -1.737917
v -1.129178 1.335405 -1.735844
v -1.168287 1.432167 -1.733788
v -1.167383 1.536535 -1.732064
v -1.126606 1.632621 -1.730933
v -1.052163 1.705796 -1.730567
v -0.955386 1.744921 -1.731022
v -0.851010 1.744038 -1.732230
v -0.754925 1.703282 -1.734005
v -0.681758 1.628857 -1.736077
v -0.642650 1.532095 -1.738132
v -0.643553 1.427726 -1.739857
v -0.792470 1.405873 -1.810917
v -0.830788 1.368208 -1.811106
v -0.880601 1.348070 -1.810871
v -0.934326 1.348525 -1.810250
v -0.983783 1.369503 -1.809336
v -1.021444 1.407810 -1.808269
v -1.041573 1.457616 -1.807211
v -1.041108 1.511337 -1.806324
v -1.020120 1.560794 -1.805742
v -0.981802 1.598459 -1.805553
v -0.931989 1.618598 -1.805787
v -0.878264 1.618143 -1.806409
v -0.828807 1.597165 -1.807323
v -0.791147 1.558857 -1.808389
v -0.771016 1.509051 -1.809447
v -0.771481 1.455330 -1.810335
v -0.745096 1.373633 -1.811994
v -0.799362 1.320292 -1.812261
v -0.869907 1.291772 -1.811929
v -0.945992 1.292416 -1.811049
v -1.016034 1.322125 -1.809755
v -1.069369 1.376377 -1.808244
v -1.097877 1.446912 -1.806746
v -1.097219 1.522992 -1.805489
v -1.067494 1.593034 -1.804664
v -1.013228 1.646375 -1.804398
v -0.942683 1.674895 -1.804729
v -0.866598 1.674251 -1.805610
v -0.796556 1.644542 -1.806904
v -0.743221 1.590290 -1.808414
v -0.714713 1.519755 -1.809913
v -0.715371 1.443675 -1.811170
v -0.828295 1.431139 -1.910317
v -0.854938 1.404950 -1.910447
v -0.889574 1.390948 -1.910284
v -0.926930 1.391264 -1.909852
v -0.961318 1.405850 -1.909217
v -0.987504 1.432487 -1.908475
v -1.001501 1.467117 -1.907740
v -1.001178 1.504470 -1.907122
v -0.986583 1.538859 -1.906718
v -0.959941 1.565048 -1.906587
v -0.925305 1.579050 -1.906750
v -0.887949 1.578734 -1.907182
v -0.853561 1.564147 -1.907817
v -0.827375 1.537512 -1.908559
v -0.813378 1.502881 -1.909294
v -0.813702 1.465528 -1.909912
v -0.793615 1.407538 -1.911105
v -0.831933 1.369873 -1.911293
v -0.881746 1.349735 -1.911059
v -0.935470 1.350190 -1.910438
v -0.984927 1.371168 -1.909524
v -1.022588 1.409476 -1.908457
v -1.042718 1.459281 -1.907399
v -1.042253 1.513002 -1.906511
v -1.021264 1.562460 -1.905929
v -0.982947 1.600124 -1.905741
v -0.933133 1.620263 -1.905975
v -0.879409 1.619808 -1.906597
v -0.829951 1.598830 -1.907510
v -0.792291 1.560522 -1.908577
v -0.772161 1.510717 -1.909635
v -0.772626 1.456996 -1.910523
v -0.826373 1.427868 -1.749173
v -0.853016 1.401679 -1.749304
v -0.887651 1.387677 -1.749141
v -0.925007 1.387993 -1.748709
v -0.959396 1.402579 -1.748074
v -0.985582 1.429215 -1.747332
v -0.999578 1.463845 -1.746596
v -0.999255 1.501199 -1.745979
v -0.984661 1.535587 -1.745575
v -0.958018 1.561776 -1.745443
v -0.923382 1.575779 -1.745606
v -0.886027 1.575463 -1.746039
v -0.851638 1.560876 -1.746674
v -0.825452 1.534240 -1.747415
v -0.811456 1.499610 -1.748151
v -0.811779 1.462257 -1.748768
vn 0.7906 -0.3399 0.5094
vn -0.0000 -0.5527 0.8334
vn -0.0000 -0.9376 0.3478
vn -0.6243 -0.1610 0.7644
vn -0.3512 -0.3503 0.8683
vn 0.0292 0.9991 -0.0291
vn 0.0027 0.0833 0.9965
vn 0.0032 0.0576 0.9983
vn 1.0000 -0.0021 0.0033
vn 1.0000 -0.0021 -0.0000
vn -0.0000 1.0000 -0.0052
vn -0.0000 1.0000 -0.0061
vn -0.0000 1.0000 -0.0058
vn -0.5849 0.0133 0.8110
vn 0.5834 0.0028 0.8122
vn 1.0000 -0.0028 -0.0015
vn 1.0000 -0.0028 -0.0007
vn -1.0000 0.0022 0.0025
vn -1.0000 0.0029 0.0019
vn -1.0000 0.0024 0.0025
vn 0.0047 0.0135 0.9999
vn 0.0043 0.0176 0.9998
vn 0.0022 1.0000 -0.0058
vn 0.0022 1.0000 -0.0000
vn 1.0000 -0.0028 -0.0000
vn -0.0015 -1.0000 -0.0008
vn -0.0015 -1.0000 -0.0000
vn -0.0000 -0.9998 0.0191
vn -1.0000 0.0033 0.0015
vn -1.0000 0.0028 0.0008
vn 0.5754 -0.0122 -0.8178
vn 0.5759 -0.0060 -0.8175
vn -0.0065 -0.0047 -1.0000
vn -0.0066 -0.0043 -1.0000
vn -0.0062 -0.0047 -1.0000
vn -0.9532 0.0005 -0.3025
vn -0.0067 -0.0042 -1.0000
vn -0.0068 -0.0037 -1.0000
vn -0.0000 1.0000 -0.0042
vn 0.0062 0.0045 1.0000
vn 0.0063 0.0049 1.0000
vn 0.0066 0.0049 1.0000
vn -0.5914 -0.0972 0.8005
vn 0.0318 -0.8860 -0.4625
vn -0.0000 -1.0000 0.0061
vn 0.0060 0.0043 1.0000
vn 0.0060 0.0049 1.0000
vn -0.0067 -0.0047 -1.0000
vn 0.0091 1.0000 -0.0006
vn 0.0032 0.0341 0.9994
vn -0.0000 1.0000 -0.0045
vn 0.2095 0.9449 0.2517
vn 0.0980 0.9903 -0.0988
vn 0.0060 0.0037 1.0000
vn 1.0000 -0.0012 -0.0000
vn 0.0063 -0.0014 1.0000
vn 0.2570 0.9662 0.0201
vn 0.0509 0.9975 -0.0485
vn -0.0002 -0.5959 0.8031
vn -0.5834 -0.0651 0.8096
vn -0.0297 -0.9993 0.0245
vn -0.2794 -0.2030 0.9385
vn -0.0001 0.9997 -0.0239
vn -0.4290 0.2319 0.8730
vn 0.0072 -0.7587 0.6514
vn 0.0064 -0.7586 0.6515
vn 0.0060 -0.7585 0.6516
vn 0.9165 -0.2899 0.2755
vn 0.3186 0.9414 0.1105
vn -0.4897 -0.6029 0.6298
vn -0.3040 -0.1981 0.9318
vn -0.4655 -0.2387 0.8522
vn 0.4632 0.8732 -0.1517
vn 0.0150 -0.7600 0.6498
vn -0.3079 0.6422 0.7019
vn 0.0010 1.0000 0.0006
vn 0.0010 1.0000 0.0001
vn 0.0010 1.0000 -0.0000
vn -1.0000 0.0022 0.0012
vn -1.0000 0.0022 -0.0000
vn 0.5763 0.0002 -0.8172
vn -0.6252 -0.4312 0.6506
vn -0.0201 -0.7382 0.6743
vn 0.3298 0.8880 0.3205
vn 0.0928 0.9957 -0.0034
vn -0.2039 -0.1208 0.9715
vn 0.1488 -0.5140 -0.8448
vn -0.2610 -0.2755 0.9252
vn -0.3454 -0.9352 -0.0781
vn -0.3433 -0.9097 -0.2335
vn -0.2740 -0.8459 -0.4575
vn -0.1495 -0.9256 -0.3477
vn -0.1926 -0.1492 0.9699
vn -0.3302 -0.9162 -0.2271
vn -0.3298 -0.9163 -0.2274
vn 0.8948 -0.4443 -0.0437
vn 0.0037 1.0000 -0.0000
vn 0.0028 -0.0002 1.0000
vn -0.0024 -1.0000 -0.0000
vn 1.0000 -0.0017 -0.0023
vn -0.0028 0.0002 -1.0000
vn 0.0021 1.0000 -0.0000
vn -1.0000 0.0017 0.0023
vn 0.0020 1.0000 -0.0000
vn 0.0022 1.0000 -0.0009
vn 0.0022 1.0000 -0.0057
vn 0.0012 0.0078 1.0000
vn 0.0013 0.0078 1.0000
vn -0.0013 -0.0012 -1.0000
vn -0.0012 -0.0012 -1.0000
vn -1.0000 0.0037 -0.0000
vn -0.0022 -1.0000 0.0009
vn 1.0000 -0.0021 -0.0009
vn -1.0000 -0.0001 -0.0000
vn -0.0000 -0.0160 -0.9999
vn 1.0000 -0.0022 -0.0016
vn 1.0000 -0.0022 -0.0009
vn -0.0008 -1.0000 0.0058
vn -0.0008 -1.0000 -0.0000
vn 0.0005 -1.0000 -0.0000
vn 0.0005 -1.0000 0.0058
vn 1.0000 -0.0022 -0.0000
vn -0.0022 -1.0000 0.0058
vn -0.0022 -1.0000 -0.0000
vn -1.0000 0.0021 0.0009
vn -0.0000 0.0160 0.9999
vn -0.0014 -0.0012 -1.0000
vn 0.0014 0.0078 1.0000
vn 0.0014 0.0012 1.0000
vn 1.0000 0.0001 -0.0000
vn 0.0001 -0.9997 0.0239
vn 0.0001 -0.9998 0.0199
vn 0.0002 -0.9997 0.0239
vn 0.0002 -0.9998 0.0199
vn -0.0001 0.9998 -0.0199
vn -0.0002 0.9998 -0.0199
vn -0.0002 0.9997 -0.0239
vn -0.0001 0.9998 -0.0186
vn -0.0001 0.9999 -0.0160
vn 0.0001 -0.9999 0.0160
vn 0.0001 -0.9998 0.0186
vn 0.0002 -1.0000 0.0002
vn -0.0002 0.9999 -0.0160
vn 0.0002 -0.9999 0.0160
vn -0.0002 1.0000 0.0002
vn -0.0000 -0.0155 -0.9999
vn -0.0000 -0.0143 -0.9999
vn -0.0000 -0.0161 -0.9999
vn -0.0000 0.0161 0.9999
vn -0.0000 0.0143 0.9999
vn -0.0000 0.0167 0.9999
vn -0.0000 0.0169 0.9999
vn -0.0000 0.0172 0.9999
vn -0.0000 -0.0165 -0.9999
vn -0.0000 -0.0169 -0.9999
vn -0.0000 0.0179 0.9998
vn -0.0000 -0.0158 -0.9999
vn -0.0000 0.0158 0.9999
vn -0.0001 1.0000 0.0007
vn 0.0001 -1.0000 0.0035
vn 0.7906 -0.3399 -0.5094
vn -0.0000 -0.5527 -0.8334
vn -0.0000 -0.9376 -0.3478
vn -0.6238 -0.1626 -0.7645
vn -0.3512 -0.3503 -0.8683
vn 0.0263 0.9993 0.0266
vn 0.0027 0.0833 -0.9965
vn 0.0032 0.0576 -0.9983
vn 1.0000 -0.0021 -0.0033
vn -0.0000 1.0000 0.0061
vn -0.5843 0.0111 -0.8114
vn 0.5834 0.0028 -0.8122
vn 1.0000 -0.0028 0.0015
vn 1.0000 -0.0028 0.0007
vn -1.0000 0.0022 -0.0025
vn -1.0000 0.0024 -0.0025
vn -1.0000 0.0029 -0.0019
vn 0.0047 0.0135 -0.9999
vn -0.0000 -0.9998 -0.0191
vn 0.0022 1.0000 0.0058
vn -0.0015 -1.0000 0.0008
vn -0.0000 0.9998 0.0205
vn -0.0000 0.9998 -0.0205
vn -1.0000 0.0033 -0.0015
vn -1.0000 0.0028 -0.0008
vn 0.5751 -0.0118 0.8180
vn -0.0065 -0.0047 1.0000
vn -0.0062 -0.0047 1.0000
vn -0.0066 -0.0043 1.0000
vn -0.9532 0.0005 0.3024
vn -0.0067 -0.0042 1.0000
vn -0.0068 -0.0037 1.0000
vn -0.0000 1.0000 0.0042
vn 0.0062 0.0045 -1.0000
vn 0.0066 0.0049 -1.0000
vn 0.0063 0.0049 -1.0000
vn -0.5903 -0.1015 -0.8007
vn 0.0309 -0.8731 0.4865
vn -0.0000 -1.0000 -0.0061
vn 0.0060 0.0043 -1.0000
vn 0.0060 0.0049 -1.0000
vn -0.0067 -0.0047 1.0000
vn 0.0032 0.0341 -0.9994
vn -0.0000 1.0000 0.0052
vn -0.0000 1.0000 0.0045
vn 0.2067 0.9349 -0.2887
vn 0.1106 0.9869 0.1176
vn 0.0060 0.0037 -1.0000
vn 0.0063 -0.0014 -1.0000
vn 0.2578 0.9662 0.0100
vn 0.0467 0.9979 0.0452
vn -0.0002 -0.5959 -0.8031
vn -0.5828 -0.0567 -0.8106
vn -0.0309 -0.9991 -0.0277
vn -0.2764 -0.2140 -0.9369
vn -0.0001 0.9997 0.0239
vn -0.4283 0.2294 -0.8740
vn 0.0072 -0.7587 -0.6514
vn 0.0060 -0.7585 -0.6516
vn 0.0064 -0.7586 -0.6515
vn 0.9165 -0.2899 -0.2755
vn 0.3131 0.9409 -0.1292
vn -0.4897 -0.6029 -0.6298
vn -0.3031 -0.2010 -0.9315
vn -0.4677 -0.2441 -0.8495
vn 0.4636 0.8786 0.1143
vn 0.0150 -0.7600 -0.6498
vn -0.3038 0.6346 -0.7106
vn 0.0010 1.0000 -0.0006
vn 0.0010 1.0000 -0.0001
vn -1.0000 0.0022 -0.0012
vn 0.5760 0.0036 0.8175
vn -0.6455 -0.4525 -0.6153
vn -0.0201 -0.7382 -0.6743
vn 0.3230 0.8719 -0.3679
vn 0.0874 0.9959 -0.0244
vn -0.1870 -0.1060 -0.9766
vn 0.1472 -0.5090 0.8481
vn -0.2610 -0.2755 -0.9252
vn 0.3139 0.8925 -0.3239
vn 0.3141 0.8927 -0.3233
vn 0.0434 0.9903 -0.1322
vn 0.0130 0.9917 -0.1275
vn -0.2321 -0.1621 -0.9591
vn 0.0158 -0.9972 -0.0733
vn -0.3201 -0.9092 0.2664
vn -0.3584 -0.9335 0.0101
vn -0.1455 -0.2973 -0.9436
vn -0.4385 0.7780 -0.4499
vn 0.8208 0.2090 -0.5316
vn -0.1306 -0.9815 -0.1399
vn -0.3708 -0.8874 -0.2740
vn -0.3046 -0.9241 -0.2307
vn -0.4243 -0.9054 -0.0146
vn 0.0028 -0.0002 -1.0000
vn 1.0000 -0.0017 0.0023
vn -0.0028 0.0002 1.0000
vn -1.0000 0.0017 -0.0023
vn 0.0022 1.0000 0.0009
vn 0.0022 1.0000 0.0057
vn 0.0012 0.0078 -1.0000
vn 0.0013 0.0078 -1.0000
vn -0.0013 -0.0012 1.0000
vn -0.0012 -0.0012 1.0000
vn -0.0022 -1.0000 -0.0009
vn 1.0000 -0.0021 0.0009
vn -0.0000 -0.0160 0.9999
vn 1.0000 -0.0022 0.0016
vn 1.0000 -0.0022 0.0009
vn -0.0008 -1.0000 -0.0058
vn 0.0005 -1.0000 -0.0058
vn -0.0022 -1.0000 -0.0058
vn -1.0000 0.0021 -0.0009
vn -0.0000 0.0160 -0.9999
vn -0.0014 -0.0012 1.0000
vn 0.0014 0.0078 -1.0000
vn 0.0014 0.0012 -1.0000
vn 0.0001 -0.9997 -0.0239
vn -0.0001 0.9997 0.0238
vn 0.0001 -0.9998 -0.0199
vn 0.0002 -0.9998 -0.0199
vn 0.0002 -0.9997 -0.0239
vn -0.0002 0.9997 0.0239
vn -0.0002 0.9998 0.0199
vn -0.0001 0.9998 0.0199
vn -0.0001 0.9998 0.0186
vn -0.0001 0.9999 0.0160
vn 0.0001 -0.9999 -0.0160
vn 0.0001 -0.9998 -0.0186
vn 0.0002 -1.0000 -0.0002
vn -0.0002 0.9999 0.0160
vn 0.0002 -0.9999 -0.0160
vn -0.0000 -0.0000 1.0000
vn -0.0002 1.0000 -0.0002
vn -0.0000 -0.0155 0.9999
vn -0.0000 -0.0161 0.9999
vn -0.0000 -0.0143 0.9999
vn -0.0000 0.0161 -0.9999
vn -0.0000 0.0167 -0.9999
vn -0.0000 0.0143 -0.9999
vn -0.0000 0.0169 -0.9999
vn -0.0000 0.0172 -0.9999
vn -0.0000 -0.0165 0.9999
vn -0.0000 -0.0169 0.9999
vn -0.0000 0.0179 -0.9998
vn -0.0000 -0.0158 0.9999
vn -0.0000 0.0158 -0.9999
vn -0.0001 1.0000 -0.0007
vn 0.0001 -0.9997 -0.0238
vn 0.0001 -1.0000 -0.0035
vn -1.0000 -0.0000 -0.0000
vn -0.0000 -0.0000 -1.0000
vn 1.0000 -0.0000 -0.0000
vn -0.0000 -1.0000 -0.0000
vn 0.9990 -0.0113 0.0431
vn 0.0103 0.9999 0.0084
vn -0.0000 0.0061 -1.0000
vn -0.0103 -0.9999 -0.0084
vn 0.0023 0.7730 -0.6344
vn -0.0009 -0.2903 -0.9569
vn -0.0029 -0.9569 -0.2903
vn 0.0019 0.6344 -0.7730
vn -0.0014 -0.4714 -0.8819
vn -0.0030 -0.9952 -0.0980
vn 0.0014 0.4714 -0.8819
vn -0.0019 -0.6344 -0.7730
vn -0.0030 -0.9952 0.0980
vn 0.0009 0.2903 -0.9569
vn -0.0023 -0.7730 -0.6344
vn -0.0029 -0.9569 0.2903
vn 0.0003 0.0980 -0.9952
vn -0.0026 -0.8819 -0.4714
vn -0.0026 -0.8819 0.4714
vn 0.0003 0.0980 0.9952
vn -0.0023 -0.7730 0.6344
vn 0.0009 0.2903 0.9569
vn -0.0019 -0.6344 0.7730
vn 0.0014 0.4714 0.8819
vn -0.0014 -0.4714 0.8819
vn 0.0019 0.6344 0.7730
vn -0.0009 -0.2903 0.9569
vn 0.0023 0.7730 0.6344
vn -0.0027 -0.8819 0.4714
vn -0.0003 -0.0980 0.9952
vn 0.0027 0.8819 0.4714
vn -0.0027 -0.8819 -0.4714
vn 0.0026 0.8819 0.4714
vn 0.0029 0.9569 0.2903
vn 0.0030 0.9952 0.0980
vn 0.0030 0.9952 -0.0980
vn 0.0029 0.9569 -0.2903
vn 0.0026 0.8819 -0.4714
vn -0.0003 -0.0980 -0.9952
vn 1.0000 -0.0030 -0.0000
vn 0.0027 0.8819 -0.4714
vn -1.0000 0.0030 -0.0000
vn 0.1838 0.3636 0.9132
vn 0.1838 0.3637 0.9132
vn -0.7727 0.3671 0.5178
vn -0.9121 0.3676 0.1818
vn -0.9121 0.3676 -0.1818
vn -0.7727 0.3671 -0.5178
vn -0.5155 0.3661 -0.7747
vn -0.1795 0.3649 -0.9136
vn 0.1838 0.3636 -0.9132
vn 0.5193 0.3624 -0.7739
vn 0.7759 0.3615 -0.5170
vn 0.9147 0.3611 -0.1815
vn 0.9147 0.3611 0.1815
vn 0.7759 0.3615 0.5170
vn 0.5193 0.3624 0.7740
vn 0.5193 0.3625 0.7739
vn -0.0059 -1.0000 -0.0000
vn -0.0000 1.0000 -0.0000
vn -0.1796 0.3649 0.9136
vn 0.0059 1.0000 -0.0000
vn 0.1952 0.0188 0.9806
vn 0.5556 0.0177 0.8313
vn 0.8314 0.0168 0.5554
vn 0.9807 0.0163 0.1949
vn 0.9807 0.0163 -0.1949
vn 0.8314 0.0168 -0.5554
vn 0.5556 0.0177 -0.8313
vn 0.1951 0.0188 -0.9806
vn -0.1949 0.0201 -0.9806
vn -0.5554 0.0212 -0.8313
vn -0.8312 0.0221 -0.5555
vn -0.9805 0.0226 -0.1951
vn -0.9805 0.0226 0.1951
vn -0.8312 0.0221 0.5555
vn -0.5554 0.0212 0.8313
vn -0.1950 0.0201 0.9806
vn -0.5155 0.3661 0.7747
vn 0.5178 -0.3552 0.7782
vn 0.7763 -0.3561 0.5202
vn 0.9162 -0.3566 0.1827
vn 0.9162 -0.3566 -0.1827
vn 0.7762 -0.3561 -0.5202
vn 0.5179 -0.3552 -0.7782
vn 0.1805 -0.3540 -0.9177
vn -0.1846 -0.3527 -0.9173
vn -0.5215 -0.3515 -0.7775
vn -0.7793 -0.3506 -0.5194
vn -0.9188 -0.3501 -0.1823
vn -0.9188 -0.3501 0.1823
vn -0.7794 -0.3506 0.5193
vn -0.5215 -0.3515 0.7775
vn -0.1846 -0.3527 0.9173
vn 0.1843 -0.3010 0.9356
vn 0.1951 0.0052 0.9808
vn 0.1915 0.2218 0.9561
vn 0.5284 -0.3022 0.7934
vn 0.5556 0.0040 0.8315
vn 0.5428 0.2206 0.8104
vn 0.7917 -0.3031 0.5303
vn 0.8314 0.0031 0.5556
vn 0.8115 0.2197 0.5414
vn 0.9344 -0.3036 0.1862
vn 0.9808 0.0026 0.1951
vn 0.9570 0.2191 0.1901
vn 0.9344 -0.3036 -0.1862
vn 0.9808 0.0026 -0.1951
vn 0.9570 0.2191 -0.1901
vn 0.7917 -0.3031 -0.5303
vn 0.8314 0.0031 -0.5556
vn 0.8115 0.2197 -0.5415
vn 0.7758 0.3615 -0.5171
vn 0.5284 -0.3022 -0.7934
vn 0.5556 0.0040 -0.8315
vn 0.5428 0.2206 -0.8104
vn 0.1844 -0.3010 -0.9356
vn 0.1951 0.0052 -0.9808
vn 0.1915 0.2218 -0.9561
vn -0.1879 -0.2998 -0.9353
vn -0.1951 0.0065 -0.9808
vn -0.1889 0.2230 -0.9563
vn -0.1796 0.3649 -0.9136
vn -0.5315 -0.2985 -0.7927
vn -0.5555 0.0077 -0.8315
vn -0.5405 0.2243 -0.8109
vn -0.7943 -0.2976 -0.5296
vn -0.8314 0.0086 -0.5556
vn -0.8097 0.2252 -0.5420
vn -0.7727 0.3670 -0.5178
vn -0.9365 -0.2972 -0.1860
vn -0.9807 0.0091 -0.1951
vn -0.9554 0.2256 -0.1903
vn -0.9365 -0.2972 0.1860
vn -0.9807 0.0091 0.1951
vn -0.9554 0.2256 0.1903
vn -0.7943 -0.2976 0.5296
vn -0.8314 0.0086 0.5556
vn -0.8097 0.2252 0.5420
vn -0.7728 0.3670 0.5178
vn -0.5315 -0.2985 0.7927
vn -0.5555 0.0077 0.8315
vn -0.5405 0.2242 0.8109
vn -0.1878 -0.2997 0.9353
vn -0.1951 0.0065 0.9808
vn -0.1889 0.2230 0.9563
vn -0.1795 0.3650 0.9136
vn 0.1805 -0.3540 0.9177
vn 0.1951 0.0188 0.9806
vn 0.5557 0.0177 0.8312
vn 0.8314 0.0168 0.5555
vn 0.9807 0.0163 0.1950
vn 0.9807 0.0163 -0.1950
vn 0.8313 0.0168 -0.5555
vn 0.5557 0.0177 -0.8312
vn 0.1952 0.0188 -0.9806
vn -0.5555 0.0212 -0.8313
vn -0.8313 0.0221 0.5555
vn -0.1949 0.0201 0.9806
vn -0.1694 0.4716 0.8654
vn -0.1693 0.4716 0.8654
vn -0.1773 -0.4429 0.8788
vn 0.4926 0.4691 0.7330
vn -0.8634 0.4743 0.1722
vn -0.8634 0.4742 0.1722
vn -0.4876 0.4728 0.7339
vn -0.7313 0.4738 0.4906
vn -0.7313 0.4737 0.4906
vn -0.4877 0.4728 -0.7339
vn -0.4876 0.4728 -0.7339
vn -0.8634 0.4742 -0.1722
vn -0.7313 0.4737 -0.4906
vn 0.4927 0.4690 -0.7330
vn 0.4927 0.4691 -0.7330
vn -0.1694 0.4715 -0.8654
vn -0.1694 0.4716 -0.8654
vn 0.1748 0.4703 -0.8650
vn 0.8670 0.4677 0.1719
vn 0.7355 0.4682 -0.4897
vn 0.1748 0.4703 0.8650
vn 0.4956 -0.4455 0.7456
vn 0.1722 -0.4442 0.8792
vn 0.7432 -0.4464 0.4984
vn 0.8773 -0.4469 -0.1750
vn 0.8773 -0.4469 0.1750
vn 0.7432 -0.4464 -0.4984
vn 0.1722 -0.4442 -0.8792
vn 0.4956 -0.4455 -0.7456
vn -0.1774 -0.4429 -0.8788
vn -0.7472 -0.4407 -0.4975
vn -0.5003 -0.4417 -0.7447
vn -0.8807 -0.4402 -0.1747
vn -0.7472 -0.4407 0.4975
vn -0.8807 -0.4402 0.1747
vn -0.5003 -0.4417 0.7447
vn 0.7355 0.4682 0.4897
vn 0.7356 0.4682 0.4897
vn 0.1781 -0.3814 0.9071
vn 0.1952 0.0147 0.9807
vn 0.1879 0.2987 0.9357
vn 0.1748 0.4702 0.8650
vn 0.5117 -0.3826 0.7692
vn 0.5556 0.0135 0.8314
vn 0.5317 0.2975 0.7930
vn 0.4927 0.4691 0.7330
vn 0.7672 -0.3836 0.5141
vn 0.8314 0.0126 0.5555
vn 0.7946 0.2965 0.5298
vn 0.7356 0.4681 0.4897
vn 0.9055 -0.3841 0.1806
vn 0.9807 0.0121 0.1951
vn 0.9369 0.2960 0.1861
vn 0.8670 0.4676 0.1719
vn 0.9055 -0.3841 -0.1806
vn 0.9807 0.0120 -0.1951
vn 0.9369 0.2960 -0.1861
vn 0.8670 0.4676 -0.1719
vn 0.8670 0.4677 -0.1719
vn 0.7672 -0.3836 -0.5141
vn 0.8314 0.0126 -0.5555
vn 0.7946 0.2965 -0.5298
vn 0.7356 0.4681 -0.4897
vn 0.5117 -0.3826 -0.7692
vn 0.5556 0.0135 -0.8313
vn 0.5317 0.2974 -0.7930
vn 0.1781 -0.3814 -0.9071
vn 0.1951 0.0147 -0.9807
vn 0.1878 0.2987 -0.9357
vn -0.1826 -0.3801 -0.9067
vn -0.1950 0.0161 -0.9807
vn -0.1844 0.3000 -0.9360
vn -0.5157 -0.3789 -0.7684
vn -0.5554 0.0173 -0.8314
vn -0.5285 0.3012 -0.7937
vn -0.4876 0.4728 -0.7340
vn -0.7705 -0.3780 -0.5133
vn -0.8313 0.0182 -0.5555
vn -0.7920 0.3022 -0.5305
vn -0.7314 0.4737 -0.4907
vn -0.9083 -0.3775 -0.1802
vn -0.9806 0.0187 -0.1951
vn -0.9347 0.3026 -0.1862
vn -0.8634 0.4742 -0.1723
vn -0.9083 -0.3775 0.1802
vn -0.9806 0.0187 0.1951
vn -0.9347 0.3026 0.1862
vn -0.8634 0.4742 0.1723
vn -0.7705 -0.3780 0.5133
vn -0.8313 0.0182 0.5555
vn -0.7920 0.3022 0.5304
vn -0.7314 0.4737 0.4907
vn -0.5157 -0.3789 0.7684
vn -0.5554 0.0172 0.8314
vn -0.5286 0.3013 0.7936
vn -0.4876 0.4728 0.7340
vn -0.1826 -0.3802 0.9067
vn -0.1949 0.0160 0.9807
vn -0.1844 0.3000 0.9360
vn 0.1851 0.7733 0.6065
vn 0.1850 0.7733 0.6065
vn -0.7721 0.5779 0.2643
vn -0.9119 0.4095 -0.0262
vn -0.9125 0.2268 -0.3406
vn -0.9125 0.2268 -0.3405
vn -0.7736 0.0574 -0.6310
vn -0.5168 -0.0726 -0.8530
vn -0.5169 -0.0726 -0.8530
vn -0.1811 -0.1436 -0.9729
vn 0.1823 -0.1447 -0.9725
vn 0.5180 -0.0758 -0.8520
vn 0.7749 0.0524 -0.6299
vn 0.9143 0.2205 -0.3398
vn 0.9148 0.4030 -0.0260
vn 0.9148 0.4030 -0.0259
vn 0.7765 0.5721 0.2642
vn 0.5203 0.7021 0.4861
vn -0.0055 -0.8645 0.5026
vn -0.1783 0.7747 0.6066
vn 0.0055 0.8645 -0.5026
vn 0.1966 0.5091 0.8380
vn 0.5568 0.4328 0.7090
vn 0.8322 0.2934 0.4705
vn 0.9809 0.1117 0.1589
vn 0.9804 -0.0843 -0.1783
vn 0.8305 -0.2650 -0.4899
vn 0.5543 -0.4027 -0.7284
vn 0.1937 -0.4766 -0.8575
vn -0.1964 -0.4754 -0.8576
vn -0.5567 -0.3992 -0.7285
vn -0.8320 -0.2598 -0.4901
vn -0.9808 -0.0781 -0.1785
vn -0.9803 0.1179 0.1587
vn -0.8304 0.2987 0.4704
vn -0.5542 0.4364 0.7089
vn -0.1934 0.5103 0.8380
vn -0.5145 0.7061 0.4865
vn 0.5192 0.0839 0.8505
vn 0.7773 -0.0467 0.6275
vn 0.9166 -0.2169 0.3358
vn 0.9161 -0.4005 0.0199
vn 0.7757 -0.5696 -0.2719
vn 0.5169 -0.6984 -0.4950
vn 0.1793 -0.7673 -0.6157
vn -0.1858 -0.7659 -0.6155
vn -0.5226 -0.6944 -0.4946
vn -0.7800 -0.5638 -0.2716
vn -0.9189 -0.3940 0.0197
vn -0.9184 -0.2107 0.3349
vn -0.7784 -0.0417 0.6264
vn -0.5202 0.0870 0.8496
vn -0.1830 0.1562 0.9706
vn 0.1858 0.2099 0.9599
vn 0.1966 0.4974 0.8450
vn 0.1928 0.6722 0.7148
vn 0.1850 0.7733 0.6064
vn 0.5297 0.1372 0.8370
vn 0.5569 0.4211 0.7159
vn 0.5439 0.5977 0.5889
vn 0.7927 0.0041 0.6096
vn 0.8323 0.2816 0.4775
vn 0.8123 0.4617 0.3565
vn 0.9348 -0.1693 0.3122
vn 0.9811 0.0999 0.1659
vn 0.9572 0.2846 0.0527
vn 0.9343 -0.3565 -0.0098
vn 0.9805 -0.0962 -0.1714
vn 0.9566 0.0935 -0.2759
vn 0.7911 -0.5289 -0.3073
vn 0.8306 -0.2769 -0.4832
vn 0.8106 -0.0826 -0.5797
vn 0.5273 -0.6602 -0.5348
vn 0.5543 -0.4146 -0.7217
vn 0.5415 -0.2169 -0.8123
vn 0.1831 -0.7306 -0.6578
vn 0.1937 -0.4885 -0.8508
vn 0.1900 -0.2889 -0.9383
vn 0.1823 -0.1447 -0.9726
vn -0.1891 -0.7292 -0.6577
vn -0.1965 -0.4872 -0.8509
vn -0.1904 -0.2877 -0.9386
vn -0.1811 -0.1435 -0.9729
vn -0.5325 -0.6563 -0.5345
vn -0.5568 -0.4110 -0.7218
vn -0.5419 -0.2134 -0.8129
vn -0.7950 -0.5232 -0.3070
vn -0.8322 -0.2714 -0.4834
vn -0.8106 -0.0774 -0.5804
vn -0.9367 -0.3500 -0.0100
vn -0.9810 -0.0898 -0.1718
vn -0.9558 0.0998 -0.2765
vn -0.9361 -0.1631 0.3115
vn -0.9805 0.1063 0.1655
vn -0.9552 0.2911 0.0525
vn -0.7934 0.0092 0.6086
vn -0.8306 0.2870 0.4772
vn -0.8090 0.4673 0.3566
vn -0.5302 0.1405 0.8362
vn -0.5543 0.4247 0.7158
vn -0.5394 0.6016 0.5891
vn -0.1862 0.2110 0.9596
vn -0.1936 0.4986 0.8449
vn -0.1875 0.6736 0.7149
vn 0.1820 0.1551 0.9710
vn 0.1966 0.5090 0.8380
vn 0.8322 0.2933 0.4706
vn 0.9810 0.1117 0.1588
vn 0.8306 -0.2650 -0.4898
vn -0.8321 -0.2597 -0.4901
vn -0.9809 -0.0781 -0.1783
vn -0.8304 0.2986 0.4703
vn -0.5541 0.4364 0.7089
vn -0.1682 0.8427 0.5114
vn -0.1681 0.8427 0.5114
vn -0.1758 0.0589 0.9827
vn 0.4935 0.7737 0.3972
vn -0.8633 0.4969 -0.0883
vn -0.8633 0.4969 -0.0882
vn -0.4867 0.7778 0.3976
vn -0.7308 0.6564 0.1871
vn -0.7308 0.6564 0.1872
vn -0.4890 0.0400 -0.8714
vn -0.4889 0.0401 -0.8714
vn -0.8639 0.3238 -0.3858
vn -0.8639 0.3238 -0.3859
vn -0.7323 0.1632 -0.6612
vn -0.7323 0.1633 -0.6611
vn 0.4914 0.0369 -0.8702
vn 0.4913 0.0369 -0.8702
vn -0.1709 -0.0272 -0.9849
vn 0.1733 -0.0283 -0.9845
vn 0.8671 0.4904 -0.0878
vn 0.8671 0.4903 -0.0878
vn 0.7346 0.1583 -0.6598
vn 0.1759 0.8412 0.5112
vn 0.1759 0.8413 0.5112
vn 0.4969 -0.0106 0.8677
vn 0.1737 0.0577 0.9831
vn 0.7441 -0.1357 0.6541
vn 0.8772 -0.4747 0.0719
vn 0.8778 -0.2987 0.3746
vn 0.7426 -0.6367 -0.2076
vn 0.1711 -0.8260 -0.5370
vn 0.4947 -0.7601 -0.4215
vn -0.1786 -0.8245 -0.5369
vn -0.7476 -0.6308 -0.2075
vn -0.5013 -0.7559 -0.4211
vn -0.8808 -0.4681 0.0716
vn -0.7462 -0.1308 0.6527
vn -0.8802 -0.2925 0.3737
vn -0.4990 -0.0074 0.8666
vn 0.7361 0.6506 0.1870
vn 0.7361 0.6505 0.1870
vn 0.1796 0.1260 0.9756
vn 0.1966 0.5055 0.8401
vn 0.1891 0.7284 0.6585
vn 0.5131 0.0556 0.8565
vn 0.5569 0.4293 0.7111
vn 0.5327 0.6555 0.5353
vn 0.4935 0.7738 0.3972
vn 0.7681 -0.0735 0.6361
vn 0.8322 0.2898 0.4727
vn 0.7953 0.5223 0.3078
vn 0.7361 0.6505 0.1869
vn 0.9059 -0.2417 0.3478
vn 0.9810 0.1081 0.1610
vn 0.9370 0.3491 0.0106
vn 0.9053 -0.4232 0.0355
vn 0.9804 -0.0880 -0.1761
vn 0.9365 0.1621 -0.3110
vn 0.8666 0.3176 -0.3850
vn 0.7666 -0.5903 -0.2528
vn 0.8306 -0.2687 -0.4878
vn 0.7936 -0.0102 -0.6083
vn 0.5107 -0.7176 -0.4735
vn 0.5543 -0.4064 -0.7264
vn 0.5303 -0.1416 -0.8359
vn 0.1769 -0.7857 -0.5928
vn 0.1936 -0.4803 -0.8555
vn 0.1863 -0.2122 -0.9593
vn 0.1733 -0.0282 -0.9845
vn -0.1838 -0.7843 -0.5926
vn -0.1965 -0.4790 -0.8556
vn -0.1860 -0.2110 -0.9596
vn -0.5167 -0.7136 -0.4731
vn -0.5567 -0.4027 -0.7266
vn -0.5298 -0.1383 -0.8367
vn -0.7710 -0.5845 -0.2527
vn -0.8321 -0.2631 -0.4882
vn -0.7930 -0.0051 -0.6092
vn -0.9084 -0.4165 0.0354
vn -0.9809 -0.0814 -0.1765
vn -0.9351 0.1684 -0.3117
vn -0.8638 0.3238 -0.3859
vn -0.9079 -0.2354 0.3469
vn -0.9803 0.1145 0.1607
vn -0.9346 0.3556 0.0103
vn -0.7695 -0.0685 0.6349
vn -0.8305 0.2953 0.4724
vn -0.7913 0.5281 0.3080
vn -0.5144 0.0588 0.8556
vn -0.5542 0.4330 0.7109
vn -0.5276 0.6595 0.5354
vn -0.4868 0.7778 0.3976
vn -0.1810 0.1272 0.9752
vn -0.1935 0.5068 0.8401
vn -0.1831 0.7298 0.6587
vn -0.1681 0.8428 0.5114
vn 0.1856 0.9733 0.1354
vn -0.7719 0.6329 -0.0607
vn -0.7719 0.6328 -0.0607
vn -0.9121 0.3412 -0.2271
vn -0.9131 0.0253 -0.4070
vn -0.7746 -0.2672 -0.5732
vn -0.5182 -0.4912 -0.7002
vn -0.5181 -0.4912 -0.7002
vn -0.1824 -0.6131 -0.7687
vn -0.1824 -0.6130 -0.7687
vn 0.1808 -0.6139 -0.7684
vn 0.1809 -0.6139 -0.7684
vn 0.5167 -0.4940 -0.6993
vn 0.7740 -0.2716 -0.5721
vn 0.7739 -0.2716 -0.5720
vn 0.7739 -0.2716 -0.5721
vn 0.9137 0.0195 -0.4060
vn 0.9146 0.3350 -0.2263
vn 0.7767 0.6270 -0.0604
vn 0.5208 0.8511 0.0666
vn -0.0044 -0.4948 0.8690
vn -0.1777 0.9747 0.1354
vn 0.0044 0.4948 -0.8690
vn 0.1976 0.8612 0.4684
vn 0.5577 0.7303 0.3945
vn 0.8328 0.4898 0.2581
vn 0.9812 0.1760 0.0797
vn 0.9801 -0.1629 -0.1132
vn 0.8298 -0.4757 -0.2916
vn 0.5534 -0.7145 -0.4281
vn 0.1926 -0.8431 -0.5020
vn -0.1976 -0.8419 -0.5021
vn -0.5577 -0.7110 -0.4283
vn -0.8326 -0.4706 -0.2920
vn -0.9811 -0.1568 -0.1135
vn -0.9801 0.1820 0.0794
vn -0.8298 0.4950 0.2579
vn -0.5533 0.7337 0.3943
vn -0.1923 0.8624 0.4683
vn -0.5141 0.8552 0.0665
vn 0.5205 0.4997 0.6924
vn 0.7783 0.2746 0.5647
vn 0.9172 -0.0191 0.3979
vn 0.9163 -0.3366 0.2171
vn 0.7755 -0.6294 0.0500
vn 0.5164 -0.8528 -0.0778
vn 0.1786 -0.9729 -0.1469
vn -0.1865 -0.9714 -0.1469
vn -0.5230 -0.8488 -0.0779
vn -0.7801 -0.6237 0.0497
vn -0.9187 -0.3303 0.2164
vn -0.9178 -0.0134 0.3969
vn -0.7775 0.2790 0.5637
vn -0.5190 0.5024 0.6915
vn -0.1816 0.6230 0.7609
vn 0.1872 0.6638 0.7241
vn 0.1977 0.8546 0.4802
vn 0.1936 0.9403 0.2799
vn 0.5309 0.5391 0.6538
vn 0.5577 0.7237 0.4064
vn 0.5446 0.8125 0.2079
vn 0.7936 0.3096 0.5237
vn 0.8329 0.4831 0.2700
vn 0.8126 0.5780 0.0749
vn 0.9353 0.0102 0.3536
vn 0.9813 0.1693 0.0916
vn 0.9571 0.2722 -0.0989
vn 0.9344 -0.3135 0.1693
vn 0.9803 -0.1697 -0.1014
vn 0.9562 -0.0582 -0.2870
vn 0.9137 0.0195 -0.4059
vn 0.7908 -0.6120 -0.0010
vn 0.8300 -0.4825 -0.2798
vn 0.8098 -0.3631 -0.4609
vn 0.5268 -0.8398 -0.1313
vn 0.5534 -0.7214 -0.4163
vn 0.5403 -0.5959 -0.5941
vn 0.5167 -0.4940 -0.6992
vn 0.1824 -0.9623 -0.2018
vn 0.1926 -0.8500 -0.4903
vn 0.1887 -0.7215 -0.6663
vn -0.1898 -0.9608 -0.2018
vn -0.1976 -0.8488 -0.4904
vn -0.1918 -0.7204 -0.6665
vn -0.1825 -0.6130 -0.7687
vn -0.5331 -0.8358 -0.1314
vn -0.5577 -0.7179 -0.4166
vn -0.5430 -0.5929 -0.5947
vn -0.5181 -0.4913 -0.7002
vn -0.7952 -0.6063 -0.0014
vn -0.8329 -0.4773 -0.2802
vn -0.8114 -0.3583 -0.4617
vn -0.9366 -0.3072 0.1687
vn -0.9813 -0.1635 -0.1019
vn -0.9563 -0.0523 -0.2878
vn -0.9131 0.0252 -0.4070
vn -0.9356 0.0160 0.3527
vn -0.9802 0.1755 0.0912
vn -0.9553 0.2785 -0.0995
vn -0.9121 0.3413 -0.2270
vn -0.7925 0.3141 0.5228
vn -0.8300 0.4883 0.2696
vn -0.8086 0.5836 0.0745
vn -0.5290 0.5420 0.6531
vn -0.5534 0.7272 0.4062
vn -0.5387 0.8164 0.2078
vn -0.1849 0.6648 0.7238
vn -0.1925 0.8558 0.4801
vn -0.1868 0.9417 0.2799
vn -0.1777 0.9747 0.1353
vn 0.1833 0.6220 0.7612
vn 0.1977 0.8612 0.4683
vn 0.5578 0.7302 0.3945
vn 0.8327 0.4899 0.2582
vn 0.9812 0.1759 0.0796
vn 0.9802 -0.1628 -0.1132
vn 0.8298 -0.4758 -0.2916
vn 0.5535 -0.7144 -0.4281
vn 0.1926 -0.8431 -0.5021
vn -0.1975 -0.8419 -0.5021
vn -0.5576 -0.7111 -0.4284
vn -0.8327 -0.4705 -0.2919
vn -0.9810 -0.1570 -0.1137
vn -0.9801 0.1821 0.0795
vn -0.8297 0.4950 0.2578
vn -0.5533 0.7337 0.3944
vn -0.1925 0.8624 0.4683
vn -0.1680 0.9856 0.0188
vn -0.1679 0.9856 0.0188
vn -0.1744 0.5448 0.8202
vn 0.4938 0.8684 -0.0463
vn 0.4938 0.8684 -0.0462
vn -0.8637 0.3856 -0.3246
vn -0.4864 0.8725 -0.0464
vn -0.7308 0.6619 -0.1671
vn -0.7308 0.6619 -0.1670
vn -0.4902 -0.4031 -0.7728
vn -0.8645 0.0862 -0.4951
vn -0.7334 -0.1908 -0.6525
vn 0.4900 -0.4056 -0.7716
vn -0.1723 -0.5184 -0.8376
vn 0.1718 -0.5193 -0.8372
vn 0.1719 -0.5193 -0.8372
vn 0.8668 0.3795 -0.3236
vn 0.7336 -0.1950 -0.6510
vn 0.1765 0.9841 0.0189
vn 0.4982 0.4268 0.7548
vn 0.1752 0.5439 0.8206
vn 0.7452 0.2111 0.6326
vn 0.8775 -0.3746 0.2995
vn 0.8785 -0.0703 0.4726
vn 0.7426 -0.6551 0.1393
vn 0.1707 -0.9841 -0.0495
vn 0.4944 -0.8691 0.0169
vn -0.1790 -0.9826 -0.0494
vn -0.7478 -0.6493 0.1389
vn -0.5016 -0.8649 0.0167
vn -0.8805 -0.3683 0.2984
vn -0.7451 0.2153 0.6312
vn -0.8796 -0.0648 0.4713
vn -0.4976 0.4293 0.7537
vn 0.7361 0.6561 -0.1665
vn 0.7361 0.6560 -0.1665
vn 0.1811 0.5992 0.7798
vn 0.1976 0.8592 0.4720
vn 0.1899 0.9606 0.2029
vn 0.5143 0.4783 0.7118
vn 0.5578 0.7283 0.3981
vn 0.5333 0.8355 0.1325
vn 0.4937 0.8684 -0.0462
vn 0.7691 0.2557 0.5857
vn 0.8328 0.4877 0.2617
vn 0.7955 0.6060 0.0024
vn 0.7362 0.6560 -0.1664
vn 0.9065 -0.0345 0.4208
vn 0.9812 0.1739 0.0835
vn 0.9369 0.3067 -0.1677
vn 0.9056 -0.3483 0.2420
vn 0.9802 -0.1650 -0.1095
vn 0.9360 -0.0166 -0.3517
vn 0.8659 0.0807 -0.4937
vn 0.8659 0.0807 -0.4938
vn 0.7664 -0.6377 0.0770
vn 0.8300 -0.4777 -0.2880
vn 0.7928 -0.3149 -0.5218
vn 0.5103 -0.8586 -0.0494
vn 0.5534 -0.7166 -0.4245
vn 0.5291 -0.5427 -0.6523
vn 0.4899 -0.4057 -0.7716
vn 0.1764 -0.9772 -0.1178
vn 0.1925 -0.8452 -0.4985
vn 0.1850 -0.6656 -0.7230
vn 0.1719 -0.5193 -0.8371
vn -0.1844 -0.9758 -0.1178
vn -0.1976 -0.8439 -0.4987
vn -0.1874 -0.6646 -0.7233
vn -0.1724 -0.5184 -0.8376
vn -0.5171 -0.8545 -0.0496
vn -0.5576 -0.7131 -0.4249
vn -0.5310 -0.5399 -0.6531
vn -0.4902 -0.4032 -0.7727
vn -0.7712 -0.6320 0.0765
vn -0.8328 -0.4725 -0.2885
vn -0.7939 -0.3103 -0.5230
vn -0.9082 -0.3420 0.2413
vn -0.9812 -0.1588 -0.1102
vn -0.9356 -0.0107 -0.3528
vn -0.8646 0.0863 -0.4951
vn -0.9073 -0.0289 0.4195
vn -0.9801 0.1802 0.0829
vn -0.9347 0.3130 -0.1685
vn -0.7686 0.2602 0.5845
vn -0.8298 0.4930 0.2613
vn -0.7911 0.6117 0.0020
vn -0.7308 0.6618 -0.1670
vn -0.5131 0.4810 0.7109
vn -0.5534 0.7318 0.3978
vn -0.5270 0.8395 0.1323
vn -0.4865 0.8725 -0.0464
vn -0.1796 0.6001 0.7795
vn -0.1924 0.8604 0.4718
vn -0.1824 0.9620 0.2029
vn -0.1678 0.9856 0.0188
vn 0.8658 0.0807 -0.4938
vn 0.1854 0.9094 -0.3724
vn -0.7723 0.5168 -0.3694
vn -0.9126 0.1812 -0.3664
vn -0.9137 -0.1823 -0.3632
vn -0.7754 -0.5188 -0.3601
vn -0.5189 -0.7764 -0.3576
vn -0.1834 -0.9163 -0.3562
vn -0.1834 -0.9162 -0.3562
vn 0.1799 -0.9170 -0.3560
vn 0.5159 -0.7787 -0.3570
vn 0.7732 -0.5226 -0.3592
vn 0.9131 -0.1875 -0.3621
vn 0.9141 0.1755 -0.3654
vn 0.9142 0.1755 -0.3654
vn 0.7763 0.5114 -0.3685
vn 0.5205 0.7691 -0.3710
vn 0.5205 0.7690 -0.3710
vn -0.0029 0.0090 1.0000
vn -0.1780 0.9108 -0.3726
vn -0.1779 0.9108 -0.3726
vn 0.0029 -0.0090 -1.0000
vn 0.1981 0.9798 -0.0282
vn 0.5580 0.8294 -0.0268
vn 0.8330 0.5528 -0.0243
vn 0.9812 0.1919 -0.0210
vn 0.9800 -0.1981 -0.0175
vn 0.8296 -0.5581 -0.0143
vn 0.5531 -0.8331 -0.0119
vn 0.1921 -0.9813 -0.0106
vn -0.1979 -0.9802 -0.0107
vn -0.5579 -0.8298 -0.0121
vn -0.8330 -0.5531 -0.0146
vn -0.9812 -0.1922 -0.0179
vn -0.9800 0.1977 -0.0214
vn -0.8296 0.5578 -0.0246
vn -0.5530 0.8328 -0.0270
vn -0.1922 0.9810 -0.0283
vn -0.5143 0.7730 -0.3715
vn -0.5143 0.7729 -0.3715
vn 0.5213 0.7798 0.3466
vn 0.7790 0.5209 0.3491
vn 0.9178 0.1831 0.3522
vn 0.9167 -0.1823 0.3555
vn 0.7758 -0.5192 0.3584
vn 0.5166 -0.7766 0.3606
vn 0.1788 -0.9150 0.3617
vn -0.1862 -0.9136 0.3615
vn -0.5228 -0.7727 0.3600
vn -0.7798 -0.5138 0.3576
vn -0.9183 -0.1764 0.3545
vn -0.9172 0.1882 0.3512
vn -0.7767 0.5249 0.3483
vn -0.5182 0.7821 0.3461
vn -0.1807 0.9210 0.3450
vn 0.1880 0.9377 0.2921
vn 0.1980 0.9801 -0.0146
vn 0.1936 0.9535 -0.2309
vn 0.5317 0.7945 0.2935
vn 0.5581 0.8297 -0.0132
vn 0.5446 0.8067 -0.2295
vn 0.5206 0.7690 -0.3710
vn 0.7943 0.5305 0.2960
vn 0.8331 0.5530 -0.0106
vn 0.8125 0.5370 -0.2269
vn 0.9359 0.1861 0.2991
vn 0.9814 0.1921 -0.0073
vn 0.9569 0.1852 -0.2237
vn 0.9348 -0.1863 0.3025
vn 0.9802 -0.1980 -0.0039
vn 0.9558 -0.1949 -0.2202
vn 0.9131 -0.1875 -0.3622
vn 0.7911 -0.5299 0.3055
vn 0.8298 -0.5581 -0.0006
vn 0.8092 -0.5459 -0.2172
vn 0.5269 -0.7922 0.3078
vn 0.5531 -0.8331 0.0017
vn 0.5397 -0.8140 -0.2149
vn 0.1824 -0.9334 0.3089
vn 0.1922 -0.9814 0.0030
vn 0.1880 -0.9586 -0.2137
vn 0.1800 -0.9170 -0.3560
vn -0.1897 -0.9321 0.3087
vn -0.1980 -0.9802 0.0029
vn -0.1925 -0.9577 -0.2139
vn -0.5330 -0.7884 0.3073
vn -0.5581 -0.8298 0.0014
vn -0.5437 -0.8112 -0.2153
vn -0.5190 -0.7764 -0.3576
vn -0.7950 -0.5245 0.3048
vn -0.8331 -0.5531 -0.0012
vn -0.8120 -0.5415 -0.2179
vn -0.7754 -0.5188 -0.3600
vn -0.9362 -0.1804 0.3016
vn -0.9813 -0.1922 -0.0044
vn -0.9567 -0.1894 -0.2211
vn -0.9351 0.1914 0.2983
vn -0.9802 0.1980 -0.0079
vn -0.9555 0.1912 -0.2245
vn -0.7918 0.5347 0.2952
vn -0.8298 0.5580 -0.0111
vn -0.8088 0.5423 -0.2276
vn -0.7723 0.5169 -0.3694
vn -0.5282 0.7970 0.2930
vn -0.5531 0.8330 -0.0135
vn -0.5388 0.8105 -0.2299
vn -0.1841 0.9386 0.2919
vn -0.1921 0.9813 -0.0147
vn -0.1867 0.9549 -0.2311
vn 0.1842 0.9203 0.3452
vn 0.1980 0.9798 -0.0282
vn 0.5582 0.8293 -0.0268
vn 0.8329 0.5528 -0.0243
vn 0.9812 0.1920 -0.0210
vn 0.8296 -0.5582 -0.0143
vn 0.5531 -0.8330 -0.0119
vn 0.1920 -0.9813 -0.0106
vn -0.8329 -0.5532 -0.0146
vn -0.9812 -0.1921 -0.0179
vn -0.9800 0.1978 -0.0214
vn -0.8296 0.5577 -0.0246
vn -0.5529 0.8328 -0.0270
vn -0.1921 0.9810 -0.0283
vn -0.1681 0.8616 -0.4789
vn -0.1681 0.8617 -0.4788
vn -0.1735 0.8833 0.4356
vn 0.4934 0.7272 -0.4772
vn 0.4934 0.7273 -0.4771
vn -0.8643 0.1705 -0.4732
vn -0.4869 0.7311 -0.4780
vn -0.4869 0.7311 -0.4779
vn -0.7313 0.4885 -0.4759
vn -0.4913 -0.7367 -0.4647
vn -0.8654 -0.1737 -0.4700
vn -0.8653 -0.1738 -0.4701
vn -0.7342 -0.4927 -0.4671
vn 0.4890 -0.7387 -0.4639
vn -0.1734 -0.8691 -0.4633
vn 0.1708 -0.8697 -0.4630
vn 0.8661 0.1652 -0.4718
vn 0.8661 0.1651 -0.4718
vn 0.7327 -0.4961 -0.4659
vn 0.1759 0.8602 -0.4786
vn 0.4992 0.7481 0.4372
vn 0.1763 0.8826 0.4358
vn 0.7461 0.5001 0.4397
vn 0.8782 -0.1737 0.4457
vn 0.8792 0.1764 0.4426
vn 0.7431 -0.4966 0.4486
vn 0.1709 -0.8757 0.4517
vn 0.4947 -0.7431 0.4507
vn -0.1787 -0.8743 0.4513
vn -0.7473 -0.4913 0.4475
vn -0.5012 -0.7392 0.4499
vn -0.8799 -0.1680 0.4445
vn -0.7443 0.5037 0.4385
vn -0.8788 0.1812 0.4414
vn -0.4967 0.7502 0.4365
vn 0.7356 0.4831 -0.4748
vn 0.7356 0.4832 -0.4748
vn 0.1820 0.9099 0.3727
vn 0.1980 0.9799 -0.0241
vn 0.1898 0.9324 -0.3076
vn 0.5152 0.7711 0.3742
vn 0.5581 0.8295 -0.0226
vn 0.5332 0.7887 -0.3062
vn 0.7699 0.5152 0.3766
vn 0.8330 0.5529 -0.0200
vn 0.7953 0.5247 -0.3036
vn 0.7356 0.4832 -0.4747
vn 0.9072 0.1813 0.3797
vn 0.9813 0.1919 -0.0168
vn 0.9366 0.1805 -0.3005
vn 0.9061 -0.1799 0.3830
vn 0.9801 -0.1982 -0.0132
vn 0.9355 -0.1915 -0.2971
vn 0.8651 -0.1787 -0.4687
vn 0.7668 -0.5129 0.3859
vn 0.8297 -0.5581 -0.0101
vn 0.7921 -0.5349 -0.2941
vn 0.5106 -0.7673 0.3880
vn 0.5531 -0.8331 -0.0077
vn 0.5284 -0.7972 -0.2919
vn 0.1766 -0.9042 0.3890
vn 0.1921 -0.9814 -0.0065
vn 0.1841 -0.9389 -0.2908
vn -0.1841 -0.9028 0.3888
vn -0.1980 -0.9802 -0.0066
vn -0.1881 -0.9380 -0.2910
vn -0.5169 -0.7634 0.3874
vn -0.5579 -0.8299 -0.0081
vn -0.5318 -0.7947 -0.2924
vn -0.7708 -0.5076 0.3850
vn -0.8330 -0.5532 -0.0108
vn -0.7945 -0.5308 -0.2950
vn -0.9077 -0.1740 0.3818
vn -0.9813 -0.1922 -0.0140
vn -0.9362 -0.1861 -0.2981
vn -0.9066 0.1863 0.3786
vn -0.9801 0.1978 -0.0176
vn -0.9351 0.1864 -0.3014
vn -0.7678 0.5190 0.3757
vn -0.8297 0.5578 -0.0207
vn -0.7914 0.5301 -0.3045
vn -0.7313 0.4886 -0.4760
vn -0.5122 0.7733 0.3736
vn -0.5530 0.8328 -0.0231
vn -0.5271 0.7925 -0.3068
vn -0.1787 0.9107 0.3725
vn -0.1920 0.9811 -0.0243
vn -0.1825 0.9338 -0.3078
vn 0.1845 0.5989 -0.7793
vn -0.7731 0.2615 -0.5779
vn -0.9133 -0.0271 -0.4065
vn -0.9132 -0.0271 -0.4065
vn -0.9142 -0.3398 -0.2210
vn -0.9142 -0.3398 -0.2209
vn -0.7757 -0.6291 -0.0494
vn -0.5192 -0.8507 0.0818
vn -0.1836 -0.9710 0.1529
vn -0.1836 -0.9710 0.1528
vn 0.1797 -0.9718 0.1529
vn 0.1798 -0.9718 0.1529
vn 0.5157 -0.8528 0.0819
vn 0.5157 -0.8529 0.0819
vn 0.7729 -0.6327 -0.0490
vn 0.7729 -0.6327 -0.0491
vn 0.9126 -0.3445 -0.2202
vn 0.9135 -0.0323 -0.4055
vn 0.7755 0.2566 -0.5768
vn 0.5197 0.4782 -0.7080
vn -0.0014 0.5103 0.8600
vn -0.1788 0.6002 -0.7796
vn 0.0014 -0.5103 -0.8600
vn 0.1977 0.8328 -0.5171
vn 0.5576 0.7034 -0.4409
vn 0.8327 0.4654 -0.3001
vn 0.9811 0.1549 -0.1161
vn 0.9801 -0.1804 0.0830
vn 0.8298 -0.4901 0.2669
vn 0.5534 -0.7264 0.4076
vn 0.1925 -0.8538 0.4838
vn -0.1976 -0.8527 0.4837
vn -0.5577 -0.7232 0.4074
vn -0.8327 -0.4853 0.2667
vn -0.9811 -0.1747 0.0826
vn -0.9801 0.1606 -0.1164
vn -0.8298 0.4703 -0.3005
vn -0.5534 0.7066 -0.4410
vn -0.1925 0.8339 -0.5172
vn -0.5152 0.4817 -0.7089
vn 0.5216 0.8481 -0.0930
vn 0.7793 0.6255 0.0388
vn 0.9183 0.3349 0.2110
vn 0.9174 0.0207 0.3975
vn 0.7766 -0.2691 0.5697
vn 0.5175 -0.4903 0.7013
vn 0.1797 -0.6094 0.7723
vn -0.1854 -0.6080 0.7720
vn -0.5219 -0.4868 0.7004
vn -0.7791 -0.2642 0.5686
vn -0.9177 0.0260 0.3965
vn -0.9167 0.3397 0.2104
vn -0.7764 0.6290 0.0385
vn -0.5180 0.8503 -0.0931
vn -0.1806 0.9697 -0.1644
vn 0.1881 0.9574 -0.2191
vn 0.1976 0.8399 -0.5055
vn 0.1929 0.7082 -0.6792
vn 0.1844 0.5990 -0.7792
vn 0.5318 0.8341 -0.1463
vn 0.5577 0.7104 -0.4292
vn 0.5439 0.5819 -0.6047
vn 0.7945 0.6071 -0.0119
vn 0.8329 0.4725 -0.2883
vn 0.8119 0.3498 -0.4673
vn 0.9362 0.3109 0.1637
vn 0.9813 0.1620 -0.1043
vn 0.9565 0.0473 -0.2880
vn 0.9353 -0.0094 0.3537
vn 0.9803 -0.1736 0.0948
vn 0.9555 -0.2796 -0.0939
vn 0.9126 -0.3445 -0.2203
vn 0.7918 -0.3049 0.5293
vn 0.8300 -0.4831 0.2787
vn 0.8091 -0.5814 0.0854
vn 0.5277 -0.5304 0.6634
vn 0.5534 -0.7196 0.4194
vn 0.5397 -0.8119 0.2225
vn 0.1833 -0.6518 0.7359
vn 0.1925 -0.8470 0.4955
vn 0.1880 -0.9363 0.2967
vn 0.1798 -0.9718 0.1528
vn -0.1889 -0.6505 0.7356
vn -0.1976 -0.8459 0.4954
vn -0.1924 -0.9354 0.2967
vn -0.5321 -0.5269 0.6627
vn -0.5577 -0.7164 0.4192
vn -0.5436 -0.8093 0.2223
vn -0.5191 -0.8508 0.0818
vn -0.7943 -0.2999 0.5283
vn -0.8329 -0.4784 0.2783
vn -0.8121 -0.5773 0.0850
vn -0.9357 -0.0040 0.3529
vn -0.9813 -0.1680 0.0942
vn -0.9569 -0.2744 -0.0945
vn -0.9347 0.3158 0.1631
vn -0.9803 0.1675 -0.1049
vn -0.9560 0.0528 -0.2887
vn -0.7916 0.6109 -0.0123
vn -0.8300 0.4771 -0.2889
vn -0.8093 0.3548 -0.4681
vn -0.5281 0.8365 -0.1464
vn -0.5534 0.7136 -0.4295
vn -0.5395 0.5853 -0.6053
vn -0.1840 0.9582 -0.2191
vn -0.1926 0.8410 -0.5056
vn -0.1874 0.7094 -0.6794
vn 0.1844 0.9690 -0.1644
vn 0.1975 0.8328 -0.5172
vn 0.5578 0.7033 -0.4408
vn 0.8326 0.4655 -0.3001
vn 0.9811 0.1549 -0.1160
vn 0.1925 -0.8538 0.4837
vn -0.1975 -0.8527 0.4837
vn -0.5577 -0.7232 0.4075
vn -0.8327 -0.4853 0.2666
vn -0.9811 -0.1749 0.0828
vn -0.9801 0.1607 -0.1164
vn -0.8298 0.4702 -0.3004
vn -0.5533 0.7066 -0.4411
vn -0.1693 0.5043 -0.8468
vn -0.1692 0.5043 -0.8468
vn -0.1731 0.9826 -0.0671
vn 0.4924 0.3887 -0.7787
vn 0.4924 0.3887 -0.7788
vn -0.8651 -0.0899 -0.4935
vn -0.8651 -0.0900 -0.4935
vn -0.4879 0.3921 -0.7799
vn -0.7323 0.1834 -0.6559
vn -0.7322 0.1835 -0.6559
vn -0.4917 -0.8702 -0.0308
vn -0.8660 -0.3863 -0.3177
vn -0.7348 -0.6604 -0.1551
vn -0.7348 -0.6603 -0.1551
vn 0.4885 -0.8720 -0.0306
vn -0.1736 -0.9841 0.0365
vn -0.1737 -0.9841 0.0366
vn 0.1704 -0.9847 0.0366
vn 0.8654 -0.0948 -0.4921
vn 0.7322 -0.6633 -0.1546
vn 0.1749 0.5031 -0.8464
vn 0.4995 0.8663 0.0013
vn 0.1766 0.9820 -0.0670
vn 0.7465 0.6530 0.1276
vn 0.8789 0.0736 0.4713
vn 0.8798 0.3745 0.2927
vn 0.7440 -0.2042 0.6363
vn 0.1720 -0.5302 0.8303
vn 0.4957 -0.4161 0.7623
vn -0.1777 -0.5289 0.8299
vn -0.7464 -0.1995 0.6349
vn -0.5001 -0.4127 0.7613
vn -0.8792 0.0785 0.4700
vn -0.7438 0.6562 0.1271
vn -0.8783 0.3788 0.2917
vn -0.4964 0.8681 0.0011
vn 0.7346 0.1789 -0.6545
vn 0.7347 0.1789 -0.6544
vn 0.1823 0.9739 -0.1353
vn 0.1976 0.8349 -0.5137
vn 0.1889 0.6514 -0.7349
vn 0.1749 0.5031 -0.8463
vn 0.5154 0.8545 -0.0648
vn 0.5577 0.7055 -0.4373
vn 0.5324 0.5277 -0.6619
vn 0.4923 0.3887 -0.7788
vn 0.7702 0.6344 0.0655
vn 0.8327 0.4676 -0.2964
vn 0.7946 0.3007 -0.5275
vn 0.9077 0.3472 0.2359
vn 0.9812 0.1571 -0.1124
vn 0.9360 0.0046 -0.3520
vn 0.9067 0.0366 0.4201
vn 0.9801 -0.1784 0.0866
vn 0.9351 -0.3153 -0.1620
vn 0.8645 -0.3904 -0.3167
vn 0.7676 -0.2498 0.5903
vn 0.8299 -0.4879 0.2705
vn 0.7919 -0.6105 0.0134
vn 0.5114 -0.4686 0.7203
vn 0.5533 -0.7244 0.4112
vn 0.5283 -0.8361 0.1476
vn 0.1776 -0.5862 0.7905
vn 0.1926 -0.8517 0.4873
vn 0.1841 -0.9579 0.2202
vn -0.1832 -0.5850 0.7901
vn -0.1976 -0.8506 0.4872
vn -0.1882 -0.9572 0.2201
vn -0.5159 -0.4651 0.7194
vn -0.5576 -0.7213 0.4109
vn -0.5320 -0.8338 0.1474
vn -0.7701 -0.2450 0.5890
vn -0.8328 -0.4833 0.2700
vn -0.7947 -0.6068 0.0130
vn -0.9071 0.0419 0.4189
vn -0.9812 -0.1727 0.0860
vn -0.9366 -0.3103 -0.1628
vn -0.8659 -0.3863 -0.3177
vn -0.9061 0.3517 0.2350
vn -0.9802 0.1626 -0.1131
vn -0.9356 0.0100 -0.3529
vn -0.7674 0.6378 0.0651
vn -0.8299 0.4722 -0.2971
vn -0.7920 0.3056 -0.5285
vn -0.5120 0.8565 -0.0650
vn -0.5534 0.7086 -0.4377
vn -0.5279 0.5312 -0.6627
vn -0.1786 0.9746 -0.1354
vn -0.1925 0.8361 -0.5137
vn -0.1833 0.6526 -0.7352
vn 0.1830 0.1261 -0.9750
vn -0.7741 -0.0641 -0.6299
vn -0.9139 -0.2274 -0.3364
vn -0.9138 -0.2274 -0.3365
vn -0.9144 -0.4044 -0.0189
vn -0.7756 -0.5684 0.2746
vn -0.5187 -0.6942 0.4991
vn -0.1829 -0.7626 0.6205
vn 0.1804 -0.7634 0.6203
vn 0.5162 -0.6963 0.4987
vn 0.7731 -0.5719 0.2744
vn 0.9124 -0.4089 -0.0186
vn 0.9130 -0.2321 -0.3356
vn 0.9129 -0.2321 -0.3357
vn 0.7746 -0.0684 -0.6288
vn 0.5184 0.0574 -0.8532
vn -0.0003 0.8734 0.4870
vn -0.1803 0.1272 -0.9754
vn -0.1802 0.1271 -0.9754
vn 0.0003 -0.8734 -0.4870
vn 0.1965 0.4600 -0.8659
vn 0.5567 0.3862 -0.7355
vn 0.8321 0.2512 -0.4945
vn 0.9808 0.0752 -0.1798
vn 0.9803 -0.1147 0.1610
vn 0.8305 -0.2898 0.4758
vn 0.5543 -0.4233 0.7166
vn 0.1937 -0.4950 0.8470
vn -0.1965 -0.4940 0.8470
vn -0.5567 -0.4202 0.7166
vn -0.8321 -0.2852 0.4757
vn -0.9810 -0.1091 0.1606
vn -0.9804 0.0808 -0.1799
vn -0.8305 0.2559 -0.4947
vn -0.5543 0.3894 -0.7356
vn -0.1936 0.4611 -0.8660
vn -0.5164 0.0604 -0.8542
vn 0.5210 0.6863 -0.5075
vn 0.7791 0.5599 -0.2820
vn 0.9185 0.3953 0.0128
vn 0.9179 0.2173 0.3319
vn 0.7775 0.0534 0.6266
vn 0.5187 -0.0717 0.8519
vn 0.1811 -0.1387 0.9736
vn -0.1840 -0.1376 0.9733
vn -0.5207 -0.0686 0.8510
vn -0.7781 0.0577 0.6255
vn -0.9171 0.2221 0.3311
vn -0.9166 0.3997 0.0126
vn -0.7766 0.5635 -0.2818
vn -0.5184 0.6885 -0.5071
vn -0.1812 0.7558 -0.6292
vn 0.1874 0.7175 -0.6709
vn 0.1965 0.4720 -0.8594
vn 0.1916 0.2708 -0.9434
vn 0.5312 0.6474 -0.5465
vn 0.5568 0.3982 -0.7290
vn 0.5427 0.1989 -0.8160
vn 0.7943 0.5185 -0.3167
vn 0.8322 0.2632 -0.4880
vn 0.8111 0.0673 -0.5811
vn 0.9364 0.3506 -0.0162
vn 0.9810 0.0872 -0.1731
vn 0.9560 -0.1043 -0.2741
vn 0.9358 0.1693 0.3092
vn 0.9805 -0.1028 0.1677
vn 0.9555 -0.2893 0.0579
vn 0.7927 0.0021 0.6096
vn 0.8306 -0.2779 0.4825
vn 0.8095 -0.4601 0.3648
vn 0.7731 -0.5719 0.2743
vn 0.5289 -0.1254 0.8394
vn 0.5544 -0.4116 0.7234
vn 0.5404 -0.5903 0.5996
vn 0.5161 -0.6964 0.4987
vn 0.1847 -0.1937 0.9635
vn 0.1936 -0.4833 0.8538
vn 0.1889 -0.6604 0.7268
vn -0.1875 -0.1926 0.9632
vn -0.1965 -0.4822 0.8537
vn -0.1916 -0.6594 0.7269
vn -0.1830 -0.7626 0.6204
vn -0.5309 -0.1223 0.8385
vn -0.5568 -0.4085 0.7233
vn -0.5430 -0.5877 0.5998
vn -0.7934 0.0065 0.6087
vn -0.8322 -0.2734 0.4823
vn -0.8117 -0.4560 0.3649
vn -0.9351 0.1743 0.3085
vn -0.9811 -0.0974 0.1673
vn -0.9570 -0.2844 0.0578
vn -0.9144 -0.4045 -0.0188
vn -0.9346 0.3553 -0.0163
vn -0.9805 0.0926 -0.1734
vn -0.9564 -0.0990 -0.2747
vn -0.9138 -0.2273 -0.3365
vn -0.7919 0.5223 -0.3164
vn -0.8306 0.2677 -0.4882
vn -0.8102 0.0718 -0.5818
vn -0.5286 0.6498 -0.5462
vn -0.5543 0.4013 -0.7292
vn -0.5406 0.2021 -0.8167
vn -0.1848 0.7183 -0.6707
vn -0.1937 0.4730 -0.8595
vn -0.1888 0.2719 -0.9436
vn 0.1838 0.7550 -0.6294
vn 0.1964 0.4600 -0.8659
vn 0.9808 0.0752 -0.1797
vn 0.9803 -0.1146 0.1608
vn 0.8304 -0.2899 0.4759
vn 0.5544 -0.4233 0.7166
vn 0.1937 -0.4951 0.8470
vn -0.1966 -0.4939 0.8470
vn -0.8322 -0.2852 0.4756
vn -0.9809 -0.1092 0.1609
vn -0.9804 0.0807 -0.1800
vn -0.8306 0.2559 -0.4946
vn -0.5542 0.3894 -0.7357
vn -0.1936 0.4611 -0.8659
vn -0.1707 0.0105 -0.9853
vn -0.1736 0.8158 -0.5517
vn 0.4911 -0.0555 -0.8693
vn 0.4911 -0.0555 -0.8694
vn -0.8658 -0.3255 -0.3801
vn -0.8658 -0.3255 -0.3800
vn -0.4892 -0.0528 -0.8706
vn -0.7332 -0.1707 -0.6582
vn -0.7333 -0.1707 -0.6582
vn -0.4914 -0.7676 0.4115
vn -0.4913 -0.7676 0.4115
vn -0.8663 -0.4932 -0.0792
vn -0.7347 -0.6485 0.1988
vn -0.7348 -0.6485 0.1989
vn 0.4890 -0.7694 0.4111
vn 0.4889 -0.7694 0.4111
vn -0.1733 -0.8323 0.5265
vn 0.1710 -0.8329 0.5263
vn 0.8646 -0.3296 -0.3792
vn 0.7322 -0.6515 0.1987
vn 0.1734 0.0095 -0.9848
vn 0.4991 0.7494 -0.4351
vn 0.1761 0.8151 -0.5519
vn 0.7465 0.6284 -0.2189
vn 0.8796 0.3001 0.3692
vn 0.8800 0.4707 0.0634
vn 0.7450 0.1430 0.6516
vn 0.1735 -0.0411 0.9840
vn 0.4970 0.0232 0.8674
vn -0.1762 -0.0401 0.9835
vn -0.7453 0.1469 0.6503
vn -0.4989 0.0260 0.8663
vn -0.8785 0.3045 0.3681
vn -0.7440 0.6314 -0.2187
vn -0.8780 0.4745 0.0631
vn -0.4967 0.7513 -0.4346
vn 0.7337 -0.1745 -0.6567
vn 0.7337 -0.1746 -0.6567
vn 0.1816 0.7739 -0.6067
vn 0.1965 0.4636 -0.8640
vn 0.1875 0.1937 -0.9630
vn 0.5149 0.7060 -0.4862
vn 0.5568 0.3899 -0.7335
vn 0.5311 0.1234 -0.8383
vn 0.7701 0.5811 -0.2633
vn 0.8321 0.2548 -0.4926
vn 0.7937 -0.0054 -0.6083
vn 0.9079 0.4183 0.0280
vn 0.9809 0.0789 -0.1777
vn 0.9355 -0.1732 -0.3080
vn 0.9073 0.2424 0.3435
vn 0.9803 -0.1110 0.1631
vn 0.9350 -0.3544 0.0169
vn 0.8641 -0.4970 -0.0789
vn 0.8642 -0.4970 -0.0789
vn 0.7686 0.0804 0.6347
vn 0.8306 -0.2862 0.4778
vn 0.7921 -0.5214 0.3172
vn 0.7322 -0.6515 0.1986
vn 0.5127 -0.0432 0.8575
vn 0.5543 -0.4197 0.7188
vn 0.5288 -0.6490 0.5469
vn 0.1790 -0.1096 0.9777
vn 0.1936 -0.4915 0.8491
vn 0.1848 -0.7176 0.6715
vn 0.1710 -0.8330 0.5262
vn -0.1818 -0.1085 0.9773
vn -0.1965 -0.4905 0.8490
vn -0.1875 -0.7168 0.6717
vn -0.1732 -0.8324 0.5265
vn -0.5147 -0.0404 0.8564
vn -0.5567 -0.4168 0.7186
vn -0.5314 -0.6466 0.5473
vn -0.7690 0.0845 0.6336
vn -0.8322 -0.2818 0.4776
vn -0.7945 -0.5177 0.3173
vn -0.9064 0.2471 0.3425
vn -0.9810 -0.1058 0.1627
vn -0.9367 -0.3498 0.0168
vn -0.8663 -0.4933 -0.0792
vn -0.9059 0.4226 0.0277
vn -0.9804 0.0842 -0.1780
vn -0.9361 -0.1684 -0.3087
vn -0.7676 0.5845 -0.2631
vn -0.8306 0.2593 -0.4929
vn -0.7929 -0.0011 -0.6093
vn -0.7333 -0.1707 -0.6581
vn -0.5125 0.7080 -0.4859
vn -0.5543 0.3929 -0.7337
vn -0.5291 0.1264 -0.8391
vn -0.1791 0.7746 -0.6066
vn -0.1936 0.4646 -0.8641
vn -0.1847 0.1948 -0.9633
vn 0.1815 -0.3811 -0.9065
vn -0.7750 -0.3717 -0.5111
vn -0.7750 -0.3717 -0.5112
vn -0.9143 -0.3653 -0.1752
vn -0.9142 -0.3588 0.1883
vn -0.7749 -0.3531 0.5243
vn -0.5176 -0.3491 0.7812
vn -0.1817 -0.3474 0.9199
vn 0.1817 -0.3483 0.9196
vn 0.5172 -0.3516 0.7803
vn 0.7737 -0.3569 0.5235
vn 0.7737 -0.3568 0.5235
vn 0.9125 -0.3632 0.1880
vn 0.9125 -0.3697 -0.1749
vn 0.7737 -0.3754 -0.5104
vn 0.5171 -0.3794 -0.7672
vn 0.0001 0.9998 -0.0180
vn -0.1818 -0.3802 -0.9069
vn -0.0001 -0.9998 0.0180
vn 0.1950 -0.0376 -0.9801
vn 0.5554 -0.0359 -0.8308
vn 0.8312 -0.0318 -0.5550
vn 0.9805 -0.0257 -0.1947
vn 0.9806 -0.0187 0.1953
vn 0.8313 -0.0118 0.5557
vn 0.5555 -0.0061 0.8315
vn 0.1951 -0.0024 0.9808
vn -0.1950 -0.0013 0.9808
vn -0.5555 -0.0029 0.8315
vn -0.8314 -0.0071 0.5557
vn -0.9806 -0.0132 0.1954
vn -0.9807 -0.0202 -0.1946
vn -0.8314 -0.0271 -0.5551
vn -0.5555 -0.0328 -0.8309
vn -0.1951 -0.0365 -0.9801
vn -0.5177 -0.3769 -0.7681
vn -0.5178 -0.3769 -0.7680
vn 0.5199 0.3380 -0.7845
vn 0.7784 0.3420 -0.5264
vn 0.9184 0.3478 -0.1889
vn 0.9184 0.3543 0.1762
vn 0.7784 0.3607 0.5137
vn 0.5201 0.3660 0.7717
vn 0.1826 0.3694 0.9112
vn -0.1824 0.3702 0.9109
vn -0.5194 0.3685 0.7709
vn -0.7772 0.3645 0.5129
vn -0.9167 0.3588 0.1760
vn -0.9167 0.3523 -0.1887
vn -0.7773 0.3459 -0.5256
vn -0.5195 0.3406 -0.7837
vn -0.1825 0.3373 -0.9236
vn 0.1861 0.2831 -0.9409
vn 0.1950 -0.0240 -0.9805
vn 0.1900 -0.2401 -0.9520
vn 0.5302 0.2847 -0.7987
vn 0.5555 -0.0223 -0.8312
vn 0.5414 -0.2384 -0.8063
vn 0.5171 -0.3794 -0.7673
vn 0.7935 0.2888 -0.5356
vn 0.8314 -0.0181 -0.5554
vn 0.8102 -0.2342 -0.5373
vn 0.9362 0.2946 -0.1916
vn 0.9807 -0.0120 -0.1949
vn 0.9557 -0.2283 -0.1860
vn 0.9362 0.3013 0.1808
vn 0.9808 -0.0050 0.1951
vn 0.9557 -0.2215 0.1940
vn 0.9126 -0.3632 0.1880
vn 0.7936 0.3079 0.5248
vn 0.8314 0.0019 0.5556
vn 0.8102 -0.2147 0.5454
vn 0.5302 0.3133 0.7878
vn 0.5556 0.0076 0.8314
vn 0.5415 -0.2092 0.8142
vn 0.1862 0.3167 0.9301
vn 0.1951 0.0112 0.9807
vn 0.1902 -0.2057 0.9600
vn -0.1860 0.3176 0.9298
vn -0.1950 0.0123 0.9807
vn -0.1902 -0.2047 0.9602
vn -0.5297 0.3159 0.7872
vn -0.5555 0.0106 0.8314
vn -0.5418 -0.2064 0.8147
vn -0.5176 -0.3490 0.7812
vn -0.7925 0.3119 0.5241
vn -0.8314 0.0064 0.5556
vn -0.8110 -0.2105 0.5459
vn -0.7749 -0.3530 0.5243
vn -0.9347 0.3061 0.1806
vn -0.9808 0.0003 0.1952
vn -0.9568 -0.2165 0.1943
vn -0.9348 0.2994 -0.1913
vn -0.9808 -0.0067 -0.1949
vn -0.9568 -0.2233 -0.1863
vn -0.9142 -0.3653 -0.1753
vn -0.7926 0.2928 -0.5349
vn -0.8315 -0.0136 -0.5553
vn -0.8110 -0.2300 -0.5379
vn -0.7750 -0.3716 -0.5112
vn -0.5297 0.2874 -0.7980
vn -0.5556 -0.0193 -0.8312
vn -0.5419 -0.2355 -0.8067
vn -0.1861 0.2840 -0.9406
vn -0.1952 -0.0230 -0.9805
vn -0.1903 -0.2391 -0.9522
vn 0.1825 0.3364 -0.9239
vn 0.8312 -0.0318 -0.5551
vn 0.9805 -0.0257 -0.1946
vn 0.9806 -0.0187 0.1952
vn -0.8313 -0.0071 0.5558
vn -0.9807 -0.0202 -0.1947
vn -0.8313 -0.0271 -0.5551
vn -0.5555 -0.0328 -0.8308
vn -0.1952 -0.0365 -0.9801
vn -0.1722 -0.4860 -0.8568
vn -0.1722 -0.4861 -0.8568
vn -0.1748 0.4281 -0.8867
vn 0.4897 -0.4852 -0.7244
vn 0.4898 -0.4851 -0.7244
vn -0.8662 -0.4721 -0.1637
vn -0.4905 -0.4830 -0.7254
vn -0.7342 -0.4781 -0.4820
vn -0.4904 -0.4566 0.7423
vn -0.8662 -0.4659 0.1807
vn -0.7342 -0.4605 0.4989
vn -0.7342 -0.4604 0.4990
vn 0.4898 -0.4587 0.7414
vn -0.1721 -0.4549 0.8738
vn -0.1721 -0.4549 0.8737
vn 0.1721 -0.4557 0.8733
vn 0.8642 -0.4759 -0.1635
vn 0.8642 -0.4759 -0.1634
vn 0.7328 -0.4637 0.4980
vn 0.7328 -0.4637 0.4981
vn 0.1720 -0.4868 -0.8564
vn 0.4982 0.4290 -0.7535
vn 0.1749 0.4273 -0.8870
vn 0.7458 0.4329 -0.5063
vn 0.8800 0.4447 0.1670
vn 0.8799 0.4384 -0.1830
vn 0.7459 0.4508 0.4903
vn 0.1750 0.4589 0.8711
vn 0.4982 0.4558 0.7376
vn -0.1747 0.4597 0.8707
vn -0.7445 0.4542 0.4894
vn -0.4976 0.4580 0.7366
vn -0.8780 0.4487 0.1666
vn -0.7445 0.4362 -0.5053
vn -0.8781 0.4423 -0.1825
vn -0.4976 0.4313 -0.7526
vn 0.7327 -0.4813 -0.4811
vn 0.1804 0.3640 -0.9138
vn 0.1950 -0.0335 -0.9802
vn 0.1860 -0.3165 -0.9302
vn 0.5139 0.3657 -0.7760
vn 0.5554 -0.0318 -0.8309
vn 0.5298 -0.3148 -0.7875
vn 0.7694 0.3697 -0.5208
vn 0.8313 -0.0276 -0.5551
vn 0.7928 -0.3107 -0.5243
vn 0.9077 0.3753 -0.1874
vn 0.9806 -0.0215 -0.1948
vn 0.9351 -0.3049 -0.1807
vn 0.9078 0.3818 0.1737
vn 0.9806 -0.0144 0.1953
vn 0.9351 -0.2983 0.1914
vn 0.8642 -0.4697 0.1803
vn 0.7695 0.3882 0.5072
vn 0.8313 -0.0076 0.5557
vn 0.7928 -0.2918 0.5351
vn 0.7328 -0.4636 0.4981
vn 0.5140 0.3934 0.7622
vn 0.5556 -0.0019 0.8315
vn 0.5299 -0.2864 0.7982
vn 0.4898 -0.4588 0.7414
vn 0.1805 0.3966 0.9001
vn 0.1951 0.0017 0.9808
vn 0.1861 -0.2829 0.9409
vn -0.1803 0.3975 0.8997
vn -0.1950 0.0027 0.9808
vn -0.1862 -0.2820 0.9412
vn -0.5134 0.3958 0.7615
vn -0.5554 0.0010 0.8316
vn -0.5303 -0.2837 0.7989
vn -0.7682 0.3918 0.5064
vn -0.8314 -0.0033 0.5557
vn -0.7938 -0.2878 0.5358
vn -0.7341 -0.4604 0.4991
vn -0.9060 0.3861 0.1733
vn -0.9807 -0.0093 0.1953
vn -0.9365 -0.2936 0.1916
vn -0.8662 -0.4659 0.1806
vn -0.9060 0.3797 -0.1869
vn -0.9807 -0.0163 -0.1948
vn -0.9366 -0.3003 -0.1808
vn -0.7682 0.3733 -0.5201
vn -0.8314 -0.0232 -0.5551
vn -0.7938 -0.3069 -0.5251
vn -0.7342 -0.4781 -0.4821
vn -0.5135 0.3682 -0.7751
vn -0.5556 -0.0289 -0.8309
vn -0.5305 -0.3123 -0.7881
vn -0.4905 -0.4830 -0.7253
vn -0.1803 0.3649 -0.9134
vn -0.1951 -0.0325 -0.9803
vn -0.1862 -0.3156 -0.9304
vn 0.8642 -0.4697 0.1804
vn 0.1803 -0.7852 -0.5925
vn -0.7756 -0.5779 -0.2540
vn -0.9144 -0.4035 0.0335
vn -0.9138 -0.2152 0.3444
vn -0.9138 -0.2151 0.3445
vn -0.7739 -0.0414 0.6319
vn -0.5164 0.0910 0.8515
vn -0.1801 0.1621 0.9702
vn -0.1802 0.1621 0.9702
vn 0.1832 0.1610 0.9698
vn 0.5185 0.0880 0.8505
vn 0.7746 -0.0457 0.6308
vn 0.9130 -0.2199 0.3437
vn 0.9124 -0.4080 0.0332
vn 0.9124 -0.4079 0.0332
vn 0.7731 -0.5814 -0.2537
vn 0.5161 -0.7139 -0.4734
vn 0.5161 -0.7138 -0.4734
vn -0.0003 0.8553 -0.5181
vn -0.1830 -0.7844 -0.5926
vn 0.0004 -0.8553 0.5181
vn 0.1935 -0.5252 -0.8287
vn 0.5542 -0.4489 -0.7010
vn 0.8304 -0.3067 -0.4651
vn 0.9802 -0.1205 -0.1569
vn 0.9809 0.0816 0.1768
vn 0.8321 0.2688 0.4851
vn 0.5567 0.4124 0.7211
vn 0.1966 0.4908 0.8488
vn -0.1935 0.4919 0.8489
vn -0.5542 0.4156 0.7212
vn -0.8305 0.2735 0.4853
vn -0.9803 0.0872 0.1770
vn -0.9810 -0.1149 -0.1566
vn -0.8321 -0.3021 -0.4651
vn -0.5568 -0.4457 -0.7009
vn -0.1965 -0.5241 -0.8287
vn -0.5188 -0.7116 -0.4738
vn 0.5186 -0.1022 -0.8489
vn 0.7775 0.0308 -0.6282
vn 0.9179 0.2053 -0.3395
vn 0.9185 0.3945 -0.0270
vn 0.7791 0.5697 0.2617
vn 0.5211 0.7041 0.4824
vn 0.1839 0.7772 0.6018
vn -0.1812 0.7779 0.6017
vn -0.5184 0.7063 0.4821
vn -0.7765 0.5733 0.2614
vn -0.9165 0.3990 -0.0269
vn -0.9171 0.2101 -0.3387
vn -0.7782 0.0351 -0.6271
vn -0.5208 -0.0992 -0.8479
vn -0.1840 -0.1725 -0.9677
vn 0.1845 -0.2282 -0.9560
vn 0.1935 -0.5136 -0.8359
vn 0.1887 -0.6861 -0.7027
vn 0.5288 -0.1554 -0.8344
vn 0.5543 -0.4373 -0.7082
vn 0.5403 -0.6115 -0.5781
vn 0.7926 -0.0198 -0.6094
vn 0.8305 -0.2951 -0.4723
vn 0.8095 -0.4729 -0.3481
vn 0.7730 -0.5814 -0.2537
vn 0.9358 0.1580 -0.3151
vn 0.9804 -0.1088 -0.1640
vn 0.9555 -0.2912 -0.0475
vn 0.9364 0.3510 0.0035
vn 0.9810 0.0933 0.1698
vn 0.9561 -0.0943 0.2776
vn 0.7943 0.5296 0.2977
vn 0.8323 0.2805 0.4781
vn 0.8112 0.0881 0.5781
vn 0.5313 0.6666 0.5229
vn 0.5569 0.4242 0.7141
vn 0.5428 0.2282 0.8083
vn 0.5185 0.0880 0.8506
vn 0.1874 0.7412 0.6446
vn 0.1966 0.5025 0.8419
vn 0.1917 0.3046 0.9330
vn -0.1847 0.7420 0.6445
vn -0.1935 0.5036 0.8420
vn -0.1887 0.3057 0.9333
vn -0.5286 0.6690 0.5226
vn -0.5543 0.4272 0.7143
vn -0.5405 0.2312 0.8089
vn -0.7918 0.5334 0.2976
vn -0.8306 0.2851 0.4784
vn -0.8101 0.0926 0.5790
vn -0.9346 0.3557 0.0036
vn -0.9805 0.0987 0.1701
vn -0.9564 -0.0891 0.2782
vn -0.9352 0.1630 -0.3144
vn -0.9811 -0.1034 -0.1637
vn -0.9570 -0.2863 -0.0474
vn -0.7935 -0.0154 -0.6084
vn -0.8323 -0.2905 -0.4720
vn -0.8118 -0.4688 -0.3481
vn -0.5310 -0.1523 -0.8336
vn -0.5568 -0.4342 -0.7081
vn -0.5430 -0.6089 -0.5783
vn -0.5187 -0.7116 -0.4738
vn -0.1876 -0.2271 -0.9556
vn -0.1966 -0.5126 -0.8358
vn -0.1916 -0.6852 -0.7027
vn 0.1810 -0.1736 -0.9680
vn 0.5543 -0.4488 -0.7010
vn 0.8303 -0.3068 -0.4653
vn 0.9803 -0.1204 -0.1567
vn 0.9809 0.0816 0.1767
vn 0.8320 0.2688 0.4853
vn 0.5568 0.4124 0.7210
vn -0.8305 0.2735 0.4852
vn -0.9809 -0.1149 -0.1567
vn -0.8322 -0.3020 -0.4650
vn -0.1733 -0.8507 -0.4962
vn -0.1732 -0.8508 -0.4962
vn -0.1763 -0.0754 -0.9814
vn 0.4888 -0.7837 -0.3832
vn -0.8663 -0.4900 0.0971
vn -0.4914 -0.7819 -0.3836
vn -0.7347 -0.6553 -0.1753
vn -0.7347 -0.6553 -0.1754
vn -0.4891 -0.0215 0.8719
vn -0.4891 -0.0215 0.8720
vn -0.8658 -0.3116 0.3915
vn -0.7332 -0.1470 0.6640
vn 0.4911 -0.0243 0.8707
vn 0.4911 -0.0242 0.8708
vn -0.1706 0.0459 0.9843
vn 0.1735 0.0449 0.9838
vn 0.8641 -0.4939 0.0964
vn 0.8641 -0.4939 0.0965
vn 0.7337 -0.1509 0.6625
vn 0.1709 -0.8513 -0.4960
vn 0.4969 -0.0080 -0.8678
vn 0.1734 -0.0764 -0.9819
vn 0.7449 0.1195 -0.6564
vn 0.8801 0.4680 -0.0804
vn 0.8795 0.2866 -0.3798
vn 0.7465 0.6358 0.1962
vn 0.1761 0.8345 0.5221
vn 0.4992 0.7645 0.4078
vn -0.1736 0.8351 0.5219
vn -0.7440 0.6389 0.1960
vn -0.4966 0.7664 0.4074
vn -0.8780 0.4720 -0.0800
vn -0.7454 0.1235 -0.6551
vn -0.8785 0.2910 -0.3788
vn -0.4989 -0.0052 -0.8666
vn 0.7322 -0.6582 -0.1751
vn 0.7322 -0.6582 -0.1752
vn 0.1789 -0.1446 -0.9732
vn 0.1935 -0.5217 -0.8309
vn 0.1847 -0.7412 -0.6453
vn 0.1708 -0.8514 -0.4960
vn 0.5126 -0.0740 -0.8554
vn 0.5542 -0.4454 -0.7032
vn 0.5288 -0.6682 -0.5234
vn 0.7685 0.0575 -0.6373
vn 0.8304 -0.3032 -0.4673
vn 0.7921 -0.5325 -0.2984
vn 0.9073 0.2300 -0.3520
vn 0.9803 -0.1168 -0.1591
vn 0.9349 -0.3548 -0.0044
vn 0.8641 -0.4939 0.0966
vn 0.9079 0.4170 -0.0431
vn 0.9809 0.0853 0.1746
vn 0.9355 -0.1620 0.3140
vn 0.8647 -0.3158 0.3907
vn 0.7701 0.5901 0.2422
vn 0.8322 0.2725 0.4829
vn 0.7938 0.0164 0.6080
vn 0.7337 -0.1508 0.6625
vn 0.5151 0.7229 0.4605
vn 0.5568 0.4161 0.7189
vn 0.5312 0.1534 0.8332
vn 0.1817 0.7952 0.5785
vn 0.1966 0.4944 0.8467
vn 0.1876 0.2282 0.9554
vn -0.1791 0.7959 0.5784
vn -0.1936 0.4954 0.8468
vn -0.1846 0.2293 0.9557
vn -0.5124 0.7250 0.4602
vn -0.5542 0.4191 0.7192
vn -0.5290 0.1564 0.8341
vn -0.4891 -0.0214 0.8720
vn -0.7675 0.5935 0.2421
vn -0.8305 0.2769 0.4833
vn -0.7929 0.0208 0.6090
vn -0.9059 0.4213 -0.0429
vn -0.9804 0.0904 0.1750
vn -0.9361 -0.1571 0.3146
vn -0.8657 -0.3117 0.3916
vn -0.9065 0.2346 -0.3511
vn -0.9810 -0.1115 -0.1586
vn -0.9367 -0.3501 -0.0040
vn -0.7691 0.0617 -0.6361
vn -0.8323 -0.2987 -0.4670
vn -0.7946 -0.5288 -0.2984
vn -0.5148 -0.0711 -0.8544
vn -0.5569 -0.4423 -0.7030
vn -0.5315 -0.6658 -0.5236
vn -0.1819 -0.1436 -0.9728
vn -0.1965 -0.5206 -0.8309
vn -0.1874 -0.7405 -0.6454
vn 0.1797 -0.9766 -0.1178
vn -0.7757 -0.6269 0.0721
vn -0.9142 -0.3316 0.2331
vn -0.9132 -0.0125 0.4073
vn -0.7730 0.2821 0.5682
vn -0.5151 0.5069 0.6912
vn -0.1788 0.6278 0.7576
vn 0.1846 0.6266 0.7572
vn 0.1846 0.6265 0.7572
vn 0.5197 0.5034 0.6903
vn 0.7756 0.2772 0.5671
vn 0.9136 -0.0178 0.4063
vn 0.9126 -0.3363 0.2324
vn 0.7729 -0.6305 0.0717
vn 0.5156 -0.8553 -0.0513
vn -0.0015 0.4791 -0.8778
vn -0.1835 -0.9759 -0.1178
vn 0.0015 -0.4791 0.8777
vn 0.1924 -0.8706 -0.4528
vn 0.5533 -0.7406 -0.3813
vn 0.8299 -0.4992 -0.2492
vn 0.9801 -0.1833 -0.0766
vn 0.9811 0.1589 0.1102
vn 0.8327 0.4758 0.2831
vn 0.5577 0.7187 0.4152
vn 0.1977 0.8508 0.4868
vn -0.1925 0.8520 0.4869
vn -0.5533 0.7220 0.4155
vn -0.8298 0.4807 0.2834
vn -0.9801 0.1647 0.1107
vn -0.9811 -0.1776 -0.0762
vn -0.8327 -0.4945 -0.2490
vn -0.5577 -0.7374 -0.3811
vn -0.1975 -0.8695 -0.4527
vn -0.5192 -0.8531 -0.0511
vn 0.5174 -0.5152 -0.6833
vn 0.7765 -0.2894 -0.5597
vn 0.9173 0.0064 -0.3981
vn 0.9183 0.3271 -0.2231
vn 0.7792 0.6237 -0.0613
vn 0.5215 0.8510 0.0624
vn 0.1844 0.9743 0.1294
vn -0.1806 0.9750 0.1294
vn -0.5179 0.8531 0.0625
vn -0.7764 0.6273 -0.0610
vn -0.9167 0.3319 -0.2223
vn -0.9177 0.0117 -0.3971
vn -0.7791 -0.2845 -0.5586
vn -0.5221 -0.5117 -0.6824
vn -0.1854 -0.6354 -0.7496
vn 0.1832 -0.6778 -0.7120
vn 0.1925 -0.8642 -0.4648
vn 0.1880 -0.9463 -0.2629
vn 0.1797 -0.9766 -0.1179
vn 0.5277 -0.5539 -0.6440
vn 0.5534 -0.7342 -0.3933
vn 0.5397 -0.8194 -0.1932
vn 0.5157 -0.8553 -0.0513
vn 0.7917 -0.3237 -0.5181
vn 0.8300 -0.4929 -0.2612
vn 0.8091 -0.5841 -0.0645
vn 0.9353 -0.0221 -0.3533
vn 0.9803 -0.1768 -0.0885
vn 0.9555 -0.2760 0.1039
vn 0.9362 0.3047 -0.1749
vn 0.9813 0.1656 0.0984
vn 0.9565 0.0576 0.2859
vn 0.9136 -0.0177 0.4063
vn 0.7945 0.6072 -0.0099
vn 0.8329 0.4825 0.2711
vn 0.8120 0.3664 0.4543
vn 0.7756 0.2771 0.5671
vn 0.5318 0.8389 0.1162
vn 0.5577 0.7254 0.4034
vn 0.5439 0.6033 0.5833
vn 0.1881 0.9647 0.1845
vn 0.1977 0.8575 0.4750
vn 0.1930 0.7322 0.6532
vn -0.1840 0.9654 0.1845
vn -0.1925 0.8586 0.4751
vn -0.1874 0.7334 0.6535
vn -0.1788 0.6278 0.7575
vn -0.5280 0.8412 0.1164
vn -0.5534 0.7286 0.4037
vn -0.5394 0.6067 0.5839
vn -0.7916 0.6110 -0.0096
vn -0.8300 0.4872 0.2716
vn -0.8093 0.3714 0.4552
vn -0.9347 0.3097 -0.1742
vn -0.9803 0.1712 0.0989
vn -0.9559 0.0632 0.2868
vn -0.9132 -0.0124 0.4074
vn -0.9357 -0.0167 -0.3524
vn -0.9813 -0.1713 -0.0881
vn -0.9569 -0.2709 0.1044
vn -0.7944 -0.3188 -0.5171
vn -0.8329 -0.4881 -0.2608
vn -0.8121 -0.5800 -0.0642
vn -0.5322 -0.5504 -0.6432
vn -0.5577 -0.7311 -0.3931
vn -0.5437 -0.8168 -0.1931
vn -0.1889 -0.6766 -0.7117
vn -0.1977 -0.8631 -0.4647
vn -0.1924 -0.9454 -0.2629
vn 0.1796 -0.6367 -0.7499
vn 0.1925 -0.8706 -0.4528
vn 0.5534 -0.7405 -0.3813
vn 0.8298 -0.4994 -0.2493
vn 0.9801 -0.1832 -0.0765
vn 0.9811 0.1590 0.1103
vn 0.8327 0.4758 0.2830
vn 0.5578 0.7187 0.4152
vn 0.1976 0.8508 0.4868
vn -0.1924 0.8520 0.4869
vn -0.5534 0.7219 0.4154
vn -0.9801 0.1648 0.1107
vn -0.9812 -0.1776 -0.0762
vn -0.1976 -0.8695 -0.4527
vn -0.1737 -0.9848 -0.0011
vn -0.1777 -0.5584 -0.8103
vn 0.4886 -0.8703 0.0618
vn -0.8659 -0.3745 0.3315
vn -0.4917 -0.8685 0.0621
vn -0.7347 -0.6544 0.1788
vn -0.4878 0.4199 0.7654
vn -0.8650 -0.0722 0.4965
vn -0.7322 0.2068 0.6490
vn -0.7322 0.2069 0.6489
vn 0.4924 0.4165 0.7642
vn -0.1692 0.5344 0.8281
vn 0.1751 0.5332 0.8277
vn 0.8645 -0.3788 0.3305
vn 0.8645 -0.3788 0.3304
vn 0.7347 0.2022 0.6475
vn 0.7348 0.2022 0.6475
vn 0.1705 -0.9854 -0.0012
vn 0.1704 -0.9854 -0.0012
vn 0.4956 -0.4433 -0.7469
vn 0.1719 -0.5597 -0.8107
vn 0.7439 -0.2269 -0.6286
vn 0.8797 0.3638 -0.3061
vn 0.8788 0.0566 -0.4738
vn 0.7465 0.6481 -0.1511
vn 0.1766 0.9838 0.0317
vn 0.4996 0.8657 -0.0325
vn -0.1732 0.9844 0.0318
vn -0.7439 0.6512 -0.1506
vn -0.4963 0.8675 -0.0323
vn -0.8783 0.3682 -0.3051
vn -0.7465 -0.2222 -0.6272
vn -0.8793 0.0615 -0.4724
vn -0.5003 -0.4399 -0.7458
vn 0.7322 -0.6574 0.1783
vn 0.7322 -0.6574 0.1782
vn 0.1775 -0.6142 -0.7689
vn 0.1925 -0.8687 -0.4564
vn 0.1841 -0.9652 -0.1856
vn 0.5114 -0.4942 -0.7031
vn 0.5533 -0.7387 -0.3850
vn 0.5282 -0.8409 -0.1174
vn 0.7675 -0.2709 -0.5810
vn 0.8299 -0.4973 -0.2529
vn 0.7919 -0.6106 0.0085
vn 0.9067 0.0215 -0.4213
vn 0.9801 -0.1813 -0.0803
vn 0.9351 -0.3092 0.1732
vn 0.9076 0.3385 -0.2482
vn 0.9812 0.1611 0.1067
vn 0.9361 0.0173 0.3513
vn 0.8654 -0.0769 0.4952
vn 0.8654 -0.0770 0.4952
vn 0.7702 0.6316 -0.0884
vn 0.8328 0.4779 0.2793
vn 0.7947 0.3194 0.5162
vn 0.7348 0.2022 0.6474
vn 0.5154 0.8562 0.0340
vn 0.5577 0.7208 0.4116
vn 0.5324 0.5512 0.6424
vn 0.1823 0.9781 0.1002
vn 0.1977 0.8528 0.4833
vn 0.1890 0.6774 0.7109
vn -0.1786 0.9788 0.1003
vn -0.1925 0.8540 0.4834
vn -0.1833 0.6786 0.7112
vn -0.5119 0.8583 0.0342
vn -0.5532 0.7240 0.4121
vn -0.5278 0.5548 0.6432
vn -0.7674 0.6351 -0.0879
vn -0.8299 0.4826 0.2800
vn -0.7920 0.3243 0.5173
vn -0.9062 0.3430 -0.2474
vn -0.9802 0.1665 0.1072
vn -0.9356 0.0226 0.3525
vn -0.9071 0.0268 -0.4201
vn -0.9812 -0.1758 -0.0795
vn -0.9366 -0.3043 0.1740
vn -0.7701 -0.2660 -0.5798
vn -0.8328 -0.4927 -0.2524
vn -0.7947 -0.6069 0.0090
vn -0.5160 -0.4906 -0.7022
vn -0.5577 -0.7355 -0.3846
vn -0.5320 -0.8386 -0.1171
vn -0.1832 -0.6129 -0.7686
vn -0.1976 -0.8676 -0.4563
vn -0.1882 -0.9644 -0.1856
vn -0.1736 -0.9848 -0.0011
vn 0.8654 -0.0770 0.4951
vn 0.1800 -0.9036 0.3887
vn -0.7754 -0.5055 0.3786
vn -0.7754 -0.5054 0.3786
vn -0.9137 -0.1692 0.3696
vn -0.9126 0.1943 0.3598
vn -0.7723 0.5298 0.3506
vn -0.5142 0.7858 0.3436
vn -0.1779 0.9236 0.3396
vn 0.1855 0.9222 0.3394
vn 0.5206 0.7819 0.3430
vn 0.5205 0.7819 0.3430
vn 0.7763 0.5244 0.3498
vn 0.7763 0.5243 0.3498
vn 0.9142 0.1885 0.3587
vn 0.9142 0.1885 0.3588
vn 0.9131 -0.1744 0.3685
vn 0.9131 -0.1744 0.3686
vn 0.7732 -0.5094 0.3777
vn 0.5159 -0.7654 0.3847
vn 0.5159 -0.7654 0.3848
vn -0.0030 -0.0269 -0.9996
vn -0.1834 -0.9029 0.3889
vn -0.1833 -0.9029 0.3889
vn 0.0030 0.0269 0.9996
vn 0.1921 -0.9803 0.0458
vn 0.5531 -0.8321 0.0417
vn 0.8296 -0.5573 0.0343
vn 0.9800 -0.1974 0.0245
vn 0.9812 0.1925 0.0140
vn 0.8329 0.5534 0.0043
vn 0.5580 0.8298 -0.0031
vn 0.1981 0.9801 -0.0070
vn -0.1921 0.9814 -0.0070
vn -0.5529 0.8332 -0.0029
vn -0.8296 0.5583 0.0046
vn -0.9800 0.1984 0.0144
vn -0.9812 -0.1915 0.0249
vn -0.8329 -0.5524 0.0346
vn -0.5580 -0.8288 0.0420
vn -0.1979 -0.9791 0.0459
vn -0.5189 -0.7630 0.3854
vn -0.5189 -0.7631 0.3854
vn 0.5165 -0.7891 -0.3325
vn 0.7758 -0.5318 -0.3396
vn 0.9167 -0.1949 -0.3488
vn 0.9178 0.1703 -0.3587
vn 0.7789 0.5081 -0.3677
vn 0.5212 0.7669 -0.3745
vn 0.1843 0.9073 -0.3781
vn -0.1807 0.9080 -0.3779
vn -0.5182 0.7692 -0.3739
vn -0.7767 0.5120 -0.3668
vn -0.9172 0.1755 -0.3577
vn -0.9183 -0.1890 -0.3478
vn -0.7798 -0.5264 -0.3388
vn -0.5229 -0.7851 -0.3320
vn -0.1863 -0.9260 -0.3284
vn 0.1824 -0.9439 -0.2751
vn 0.1921 -0.9808 0.0322
vn 0.1879 -0.9504 0.2480
vn 0.5269 -0.8028 -0.2791
vn 0.5531 -0.8326 0.0281
vn 0.5397 -0.8057 0.2440
vn 0.7911 -0.5406 -0.2863
vn 0.8298 -0.5578 0.0206
vn 0.8093 -0.5377 0.2366
vn 0.9347 -0.1971 -0.2957
vn 0.9802 -0.1978 0.0108
vn 0.9558 -0.1869 0.2271
vn 0.9359 0.1752 -0.3057
vn 0.9814 0.1922 0.0003
vn 0.9569 0.1932 0.2168
vn 0.7942 0.5196 -0.3150
vn 0.8331 0.5531 -0.0093
vn 0.8125 0.5448 0.2073
vn 0.5317 0.7834 -0.3219
vn 0.5581 0.8296 -0.0167
vn 0.5446 0.8144 0.2003
vn 0.5205 0.7819 0.3431
vn 0.1880 0.9266 -0.3256
vn 0.1980 0.9800 -0.0206
vn 0.1937 0.9612 0.1965
vn -0.1842 0.9275 -0.3254
vn -0.1921 0.9812 -0.0205
vn -0.1867 0.9625 0.1966
vn -0.1779 0.9236 0.3397
vn -0.5282 0.7859 -0.3214
vn -0.5531 0.8330 -0.0164
vn -0.5388 0.8182 0.2007
vn -0.7918 0.5237 -0.3142
vn -0.8298 0.5580 -0.0089
vn -0.8087 0.5502 0.2081
vn -0.9351 0.1806 -0.3048
vn -0.9802 0.1981 0.0009
vn -0.9555 0.1991 0.2175
vn -0.9126 0.1944 0.3598
vn -0.9363 -0.1911 -0.2948
vn -0.9814 -0.1918 0.0114
vn -0.9567 -0.1813 0.2278
vn -0.9136 -0.1692 0.3696
vn -0.7950 -0.5352 -0.2856
vn -0.8331 -0.5528 0.0211
vn -0.8120 -0.5333 0.2373
vn -0.5330 -0.7989 -0.2787
vn -0.5581 -0.8293 0.0284
vn -0.5436 -0.8030 0.2444
vn -0.5189 -0.7631 0.3853
vn -0.1898 -0.9425 -0.2750
vn -0.1980 -0.9797 0.0323
vn -0.1924 -0.9494 0.2482
vn 0.1787 -0.9274 -0.3286
vn 0.1922 -0.9803 0.0458
vn 0.8296 -0.5574 0.0342
vn 0.9801 -0.1971 0.0245
vn 0.8329 0.5533 0.0043
vn 0.5582 0.8297 -0.0031
vn 0.1980 0.9802 -0.0070
vn -0.5530 0.8332 -0.0029
vn -0.8296 0.5584 0.0046
vn -0.9800 0.1983 0.0144
vn -0.9812 -0.1914 0.0249
vn -0.8329 -0.5523 0.0346
vn -0.5580 -0.8288 0.0419
vn -0.1980 -0.9791 0.0459
vn -0.1734 -0.8519 0.4942
vn -0.1733 -0.8519 0.4942
vn -0.1787 -0.8899 -0.4196
vn 0.4890 -0.7215 0.4902
vn -0.8653 -0.1567 0.4761
vn -0.8653 -0.1568 0.4761
vn -0.4912 -0.7195 0.4910
vn -0.7341 -0.4756 0.4846
vn -0.7342 -0.4755 0.4846
vn -0.4869 0.7478 0.4513
vn -0.4868 0.7478 0.4514
vn -0.8643 0.1874 0.4668
vn -0.7313 0.5054 0.4581
vn 0.4935 0.7439 0.4506
vn -0.1681 0.8783 0.4476
vn 0.1760 0.8769 0.4473
vn 0.8652 -0.1617 0.4747
vn 0.8651 -0.1617 0.4747
vn 0.7356 0.5000 0.4570
vn 0.1709 -0.8525 0.4940
vn 0.4946 -0.7588 -0.4237
vn 0.1710 -0.8913 -0.4199
vn 0.7430 -0.5124 -0.4306
vn 0.8792 0.1603 -0.4487
vn 0.8781 -0.1895 -0.4393
vn 0.7460 0.4841 -0.4574
vn 0.1761 0.8664 -0.4673
vn 0.4992 0.7318 -0.4639
vn -0.1734 0.8671 -0.4670
vn -0.7443 0.4876 -0.4563
vn -0.4968 0.7340 -0.4631
vn -0.8789 0.1653 -0.4475
vn -0.7473 -0.5070 -0.4294
vn -0.8799 -0.1839 -0.4381
vn -0.5012 -0.7548 -0.4230
vn 0.7327 -0.4790 0.4834
vn 0.7328 -0.4790 0.4834
vn 0.1765 -0.9175 -0.3563
vn 0.1921 -0.9805 0.0418
vn 0.1841 -0.9279 0.3243
vn 0.5106 -0.7807 -0.3603
vn 0.5530 -0.8323 0.0376
vn 0.5285 -0.7862 0.3203
vn 0.4890 -0.7215 0.4901
vn 0.7667 -0.5265 -0.3673
vn 0.8297 -0.5574 0.0300
vn 0.7921 -0.5239 0.3132
vn 0.7328 -0.4790 0.4833
vn 0.9061 -0.1934 -0.3764
vn 0.9801 -0.1974 0.0203
vn 0.9355 -0.1807 0.3037
vn 0.8651 -0.1618 0.4747
vn 0.9071 0.1675 -0.3861
vn 0.9813 0.1924 0.0098
vn 0.9366 0.1911 0.2936
vn 0.8662 0.1819 0.4655
vn 0.7698 0.5013 -0.3950
vn 0.8330 0.5532 0.0001
vn 0.7953 0.5353 0.2845
vn 0.5151 0.7571 -0.4017
vn 0.5581 0.8298 -0.0072
vn 0.5332 0.7992 0.2775
vn 0.4934 0.7439 0.4507
vn 0.1820 0.8959 -0.4052
vn 0.1980 0.9801 -0.0111
vn 0.1898 0.9429 0.2739
vn 0.1761 0.8769 0.4474
vn -0.1787 0.8967 -0.4050
vn -0.1921 0.9813 -0.0110
vn -0.1825 0.9442 0.2741
vn -0.1682 0.8783 0.4476
vn -0.5123 0.7594 -0.4011
vn -0.5530 0.8332 -0.0068
vn -0.5270 0.8031 0.2782
vn -0.4868 0.7479 0.4514
vn -0.7678 0.5053 -0.3940
vn -0.8297 0.5583 0.0007
vn -0.7913 0.5407 0.2853
vn -0.9067 0.1726 -0.3849
vn -0.9801 0.1983 0.0106
vn -0.9351 0.1971 0.2946
vn -0.8642 0.1874 0.4668
vn -0.9077 -0.1877 -0.3752
vn -0.9812 -0.1916 0.0211
vn -0.9362 -0.1753 0.3046
vn -0.7709 -0.5211 -0.3664
vn -0.8330 -0.5524 0.0307
vn -0.7946 -0.5198 0.3138
vn -0.5169 -0.7768 -0.3596
vn -0.5580 -0.8290 0.0380
vn -0.5318 -0.7837 0.3209
vn -0.1842 -0.9161 -0.3561
vn -0.1980 -0.9793 0.0419
vn -0.1880 -0.9270 0.3245
vn -0.1733 -0.8519 0.4943
vn 0.1809 -0.5859 0.7899
vn -0.7745 -0.2465 0.5825
vn -0.7746 -0.2464 0.5825
vn -0.9130 0.0399 0.4059
vn -0.9121 0.3492 0.2147
vn -0.7719 0.6346 0.0380
vn -0.5141 0.8522 -0.0971
vn -0.1777 0.9692 -0.1703
vn 0.1856 0.9678 -0.1703
vn 0.5208 0.8482 -0.0972
vn 0.7766 0.6288 0.0377
vn 0.9147 0.3429 0.2140
vn 0.9137 0.0340 0.4049
vn 0.9137 0.0341 0.4049
vn 0.7741 -0.2508 0.5813
vn 0.5168 -0.4685 0.7165
vn -0.0045 -0.5257 -0.8507
vn -0.1823 -0.5850 0.7903
vn 0.0045 0.5257 0.8507
vn 0.1926 -0.8246 0.5320
vn 0.5534 -0.6986 0.4535
vn 0.8299 -0.4648 0.3084
vn 0.9801 -0.1587 0.1189
vn 0.9811 0.1731 -0.0861
vn 0.8327 0.4802 -0.2756
vn 0.5577 0.7156 -0.4205
vn 0.1976 0.8438 -0.4990
vn -0.1925 0.8450 -0.4989
vn -0.5533 0.7191 -0.4204
vn -0.8298 0.4854 -0.2754
vn -0.9801 0.1791 -0.0858
vn -0.9811 -0.1526 0.1192
vn -0.8326 -0.4598 0.3088
vn -0.5575 -0.6952 0.4537
vn -0.1975 -0.8233 0.5321
vn -0.5181 -0.4658 0.7174
vn -0.5180 -0.4658 0.7174
vn 0.5164 -0.8495 0.1083
vn 0.7755 -0.6308 -0.0275
vn 0.9163 -0.3441 -0.2050
vn 0.9172 -0.0334 -0.3970
vn 0.7781 0.2542 -0.5744
vn 0.5204 0.4745 -0.7099
vn 0.1833 0.5943 -0.7831
vn -0.1818 0.5952 -0.7828
vn -0.5191 0.4772 -0.7091
vn -0.7775 0.2586 -0.5733
vn -0.9178 -0.0276 -0.3961
vn -0.9188 -0.3379 -0.2043
vn -0.7801 -0.6250 -0.0272
vn -0.5231 -0.8454 0.1083
vn -0.1863 -0.9655 0.1818
vn 0.1824 -0.9544 0.2363
vn 0.1926 -0.8318 0.5205
vn 0.1887 -0.6970 0.6918
vn 0.5268 -0.8345 0.1613
vn 0.5535 -0.7059 0.4419
vn 0.5404 -0.5742 0.6150
vn 0.7908 -0.6116 0.0229
vn 0.8300 -0.4722 0.2968
vn 0.8098 -0.3463 0.4736
vn 0.9344 -0.3193 -0.1580
vn 0.9803 -0.1659 0.1072
vn 0.9562 -0.0478 0.2888
vn 0.9353 -0.0025 -0.3538
vn 0.9813 0.1659 -0.0979
vn 0.9572 0.2756 0.0890
vn 0.7936 0.2906 -0.5346
vn 0.8329 0.4730 -0.2873
vn 0.8126 0.5749 -0.0957
vn 0.5308 0.5152 -0.6729
vn 0.5577 0.7086 -0.4322
vn 0.5445 0.8045 -0.2370
vn 0.1871 0.6374 -0.7475
vn 0.1976 0.8368 -0.5107
vn 0.1936 0.9296 -0.3135
vn 0.1856 0.9678 -0.1702
vn -0.1850 0.6383 -0.7472
vn -0.1925 0.8380 -0.5106
vn -0.1868 0.9310 -0.3135
vn -0.5290 0.5182 -0.6720
vn -0.5534 0.7121 -0.4320
vn -0.5388 0.8084 -0.2369
vn -0.5140 0.8522 -0.0971
vn -0.7925 0.2952 -0.5337
vn -0.8300 0.4783 -0.2869
vn -0.8086 0.5805 -0.0954
vn -0.7720 0.6345 0.0381
vn -0.9356 0.0033 -0.3529
vn -0.9802 0.1722 -0.0973
vn -0.9553 0.2819 0.0895
vn -0.9121 0.3492 0.2148
vn -0.9366 -0.3131 -0.1574
vn -0.9813 -0.1597 0.1078
vn -0.9563 -0.0419 0.2895
vn -0.7952 -0.6059 0.0232
vn -0.8328 -0.4669 0.2973
vn -0.8114 -0.3414 0.4744
vn -0.5331 -0.8305 0.1614
vn -0.5576 -0.7025 0.4422
vn -0.5429 -0.5711 0.6157
vn -0.1898 -0.9530 0.2363
vn -0.1976 -0.8306 0.5206
vn -0.1916 -0.6960 0.6920
vn -0.1824 -0.5850 0.7902
vn 0.1786 -0.9670 0.1817
vn 0.1926 -0.8245 0.5320
vn 0.5535 -0.6986 0.4534
vn 0.8299 -0.4649 0.3084
vn 0.9802 -0.1586 0.1188
vn 0.9812 0.1730 -0.0861
vn 0.8326 0.4803 -0.2757
vn 0.5578 0.7156 -0.4205
vn -0.1924 0.8450 -0.4990
vn -0.5534 0.7191 -0.4203
vn -0.9811 -0.1525 0.1192
vn -0.8327 -0.4598 0.3087
vn -0.5575 -0.6953 0.4537
vn -0.1723 -0.4880 0.8557
vn -0.1722 -0.4880 0.8557
vn -0.1789 -0.9802 0.0847
vn 0.4901 -0.3776 0.7856
vn -0.8645 0.1041 0.4917
vn -0.8645 0.1041 0.4918
vn -0.4901 -0.3751 0.7869
vn -0.4901 -0.3751 0.7868
vn -0.7333 -0.1672 0.6590
vn -0.4865 0.8735 0.0151
vn -0.4865 0.8736 0.0151
vn -0.8636 0.3970 0.3107
vn -0.7308 0.6674 0.1432
vn 0.4939 0.8694 0.0150
vn -0.1678 0.9843 -0.0542
vn 0.1763 0.9828 -0.0543
vn 0.1764 0.9828 -0.0543
vn 0.8659 0.0984 0.4904
vn 0.7361 0.6617 0.1427
vn 0.1719 -0.4888 0.8553
vn 0.4943 -0.8692 0.0143
vn 0.1706 -0.9817 0.0847
vn 0.7426 -0.6597 -0.1159
vn 0.8784 -0.0873 -0.4699
vn 0.8775 -0.3851 -0.2859
vn 0.7451 0.1882 -0.6398
vn 0.1752 0.5141 -0.8397
vn 0.4981 0.3994 -0.7697
vn -0.1746 0.5150 -0.8392
vn -0.7452 0.1925 -0.6384
vn -0.4976 0.4020 -0.7686
vn -0.8796 -0.0816 -0.4686
vn -0.7478 -0.6539 -0.1153
vn -0.8805 -0.3788 -0.2849
vn -0.5015 -0.8650 0.0144
vn 0.7336 -0.1714 0.6576
vn 0.7337 -0.1714 0.6576
vn 0.1764 -0.9724 0.1528
vn 0.1926 -0.8267 0.5286
vn 0.1850 -0.6392 0.7464
vn 0.1719 -0.4889 0.8552
vn 0.5103 -0.8562 0.0802
vn 0.5535 -0.7009 0.4499
vn 0.5292 -0.5189 0.6713
vn 0.4901 -0.3777 0.7856
vn 0.7664 -0.6401 -0.0541
vn 0.8299 -0.4671 0.3049
vn 0.7928 -0.2959 0.5328
vn 0.7337 -0.1715 0.6575
vn 0.9056 -0.3567 -0.2295
vn 0.9802 -0.1609 0.1153
vn 0.9360 -0.0039 0.3520
vn 0.9065 -0.0496 -0.4193
vn 0.9812 0.1708 -0.0898
vn 0.9370 0.3125 0.1564
vn 0.8668 0.3908 0.3097
vn 0.7691 0.2345 -0.5946
vn 0.8328 0.4779 -0.2792
vn 0.7955 0.6055 -0.0243
vn 0.7361 0.6616 0.1427
vn 0.5142 0.4524 -0.7286
vn 0.5577 0.7135 -0.4241
vn 0.5333 0.8302 -0.1625
vn 0.4939 0.8694 0.0149
vn 0.1810 0.5708 -0.8009
vn 0.1975 0.8417 -0.5025
vn 0.1898 0.9527 -0.2374
vn -0.1797 0.5717 -0.8005
vn -0.1925 0.8429 -0.5024
vn -0.1825 0.9541 -0.2374
vn -0.5132 0.4552 -0.7276
vn -0.5532 0.7171 -0.4238
vn -0.5270 0.8342 -0.1624
vn -0.7686 0.2390 -0.5934
vn -0.8299 0.4833 -0.2786
vn -0.7912 0.6111 -0.0239
vn -0.7307 0.6675 0.1432
vn -0.9073 -0.0439 -0.4182
vn -0.9801 0.1772 -0.0891
vn -0.9347 0.3189 0.1571
vn -0.8636 0.3970 0.3106
vn -0.9082 -0.3504 -0.2287
vn -0.9811 -0.1546 0.1159
vn -0.9356 0.0020 0.3530
vn -0.7712 -0.6343 -0.0537
vn -0.8327 -0.4618 0.3055
vn -0.7938 -0.2913 0.5339
vn -0.5171 -0.8521 0.0803
vn -0.5576 -0.6973 0.4503
vn -0.5311 -0.5160 0.6721
vn -0.4902 -0.3751 0.7868
vn -0.1844 -0.9709 0.1528
vn -0.1974 -0.8255 0.5287
vn -0.1872 -0.6382 0.7468
vn 0.8669 0.3908 0.3096
vn -0.1823 0.1096 -0.9771
vn 0.7736 -0.0801 -0.6286
vn 0.7736 -0.0800 -0.6286
vn 0.9125 -0.2389 -0.3322
vn 0.9124 -0.2389 -0.3322
vn 0.9119 -0.4102 -0.0116
vn 0.7721 -0.5680 0.2849
vn 0.5145 -0.6882 0.5116
vn 0.5145 -0.6882 0.5115
vn 0.1784 -0.7524 0.6341
vn -0.1849 -0.7510 0.6339
vn -0.5203 -0.6842 0.5111
vn -0.7765 -0.5622 0.2845
vn -0.9148 -0.4037 -0.0113
vn -0.9143 -0.2327 -0.3314
vn -0.9143 -0.2326 -0.3315
vn -0.7750 -0.0750 -0.6275
vn -0.5181 0.0451 -0.8541
vn -0.5181 0.0452 -0.8541
vn 0.0056 0.8820 0.4712
vn 0.1809 0.1085 -0.9775
vn -0.0056 -0.8820 -0.4712
vn -0.1938 0.4455 -0.8741
vn -0.5545 0.3763 -0.7423
vn -0.8305 0.2472 -0.4991
vn -0.9804 0.0778 -0.1811
vn -0.9809 -0.1059 0.1630
vn -0.8322 -0.2762 0.4808
vn -0.5567 -0.4071 0.7241
vn -0.1966 -0.4786 0.8558
vn 0.1936 -0.4798 0.8557
vn 0.5542 -0.4106 0.7240
vn 0.8305 -0.2815 0.4807
vn 0.9803 -0.1122 0.1628
vn 0.9808 0.0717 -0.1813
vn 0.8319 0.2420 -0.4993
vn 0.5566 0.3728 -0.7424
vn 0.1964 0.4443 -0.8741
vn 0.5167 0.0419 -0.8551
vn -0.5169 0.6801 -0.5198
vn -0.7757 0.5595 -0.2921
vn -0.9161 0.4009 0.0056
vn -0.9166 0.2288 0.3278
vn -0.7771 0.0693 0.6255
vn -0.5191 -0.0532 0.8531
vn -0.1819 -0.1201 0.9760
vn 0.1832 -0.1212 0.9756
vn 0.5203 -0.0565 0.8521
vn 0.7785 0.0643 0.6243
vn 0.9184 0.2226 0.3271
vn 0.9189 0.3944 0.0055
vn 0.7799 0.5537 -0.2918
vn 0.5226 0.6762 -0.5193
vn 0.1857 0.7433 -0.6427
vn -0.1831 0.7064 -0.6837
vn -0.1937 0.4576 -0.8678
vn -0.1900 0.2550 -0.9481
vn -0.5274 0.6406 -0.5581
vn -0.5544 0.3884 -0.7360
vn -0.5415 0.1875 -0.8195
vn -0.5181 0.0452 -0.8542
vn -0.7911 0.5175 -0.3260
vn -0.8307 0.2594 -0.4927
vn -0.8107 0.0616 -0.5822
vn -0.7750 -0.0750 -0.6274
vn -0.9343 0.3559 -0.0225
vn -0.9805 0.0900 -0.1746
vn -0.9566 -0.1034 -0.2723
vn -0.9348 0.1804 0.3060
vn -0.9811 -0.0939 0.1695
vn -0.9572 -0.2825 0.0630
vn -0.7926 0.0178 0.6094
vn -0.8322 -0.2642 0.4874
vn -0.8122 -0.4486 0.3729
vn -0.5296 -0.1071 0.8414
vn -0.5568 -0.3951 0.7306
vn -0.5439 -0.5762 0.6101
vn -0.1857 -0.1753 0.9668
vn -0.1965 -0.4667 0.8623
vn -0.1927 -0.6460 0.7386
vn 0.1864 -0.1764 0.9665
vn 0.1936 -0.4680 0.8623
vn 0.1876 -0.6474 0.7387
vn 0.5303 -0.1104 0.8406
vn 0.5544 -0.3987 0.7305
vn 0.5395 -0.5801 0.6103
vn 0.5146 -0.6882 0.5115
vn 0.7935 0.0127 0.6085
vn 0.8306 -0.2697 0.4871
vn 0.8090 -0.4543 0.3730
vn 0.9362 0.1742 0.3053
vn 0.9805 -0.1003 0.1692
vn 0.9553 -0.2890 0.0629
vn 0.9119 -0.4102 -0.0115
vn 0.9367 0.3494 -0.0226
vn 0.9810 0.0835 -0.1750
vn 0.9558 -0.1097 -0.2728
vn 0.9124 -0.2388 -0.3323
vn 0.7949 0.5118 -0.3258
vn 0.8322 0.2539 -0.4930
vn 0.8105 0.0564 -0.5830
vn 0.5325 0.6367 -0.5578
vn 0.5567 0.3848 -0.7362
vn 0.5418 0.1841 -0.8201
vn 0.5168 0.0419 -0.8551
vn 0.1890 0.7050 -0.6835
vn 0.1964 0.4563 -0.8679
vn 0.1903 0.2538 -0.9483
vn -0.1792 0.7447 -0.6428
vn -0.1938 0.4455 -0.8740
vn -0.5544 0.3763 -0.7423
vn -0.8305 0.2473 -0.4992
vn -0.9804 0.0777 -0.1808
vn -0.9810 -0.1059 0.1628
vn -0.8320 -0.2763 0.4810
vn -0.5568 -0.4071 0.7241
vn -0.1967 -0.4786 0.8558
vn 0.1935 -0.4798 0.8557
vn 0.5543 -0.4106 0.7239
vn 0.8304 -0.2816 0.4808
vn 0.9803 -0.1122 0.1629
vn 0.9808 0.0716 -0.1814
vn 0.8321 0.2420 -0.4991
vn 0.5565 0.3728 -0.7425
vn 0.1963 0.4443 -0.8741
vn 0.1707 -0.0082 -0.9853
vn 0.1707 -0.0083 -0.9853
vn 0.1785 0.8047 -0.5662
vn -0.4914 -0.0682 -0.8683
vn 0.8638 -0.3375 -0.3741
vn 0.4888 -0.0713 -0.8695
vn 0.4888 -0.0714 -0.8695
vn 0.7323 -0.1869 -0.6548
vn 0.7323 -0.1869 -0.6549
vn 0.4868 -0.7630 0.4253
vn 0.4867 -0.7630 0.4253
vn 0.8633 -0.4998 -0.0704
vn 0.7308 -0.6493 0.2105
vn -0.4935 -0.7589 0.4248
vn -0.4935 -0.7590 0.4248
vn 0.1683 -0.8238 0.5414
vn 0.1683 -0.8238 0.5413
vn -0.1760 -0.8223 0.5411
vn -0.8666 -0.3312 -0.3732
vn -0.8666 -0.3312 -0.3733
vn -0.7361 -0.6434 0.2104
vn -0.7361 -0.6434 0.2103
vn -0.1733 -0.0071 -0.9848
vn -0.1734 -0.0072 -0.9848
vn -0.4947 0.7444 -0.4484
vn -0.1711 0.8061 -0.5664
vn -0.7426 0.6289 -0.2303
vn -0.8777 0.3119 0.3638
vn -0.8772 0.4770 0.0549
vn -0.7441 0.1591 0.6489
vn -0.1737 -0.0224 0.9845
vn -0.4968 0.0417 0.8668
vn 0.1762 -0.0235 0.9841
vn 0.7463 0.1541 0.6475
vn 0.4989 0.0385 0.8658
vn 0.8803 0.3057 0.3628
vn 0.7476 0.6230 -0.2300
vn 0.8808 0.4703 0.0547
vn 0.5012 0.7404 -0.4480
vn -0.7347 -0.1820 -0.6535
vn -0.7348 -0.1819 -0.6535
vn -0.1770 0.7639 -0.6206
vn -0.1938 0.4492 -0.8722
vn -0.1864 0.1775 -0.9663
vn -0.5107 0.7002 -0.4989
vn -0.5544 0.3800 -0.7404
vn -0.5305 0.1115 -0.8403
vn -0.7666 0.5809 -0.2738
vn -0.8306 0.2509 -0.4972
vn -0.7938 -0.0116 -0.6081
vn -0.9053 0.4242 0.0204
vn -0.9804 0.0815 -0.1791
vn -0.9365 -0.1731 -0.3049
vn -0.8666 -0.3311 -0.3733
vn -0.9059 0.2540 0.3390
vn -0.9810 -0.1022 0.1650
vn -0.9371 -0.3484 0.0233
vn -0.8671 -0.4932 -0.0699
vn -0.7680 0.0964 0.6332
vn -0.8322 -0.2725 0.4828
vn -0.7952 -0.5109 0.3265
vn -0.7361 -0.6434 0.2102
vn -0.5129 -0.0248 0.8581
vn -0.5567 -0.4034 0.7261
vn -0.5326 -0.6359 0.5586
vn -0.4934 -0.7590 0.4248
vn -0.1796 -0.0909 0.9795
vn -0.1965 -0.4749 0.8578
vn -0.1891 -0.7043 0.6843
vn 0.1813 -0.0920 0.9791
vn 0.1936 -0.4763 0.8577
vn 0.1832 -0.7057 0.6844
vn 0.5144 -0.0280 0.8571
vn 0.5542 -0.4071 0.7260
vn 0.5275 -0.6399 0.5589
vn 0.7696 0.0913 0.6320
vn 0.8305 -0.2781 0.4826
vn 0.7914 -0.5168 0.3266
vn 0.7308 -0.6493 0.2106
vn 0.9079 0.2477 0.3381
vn 0.9804 -0.1087 0.1645
vn 0.9346 -0.3550 0.0230
vn 0.9084 0.4175 0.0203
vn 0.9809 0.0751 -0.1794
vn 0.9351 -0.1795 -0.3055
vn 0.7710 0.5750 -0.2736
vn 0.8321 0.2454 -0.4974
vn 0.7929 -0.0168 -0.6091
vn 0.7322 -0.1869 -0.6549
vn 0.5167 0.6961 -0.4984
vn 0.5567 0.3763 -0.7406
vn 0.5299 0.1081 -0.8412
vn 0.1837 0.7625 -0.6204
vn 0.1963 0.4479 -0.8723
vn 0.1858 0.1763 -0.9666
vn -0.8671 -0.4932 -0.0700
vn -0.0006 -0.1951 -0.9808
vn -0.0017 -0.5556 -0.8315
vn -0.0025 -0.8315 -0.5556
vn -0.0029 -0.9808 -0.1951
vn -0.0029 -0.9808 0.1951
vn -0.0025 -0.8315 0.5556
vn -0.0017 -0.5556 0.8315
vn -0.0006 -0.1951 0.9808
vn 0.0006 0.1951 0.9808
vn 0.0017 0.5556 0.8315
vn 0.0025 0.8315 0.5556
vn 0.0029 0.9808 0.1951
vn 0.0029 0.9808 -0.1951
vn 0.0025 0.8315 -0.5556
vn 0.0017 0.5556 -0.8315
vn 0.0006 0.1951 -0.9808
vn 0.0025 0.8315 -0.5555
vn 0.0017 0.5555 -0.8315
vn 0.0017 0.5555 0.8315
vn 0.0100 0.9637 0.2668
vn 0.0073 0.7019 0.7122
vn 0.0009 0.0829 0.9966
vn -0.0000 -0.0061 1.0000
vn 0.0100 0.9680 -0.2508
vn 0.0073 0.7122 -0.7019
vn 0.0009 0.0951 -0.9955
vn -0.9990 0.0113 -0.0431
vn 0.0884 -0.1768 -0.9803
vn 0.7070 -0.0192 -0.7070
vn 0.9803 -0.1768 -0.0884
vn 0.9154 -0.3191 0.2453
vn 0.6659 -0.3363 0.6659
vn 0.2421 -0.3531 0.9037
vn -0.2409 -0.3653 0.8992
vn -0.6570 -0.3697 0.6570
vn -0.8992 -0.3653 0.2409
vn -0.9037 -0.3531 -0.2421
vn -0.9606 0.1046 -0.2574
vn -0.6659 -0.3363 -0.6659
vn -0.2453 -0.3191 -0.9154
vn 0.1342 0.0182 -0.9908
vn -0.9606 0.1046 0.2574
vn -0.7032 0.1046 0.7032
vn -0.2574 0.1046 0.9606
vn 0.2574 0.1046 0.9606
vn 0.7032 0.1046 0.7032
vn 0.9606 0.1046 0.2574
vn -0.2574 0.1046 -0.9606
vn 0.2574 0.1046 -0.9606
vn 0.9606 0.1046 -0.2574
vn -0.7032 0.1046 -0.7032
vn 0.7032 0.1046 -0.7032
vn 0.7070 0.0163 -0.7070
vn -0.2588 0.0203 -0.9657
vn -0.7070 0.0204 -0.7070
vn -0.9657 0.0204 -0.2588
vn -0.9657 0.0205 0.2588
vn -0.7070 0.0205 0.7070
vn -0.2588 0.0205 0.9657
vn 0.2588 0.0204 0.9657
vn 0.7070 0.0204 0.7070
vn 0.9657 0.0203 0.2588
vn 0.9908 0.0182 -0.1342
vn 0.2588 0.0196 -0.9657
vn 0.7070 0.0196 -0.7070
vn 0.9657 0.0196 -0.2588
vn 0.9657 0.0196 0.2588
vn 0.7070 0.0196 0.7070
vn 0.2588 0.0196 0.9657
vn -0.2588 0.0196 0.9657
vn -0.7070 0.0196 0.7070
vn -0.9657 0.0196 0.2588
vn -0.9657 0.0196 -0.2588
vn -0.7070 0.0196 -0.7070
vn -0.2588 0.0196 -0.9657
vn -0.0001 -1.0000 0.0001
vn 0.9490 -0.1864 0.2543
vn 0.0001 -1.0000 0.0001
vn 0.0001 -1.0000 -0.0000
vn 0.0001 -1.0000 -0.0001
vn -0.0000 -1.0000 -0.0001
vn -0.0001 -1.0000 -0.0001
vn -0.0001 -1.0000 -0.0000
vn -0.0000 -1.0000 0.0001
vn -0.1975 -0.6465 0.7369
vn -0.6947 -0.1864 -0.6947
vn 0.2543 -0.1864 -0.9490
vn -0.6947 -0.1864 0.6947
vn 0.6947 -0.1864 0.6947
vn -0.2543 -0.1864 -0.9490
vn 0.6947 -0.1864 -0.6947
vn -0.9490 -0.1864 0.2543
vn 0.2543 -0.1864 0.9490
vn 0.9490 -0.1864 -0.2543
vn -0.9490 -0.1864 -0.2543
vn -0.2543 -0.1864 0.9490
vn -0.7060 0.0565 -0.7060
vn 0.7369 -0.6465 0.1975
vn -0.5395 -0.6465 -0.5395
vn 0.1975 -0.6465 -0.7369
vn -0.5395 -0.6465 0.5395
vn 0.5394 -0.6465 0.5395
vn -0.1974 -0.6465 -0.7369
vn 0.5395 -0.6465 -0.5395
vn -0.7369 -0.6465 0.1975
vn 0.1975 -0.6465 0.7369
vn 0.7369 -0.6465 -0.1975
vn -0.7369 -0.6465 -0.1975
vn 0.2584 0.0565 -0.9644
vn -0.7060 0.0565 0.7060
vn 0.7060 0.0565 0.7060
vn -0.2584 0.0565 -0.9644
vn 0.7060 0.0565 -0.7060
vn -0.9644 0.0565 0.2584
vn 0.2584 0.0565 0.9644
vn 0.9644 0.0565 -0.2584
vn -0.9644 0.0565 -0.2584
vn -0.2584 0.0565 0.9644
vn 0.9644 0.0565 0.2584
vn -0.9656 0.0253 -0.2587
vn 0.9656 0.0253 -0.2587
vn 0.2587 0.0253 0.9656
vn -0.9656 0.0253 0.2587
vn 0.7069 0.0253 -0.7069
vn -0.2587 0.0253 -0.9656
vn 0.7069 0.0253 0.7069
vn -0.7069 0.0253 0.7069
vn 0.2587 0.0253 -0.9656
vn -0.7069 0.0253 -0.7069
vn 0.9656 0.0253 0.2587
vn -0.2587 0.0253 0.9656
vn 0.3090 0.9511 0.0029
vn 0.8090 0.5878 0.0018
vn 0.8090 -0.5878 -0.0018
vn 0.3090 -0.9511 -0.0029
vn -0.3090 -0.9511 -0.0029
vn -0.8090 -0.5878 -0.0018
vn -0.0000 -0.0034 1.0000
vn -0.8090 0.5878 0.0018
vn -0.3090 0.9511 0.0029
vn -0.0000 0.0034 -1.0000
vn 0.3090 0.9511 0.0018
vn 0.8090 0.5878 0.0011
vn 0.8090 -0.5878 -0.0011
vn 0.3090 -0.9511 -0.0018
vn -0.3090 -0.9511 -0.0018
vn -0.8090 -0.5878 -0.0011
vn -0.8090 0.5878 0.0011
vn -0.3090 0.9511 0.0018
vn 0.3090 0.9511 0.0024
vn 0.8090 0.5878 0.0015
vn 0.8090 -0.5878 -0.0015
vn 0.3090 -0.9511 -0.0024
vn -0.3090 -0.9511 -0.0024
vn -0.8090 -0.5878 -0.0015
vn -0.8090 0.5878 0.0015
vn -0.3090 0.9511 0.0024
vn -0.9359 -0.1078 0.3355
vn 0.9361 0.1075 -0.3348
vn -0.0017 0.9994 -0.0360
vn -0.0166 -0.9997 -0.0193
vn -0.2982 -0.0406 -0.9536
vn -0.2998 0.0042 -0.9540
vn 0.0382 -0.9885 0.1463
vn -0.0061 0.9985 -0.0539
vn 0.8723 0.0319 -0.4879
vn -0.8723 -0.0319 0.4879
vn -0.8901 0.0232 0.4552
vn 0.8901 -0.0232 -0.4552
vn -0.2996 0.0378 -0.9533
vn 0.8462 -0.1065 -0.5221
vn -0.8462 0.1066 0.5221
vn -0.7704 0.0645 0.6343
vn 0.7703 -0.0645 -0.6344
vn 0.0116 -0.9980 0.0621
vn -0.0111 0.9973 -0.0729
vn 0.7481 0.1328 -0.6502
vn -0.7481 -0.1329 0.6501
vn -0.0028 0.9994 -0.0358
vn -0.0255 -0.9996 -0.0146
vn -0.4671 -0.0198 -0.8840
vn -0.4682 0.0071 -0.8836
vn 0.0557 -0.9899 0.1300
vn -0.0092 0.9986 -0.0519
vn -0.4647 0.0300 -0.8849
vn 0.0173 -0.9982 0.0582
vn -0.0162 0.9976 -0.0679
vn 0.9810 -0.1882 0.0478
vn 0.9806 0.1958 0.0093
vn 0.9841 0.1743 -0.0331
vn 0.9631 0.2673 0.0323
vn 0.9841 -0.1741 -0.0358
vn 0.9651 -0.2612 -0.0206
vn -0.9810 0.1882 -0.0478
vn -0.9806 -0.1958 -0.0093
vn -0.9841 -0.1743 0.0331
vn -0.9631 -0.2673 -0.0323
vn -0.9841 0.1741 0.0358
vn -0.9651 0.2612 0.0206
vn -0.0006 0.2665 0.9638
vn -0.0005 0.2213 0.9752
vn 0.0023 -0.9803 -0.1976
vn -0.0005 0.2093 -0.9779
vn -0.0023 0.9552 0.2959
vn -0.0023 0.9569 -0.2903
vn -0.0007 0.2851 -0.9585
vn -0.0023 1.0000 -0.0032
vn 0.0023 -0.9877 -0.1563
vn 0.0022 -0.9549 0.2969
vn 0.9702 -0.2337 0.0646
vn 0.9829 0.1805 0.0356
vn 0.9815 0.1913 0.0113
vn 0.9666 0.2557 -0.0186
vn 0.9801 -0.1981 0.0104
vn 0.9552 -0.2913 -0.0529
vn -0.9702 0.2337 -0.0646
vn -0.9829 -0.1805 -0.0356
vn -0.9815 -0.1913 -0.0113
vn -0.9666 -0.2557 0.0186
vn -0.9801 0.1981 -0.0104
vn -0.9552 0.2913 0.0529
vn -0.0007 0.2942 0.9558
vn -0.0011 0.4881 0.8728
vn 0.0023 -0.9907 -0.1359
vn -0.0011 0.4898 -0.8718
vn -0.0022 0.9552 0.2959
vn -0.0007 0.2850 -0.9585
vn -0.0024 1.0000 -0.0032
vn 0.0023 -0.9834 -0.1816
vn 0.0023 -0.9722 0.2342
vn -0.9631 -0.2673 -0.0324
vn 0.0022 -0.9803 -0.1976
vn -0.0023 0.9569 -0.2902
vn 0.0022 -0.9877 -0.1563
vn -0.9187 -0.0166 0.3947
vn -0.9198 -0.0137 0.3921
vn -0.9186 -0.0168 0.3948
vn 0.0013 -0.5435 -0.8394
vn -0.0016 0.6808 -0.7324
vn 0.9198 0.0137 -0.3921
vn 0.0020 -0.7320 -0.6812
vn 0.0033 -0.6807 0.7326
vn 0.9796 0.0597 -0.1918
vn -0.0028 0.7320 0.6813
vn -0.9174 -0.0196 0.3974
vn 0.9707 0.1925 0.1439
vn -0.0015 0.6383 -0.7698
vn -0.9866 -0.1058 -0.1243
vn 0.0019 -0.7980 -0.6026
vn 0.0012 -0.3269 -0.9451
vn 0.0023 -0.8004 0.5994
vn -0.0017 0.6025 -0.7981
vn 0.9993 0.0251 0.0276
vn -0.8665 -0.1543 0.4747
vn 0.0008 -0.3664 -0.9305
vn -0.0008 0.3086 -0.9512
vn -0.0026 0.9511 0.3089
vn 0.8665 0.1543 -0.4747
vn 0.0011 -0.3086 0.9512
vn 0.0026 -0.9511 -0.3089
vn 1.0000 -0.0005 0.0025
vn -0.9645 -0.0818 0.2512
vn 0.9526 0.2784 0.1229
vn 0.0009 -0.3765 0.9264
vn -0.0021 0.9137 0.4065
vn -0.0024 0.8561 -0.5168
vn -0.9526 -0.2784 -0.1228
vn 0.0030 -0.9137 -0.4064
vn 0.0024 -0.8561 0.5168
vn -0.9849 -0.1588 -0.0696
vn 1.0000 -0.0042 -0.0029
vn 0.1883 0.2622 -0.9465
vn 0.5361 0.2622 -0.8024
vn 0.8024 0.2622 -0.5361
vn 0.9465 0.2622 -0.1883
vn 0.9465 0.2622 0.1883
vn 0.8024 0.2622 0.5361
vn 0.5361 0.2622 0.8024
vn 0.1883 0.2622 0.9465
vn -0.1883 0.2622 0.9465
vn -0.5361 0.2622 0.8024
vn -0.8024 0.2622 0.5361
vn -0.9465 0.2622 0.1883
vn -0.9465 0.2622 -0.1883
vn -0.8024 0.2622 -0.5361
vn 0.9808 -0.0000 0.1951
vn -0.5361 0.2622 -0.8024
vn -0.1883 0.2622 -0.9465
vn 0.3979 -0.8780 -0.2659
vn 0.2630 0.8808 0.3937
vn 0.0709 0.9316 -0.3566
vn 0.2659 -0.8780 -0.3979
vn 0.0924 0.8808 0.4644
vn 0.2020 0.9316 -0.3023
vn 0.0934 -0.8780 -0.4694
vn 0.3023 0.9316 -0.2020
vn -0.0934 -0.8780 -0.4694
vn 0.3566 0.9316 -0.0709
vn -0.2659 -0.8780 -0.3979
vn 0.3566 0.9316 0.0709
vn -0.3979 -0.8780 -0.2659
vn 0.3023 0.9316 0.2020
vn -0.4694 -0.8780 -0.0934
vn -0.0721 -0.9292 -0.3625
vn 0.1951 -0.0000 -0.9808
vn 0.5556 -0.0000 -0.8315
vn 0.8315 -0.0000 -0.5556
vn 0.9808 -0.0000 -0.1951
vn 0.8315 -0.0000 0.5556
vn 0.5556 -0.0000 0.8315
vn 0.1951 -0.0000 0.9808
vn -0.1951 -0.0000 0.9808
vn -0.5556 -0.0000 0.8315
vn -0.8315 -0.0000 0.5556
vn -0.9808 -0.0000 0.1951
vn -0.9808 -0.0000 -0.1951
vn -0.8315 -0.0000 -0.5556
vn -0.5556 -0.0000 -0.8315
vn -0.1951 -0.0000 -0.9808
vn 0.2020 0.9316 0.3023
vn -0.4694 -0.8780 0.0934
vn -0.2053 -0.9292 -0.3073
vn 0.0709 0.9316 0.3566
vn -0.3979 -0.8780 0.2659
vn -0.3073 -0.9292 -0.2053
vn -0.0709 0.9316 0.3566
vn -0.2659 -0.8780 0.3979
vn -0.3625 -0.9292 -0.0721
vn -0.2020 0.9316 0.3023
vn -0.0934 -0.8780 0.4694
vn -0.3625 -0.9292 0.0721
vn -0.3023 0.9316 0.2020
vn -0.3073 -0.9292 0.2053
vn -0.3566 0.9316 0.0709
vn -0.0924 0.8808 0.4644
vn 0.1916 -0.1892 -0.9631
vn 0.5455 -0.1892 -0.8164
vn 0.8164 -0.1892 -0.5455
vn 0.9631 -0.1892 -0.1916
vn 0.9631 -0.1892 0.1916
vn 0.8164 -0.1892 0.5455
vn 0.5455 -0.1892 0.8164
vn 0.1916 -0.1892 0.9631
vn -0.1916 -0.1892 0.9631
vn -0.5455 -0.1892 0.8164
vn -0.8164 -0.1892 0.5455
vn -0.9631 -0.1892 0.1916
vn -0.9631 -0.1892 -0.1916
vn -0.8164 -0.1892 -0.5455
vn -0.5455 -0.1892 -0.8164
vn -0.1916 -0.1892 -0.9631
vn 0.3937 0.8808 0.2630
vn 0.4694 -0.8780 -0.0934
vn 0.4644 0.8808 0.0924
vn 0.4694 -0.8780 0.0934
vn 0.4644 0.8808 -0.0924
vn 0.3979 -0.8780 0.2659
vn 0.3937 0.8808 -0.2630
vn 0.2659 -0.8780 0.3979
vn 0.0721 -0.9292 -0.3625
vn 0.2630 0.8808 -0.3937
vn 0.0934 -0.8780 0.4694
vn 0.2053 -0.9292 -0.3073
vn 0.0924 0.8808 -0.4644
vn 0.3073 -0.9292 -0.2053
vn -0.0924 0.8808 -0.4644
vn 0.3625 -0.9292 -0.0721
vn -0.2630 0.8808 -0.3937
vn 0.3625 -0.9292 0.0721
vn -0.3937 0.8808 -0.2630
vn 0.3073 -0.9292 0.2053
vn -0.4644 0.8808 -0.0924
vn -0.0709 0.9316 -0.3566
vn 0.2053 -0.9292 0.3073
vn -0.4644 0.8808 0.0924
vn -0.2020 0.9316 -0.3023
vn 0.0721 -0.9292 0.3625
vn -0.3937 0.8808 0.2630
vn -0.3023 0.9316 -0.2020
vn -0.0721 -0.9292 0.3625
vn -0.2630 0.8808 0.3937
vn -0.3566 0.9316 -0.0709
vn -0.2053 -0.9292 0.3073
vn -0.8394 -0.0000 -0.5434
vn 0.5434 -0.0000 -0.8394
vn 0.8394 -0.0000 0.5434
vn -0.5434 -0.0000 0.8394
vn -0.0000 0.0001 -1.0000
vn -0.0000 -0.0001 1.0000
vn -0.0000 1.0000 0.0001
vn -0.0000 -0.2109 -0.9775
vn -0.9912 -0.1323 -0.0000
vn -0.9900 0.1411 -0.0000
vn 0.9900 -0.1411 -0.0000
vn -0.0000 0.2109 0.9775
vn 0.9912 0.1323 -0.0000
vn -0.0000 0.4214 0.9069
vn -0.0000 -0.4214 -0.9069
vn -0.0000 0.0001 1.0000
vn -0.0000 -0.0001 -1.0000
vn -0.0000 -0.2440 0.9698
vn -0.0000 1.0000 -0.0001
vn -0.0000 0.3965 -0.9180
vn 0.9910 -0.1340 -0.0000
vn -0.9910 0.1340 -0.0000
vn -0.0000 0.2440 -0.9698
vn -0.0000 -0.3965 0.9180
vn -0.9944 -0.1057 -0.0000
vn 0.9944 0.1057 -0.0000
vn -0.8168 -0.0000 -0.5770
vn 0.5770 -0.0000 -0.8168
vn 0.8168 -0.0000 0.5770
vn -0.5770 -0.0000 0.8168
vn 0.0043 0.0176 -0.9998
vn 0.0010 1.0000 -0.0011
vn 0.0010 1.0000 0.0011
vn -0.0847 -0.2447 -0.9659
vn -0.4794 0.7669 -0.4266
vn 0.8494 0.2559 -0.4616
vn -0.0859 -0.2510 0.9642
vn 0.4622 0.7871 -0.4085
vn -0.1118 0.9799 -0.1654
vn 0.5675 0.7897 -0.2332
vn 0.1390 0.8260 -0.5462
vn -0.1283 -0.2379 0.9628
vn 0.5059 0.7172 -0.4793
vn -0.0189 0.9787 -0.2043
vn 0.6377 0.7247 -0.2609
vn 0.1949 0.7833 -0.5903
vn 0.2314 -0.9565 -0.1780
vn -0.0347 -0.9420 -0.3337
vn 0.0668 -0.9496 -0.3062
vn -0.0778 -0.9951 -0.0604
vn 0.1544 -0.9875 0.0331
vn 0.0043 -0.2293 -0.9734
vn -0.6483 0.6304 -0.4270
vn 0.8265 0.3896 -0.4062
vn -0.2679 -0.9629 0.0319
vn -0.0448 -0.9914 -0.1232
vn -0.3242 -0.9069 -0.2690
vn -0.2258 -0.9691 -0.0991
vn -0.3585 -0.9328 0.0362
vn 0.1234 -0.2379 -0.9634
vn -0.7957 0.3704 -0.4792
vn 0.6665 0.6383 -0.3852
vn 0.1538 -0.3074 0.9391
vn -0.1550 0.6397 -0.7529
vn -0.6956 0.5282 -0.4869
vn -0.0613 0.8338 -0.5487
vn -0.3838 0.4513 -0.8056
vn 0.1996 0.8465 -0.4936
vn -0.3773 0.8988 -0.2232
vn 0.3258 0.8939 -0.3079
vn -0.1163 0.7997 -0.5890
vn 0.0102 -0.2896 0.9571
vn 0.7077 -0.3738 -0.5996
vn 0.4708 -0.4971 -0.7289
vn 0.5467 -0.4430 -0.7106
vn 0.5267 -0.6595 -0.5363
vn 0.7410 -0.6714 -0.0080
vn 0.2658 -0.2760 -0.9237
vn -0.7912 0.1610 -0.5900
vn 0.5791 0.7302 -0.3626
vn 0.5255 -0.8505 0.0215
vn 0.5838 -0.7075 -0.3982
vn 0.3467 -0.7632 -0.5453
vn 0.4173 -0.7603 -0.4977
vn 0.3427 -0.8836 -0.3189
vn 0.7772 -0.4357 0.4541
vn -0.3149 0.2227 -0.9226
vn -0.7370 -0.0500 -0.6741
vn -0.3061 0.4636 -0.8315
vn -0.4008 -0.0036 -0.9162
vn 0.7848 -0.1514 -0.6010
vn 0.6203 -0.2763 -0.7341
vn 0.6462 -0.3202 -0.6928
vn 0.6373 -0.4523 -0.6239
vn -0.2132 0.4276 -0.8785
vn -0.7339 0.1938 -0.6510
vn -0.1932 0.6363 -0.7469
vn -0.3675 0.1804 -0.9123
vn 0.2936 -0.3144 0.9028
vn -0.6357 0.1480 -0.7576
vn -0.9729 0.1859 -0.1373
vn -0.6677 0.1454 0.7301
vn 0.8148 -0.4470 -0.3692
vn -0.1953 -0.3120 -0.9298
vn 0.6236 0.7506 -0.2183
vn 0.8618 -0.5070 0.0147
vn -0.7011 -0.7131 0.0028
vn -0.3748 -0.9271 -0.0012
vn 0.0085 -1.0000 -0.0050
vn 0.3904 -0.9206 -0.0081
vn 0.7130 -0.7011 -0.0100
vn 0.9270 -0.3749 -0.0104
vn 0.9999 0.0084 -0.0091
vn 0.9206 0.3905 -0.0064
vn 0.7011 0.7131 -0.0026
vn 0.3748 0.9271 0.0017
vn -0.0084 0.9999 0.0057
vn -0.3904 0.9206 0.0088
vn -0.7130 0.7011 0.0105
vn -0.9270 0.3749 0.0106
vn -0.0041 -0.0021 -1.0000
vn -0.9999 -0.0084 0.0092
vn -0.9206 -0.3905 0.0064
vn 0.9271 -0.3748 0.0041
vn 0.0023 0.0166 0.9999
vn 0.3748 0.9270 -0.0163
vn -0.9271 0.3748 -0.0041
vn 1.0000 0.0085 -0.0024
vn -1.0000 -0.0085 0.0024
vn 0.9206 0.3904 -0.0086
vn -0.7011 -0.7130 0.0135
vn -0.9206 -0.3904 0.0086
vn 0.7011 0.7130 -0.0135
vn -0.3748 -0.9270 0.0163
vn 0.0085 -0.9998 0.0166
vn -0.0085 0.9998 -0.0166
vn 0.3905 -0.9205 0.0144
vn -0.3905 0.9205 -0.0144
vn 0.7131 -0.7010 0.0100
vn -0.7131 0.7010 -0.0100
vn 0.9271 -0.3748 0.0050
vn -1.0000 -0.0085 0.0030
vn 1.0000 0.0085 -0.0030
vn -0.9206 -0.3904 0.0105
vn 0.7011 0.7129 -0.0164
vn 0.9206 0.3904 -0.0105
vn -0.7011 -0.7129 0.0164
vn 0.3748 0.9269 -0.0199
vn -0.3748 -0.9269 0.0199
vn -0.0085 0.9998 -0.0203
vn 0.0085 -0.9998 0.0203
vn -0.3905 0.9204 -0.0176
vn 0.3905 -0.9204 0.0176
vn -0.7131 0.7010 -0.0122
vn 0.7131 -0.7010 0.0122
vn -0.9271 0.3748 -0.0050
vn 0.7010 -0.7131 -0.0092
vn 0.3748 -0.9271 -0.0022
vn -0.0084 -1.0000 0.0051
vn -0.3903 -0.9206 0.0117
vn -0.7128 -0.7011 0.0165
vn -0.9269 -0.3749 0.0189
vn -0.9998 0.0084 0.0183
vn -0.9205 0.3905 0.0148
vn -0.7010 0.7131 0.0090
vn -0.3748 0.9271 0.0018
vn 0.0084 0.9999 -0.0058
vn 0.3903 0.9206 -0.0124
vn 0.7128 0.7011 -0.0170
vn 0.9269 0.3749 -0.0191
vn 0.0132 -0.0021 0.9999
vn 0.9998 -0.0084 -0.0183
vn 0.9205 -0.3905 -0.0148
vn -0.9271 -0.3748 0.0044
vn -0.0114 0.0166 -0.9998
vn -0.3747 0.9270 0.0197
vn 0.9271 0.3748 -0.0044
vn -0.9999 0.0085 0.0116
vn 0.9999 -0.0085 -0.0116
vn -0.9205 0.3904 0.0170
vn 0.7009 -0.7130 -0.0199
vn 0.9205 -0.3904 -0.0170
vn -0.7009 0.7130 0.0199
vn 0.3747 -0.9270 -0.0197
vn -0.0087 -0.9998 -0.0165
vn 0.0087 0.9998 0.0165
vn -0.3906 -0.9205 -0.0108
vn 0.3906 0.9205 0.0108
vn -0.7132 -0.7010 -0.0035
vn 0.7132 0.7010 0.0035
vn -0.9271 -0.3748 0.0035
vn 0.9999 -0.0085 -0.0121
vn -0.9999 0.0085 0.0121
vn 0.9205 -0.3904 -0.0189
vn -0.7009 0.7129 0.0228
vn -0.9205 0.3904 0.0189
vn 0.7009 -0.7129 -0.0228
vn -0.3746 0.9269 0.0233
vn 0.3746 -0.9269 -0.0233
vn 0.0087 0.9998 0.0202
vn -0.0087 -0.9998 -0.0202
vn 0.3907 0.9204 0.0140
vn -0.3907 -0.9204 -0.0140
vn 0.7132 0.7010 0.0057
vn -0.7132 -0.7010 -0.0057
vn 0.9271 0.3748 -0.0035
vn -0.7131 -0.7010 -0.0035
vt 0.055576 0.492167
vt 0.022773 0.471580
vt 0.007737 0.433896
vt 0.046322 0.430506
vt 0.149592 0.171400
vt 0.183765 0.186384
vt 0.184952 0.211023
vt 0.150628 0.192913
vt 0.362898 0.392044
vt 0.327995 0.372256
vt 0.327995 0.334009
vt 0.359697 0.339382
vt 0.361766 0.339733
vt 0.362898 0.339925
vt 0.183067 0.266960
vt 0.203114 0.207309
vt 0.207108 0.279055
vt 0.138796 0.232218
vt 0.187513 0.276209
vt 0.190027 0.283062
vt 0.137905 0.236282
vt 0.069255 0.022012
vt 0.120776 0.093536
vt 0.116114 0.095015
vt 0.068909 0.027851
vt 0.178439 0.075798
vt 0.176331 0.032043
vt 0.193543 0.008705
vt 0.196465 0.069339
vt 0.201903 0.182170
vt 0.071336 0.486110
vt 0.070464 0.431633
vt 0.090556 0.431238
vt 0.090510 0.485476
vt 0.359697 0.210871
vt 0.327995 0.237342
vt 0.143101 0.036644
vt 0.144941 0.074847
vt 0.258655 0.635122
vt 0.255000 0.635145
vt 0.255041 0.527132
vt 0.258664 0.522019
vt 0.825468 0.299308
vt 0.829363 0.299235
vt 0.829360 0.303820
vt 0.825464 0.303893
vt 0.558752 0.649103
vt 0.559054 0.577246
vt 0.563176 0.577290
vt 0.563219 0.649001
vt 0.541085 0.173935
vt 0.540773 0.178991
vt 0.532758 0.178454
vt 0.533070 0.173398
vt 0.538888 0.662891
vt 0.543229 0.662727
vt 0.543278 0.665096
vt 0.538937 0.665259
vt 0.582704 0.065758
vt 0.582144 0.104988
vt 0.562850 0.104805
vt 0.563410 0.065778
vt 0.212812 0.007737
vt 0.215734 0.068372
vt 0.452158 0.595060
vt 0.452158 0.592593
vt 0.456526 0.592582
vt 0.456526 0.595049
vt 0.761080 0.204176
vt 0.761069 0.213988
vt 0.759269 0.213988
vt 0.759280 0.204173
vt 0.538952 0.608699
vt 0.543248 0.608612
vt 0.291915 0.502343
vt 0.292095 0.447240
vt 0.294271 0.447240
vt 0.294399 0.502352
vt 0.294400 0.504760
vt 0.291933 0.504771
vt 0.231210 0.505037
vt 0.231208 0.502628
vt 0.558482 0.104746
vt 0.562800 0.106870
vt 0.558432 0.106811
vt 0.556720 0.176206
vt 0.556785 0.173398
vt 0.565418 0.173530
vt 0.565243 0.263383
vt 0.557214 0.263499
vt 0.556559 0.181533
vt 0.557474 0.282009
vt 0.565501 0.281778
vt 0.566758 0.371291
vt 0.558729 0.371407
vt 0.404046 0.815444
vt 0.404046 0.823473
vt 0.399287 0.823471
vt 0.399287 0.815442
vt 0.569162 0.263329
vt 0.569420 0.281723
vt 0.120615 0.118705
vt 0.119895 0.231671
vt 0.115234 0.233150
vt 0.115954 0.118717
vt 0.533334 0.286742
vt 0.525298 0.286498
vt 0.527126 0.391192
vt 0.518990 0.388504
vt 0.523488 0.312719
vt 0.531503 0.313256
vt 0.887969 0.633350
vt 0.888231 0.629599
vt 0.889862 0.626581
vt 0.889829 0.629523
vt 0.829363 0.307416
vt 0.825468 0.307489
vt 0.423428 0.285252
vt 0.419775 0.285698
vt 0.413424 0.260191
vt 0.417341 0.260829
vt 0.450750 0.394868
vt 0.445998 0.390784
vt 0.369246 0.065963
vt 0.366929 0.064299
vt 0.369278 0.062628
vt 0.373686 0.059301
vt 0.445063 0.007737
vt 0.470232 0.007898
vt 0.470232 0.120636
vt 0.445063 0.120794
vt 0.373608 0.069274
vt 0.263316 0.520511
vt 0.263316 0.635093
vt 0.359697 0.182239
vt 0.327995 0.215805
vt 0.347638 0.157924
vt 0.342977 0.157924
vt 0.343137 0.134369
vt 0.347799 0.132692
vt 0.293045 0.057400
vt 0.292813 0.063173
vt 0.291298 0.060895
vt 0.291270 0.055221
vt 0.296273 0.061663
vt 0.296050 0.053703
vt 0.351454 0.131346
vt 0.351294 0.157924
vt 0.537244 0.287004
vt 0.535413 0.313518
vt 0.187069 0.565549
vt 0.191165 0.565461
vt 0.191165 0.676364
vt 0.187069 0.676440
vt 0.559348 0.552080
vt 0.563470 0.552123
vt 0.294666 0.046104
vt 0.295980 0.067406
vt 0.136250 0.200557
vt 0.138975 0.198679
vt 0.140352 0.227279
vt 0.532438 0.391483
vt 0.450750 0.173398
vt 0.450557 0.179177
vt 0.530284 0.401859
vt 0.520770 0.394250
vt 0.782010 0.932490
vt 0.782010 0.934007
vt 0.780510 0.934008
vt 0.780510 0.932490
vt 0.561093 0.656564
vt 0.563463 0.653430
vt 0.361755 0.209154
vt 0.067020 0.012522
vt 0.065770 0.023543
vt 0.212600 0.288267
vt 0.215734 0.292904
vt 0.064142 0.007737
vt 0.064240 0.021174
vt 0.362880 0.208215
vt 0.561847 0.660426
vt 0.563470 0.655791
vt 0.197102 0.311053
vt 0.199569 0.311064
vt 0.199441 0.366098
vt 0.196974 0.366098
vt 0.810890 0.593965
vt 0.810833 0.602376
vt 0.809651 0.602379
vt 0.809708 0.593959
vt 0.569420 0.173535
vt 0.569290 0.176264
vt 0.568913 0.181549
vt 0.531751 0.404790
vt 0.521283 0.397332
vt 0.362888 0.173398
vt 0.361022 0.177397
vt 0.291240 0.042235
vt 0.534825 0.399251
vt 0.838088 0.795812
vt 0.836726 0.790652
vt 0.837144 0.784690
vt 0.838088 0.787630
vt 0.291220 0.035153
vt 0.293830 0.038474
vt 0.537288 0.407053
vt 0.533036 0.410207
vt 0.759102 0.823521
vt 0.760624 0.815405
vt 0.761461 0.815447
vt 0.761585 0.820756
vt 0.960814 0.675114
vt 0.960908 0.674280
vt 0.960908 0.675925
vt 0.760520 0.751513
vt 0.765036 0.751506
vt 0.765036 0.769216
vt 0.760520 0.769223
vt 0.155254 0.640353
vt 0.150738 0.640362
vt 0.150738 0.636885
vt 0.147840 0.636886
vt 0.147840 0.633409
vt 0.144943 0.633410
vt 0.144943 0.629933
vt 0.142045 0.629934
vt 0.142045 0.626457
vt 0.139148 0.626458
vt 0.139148 0.622981
vt 0.136250 0.622982
vt 0.136250 0.616296
vt 0.155254 0.616282
vt 0.056701 0.707699
vt 0.056701 0.688695
vt 0.074412 0.688700
vt 0.074412 0.707705
vt 0.629980 0.646058
vt 0.612569 0.645704
vt 0.612569 0.621776
vt 0.629980 0.622130
vt 0.701647 0.422285
vt 0.686756 0.422271
vt 0.686756 0.415586
vt 0.689027 0.415587
vt 0.689027 0.412110
vt 0.691298 0.412111
vt 0.691298 0.408633
vt 0.693569 0.408634
vt 0.693569 0.405157
vt 0.695841 0.405158
vt 0.695841 0.401681
vt 0.698112 0.401682
vt 0.698112 0.398204
vt 0.701647 0.398213
vt 0.783352 0.415914
vt 0.783352 0.398204
vt 0.786250 0.398204
vt 0.786250 0.415914
vt 0.798418 0.147338
vt 0.798418 0.132170
vt 0.801895 0.132162
vt 0.801895 0.147330
vt 0.118667 0.767588
vt 0.118667 0.785299
vt 0.115769 0.785299
vt 0.115769 0.767589
vt 0.798882 0.766681
vt 0.798882 0.751514
vt 0.802359 0.751506
vt 0.802359 0.766673
vt 0.788900 0.458477
vt 0.788900 0.476187
vt 0.786002 0.476187
vt 0.786002 0.458477
vt 0.034923 0.802343
vt 0.034923 0.787175
vt 0.038401 0.787167
vt 0.038401 0.802335
vt 0.784823 0.718321
vt 0.784823 0.736031
vt 0.781925 0.736031
vt 0.781925 0.718321
vt 0.802734 0.365521
vt 0.802734 0.380688
vt 0.799257 0.380696
vt 0.799257 0.365529
vt 0.788597 0.299235
vt 0.788597 0.316945
vt 0.785699 0.316945
vt 0.785699 0.299235
vt 0.798962 0.188574
vt 0.798962 0.173406
vt 0.802440 0.173398
vt 0.802440 0.188566
vt 0.761654 0.173398
vt 0.761654 0.188566
vt 0.754968 0.188581
vt 0.754968 0.173414
vt 0.762871 0.204178
vt 0.762870 0.205367
vt 0.761079 0.205365
vt 0.686136 0.696157
vt 0.694564 0.696222
vt 0.694564 0.715516
vt 0.687692 0.715473
vt 0.686156 0.715451
vt 0.736964 0.932321
vt 0.736964 0.933838
vt 0.735464 0.933838
vt 0.735464 0.932321
vt 0.791218 0.079178
vt 0.791229 0.069342
vt 0.793020 0.069344
vt 0.793009 0.079178
vt 0.766937 0.458477
vt 0.768728 0.458477
vt 0.768728 0.459659
vt 0.766937 0.459659
vt 0.773813 0.593961
vt 0.773813 0.613255
vt 0.772408 0.613253
vt 0.772408 0.593959
vt 0.558366 0.057378
vt 0.563467 0.057368
vt 0.459785 0.914441
vt 0.459785 0.916232
vt 0.458596 0.916231
vt 0.458596 0.914440
vt 0.800656 0.711447
vt 0.800656 0.692268
vt 0.801825 0.692292
vt 0.801825 0.711471
vt 0.872499 0.365543
vt 0.872499 0.376399
vt 0.871213 0.376377
vt 0.871213 0.365520
vt 0.886152 0.172505
vt 0.886152 0.183362
vt 0.884960 0.183351
vt 0.884960 0.172494
vt 0.799317 0.045833
vt 0.799352 0.053717
vt 0.798177 0.053750
vt 0.798142 0.045866
vt 0.760532 0.260454
vt 0.760521 0.250633
vt 0.762312 0.250633
vt 0.762316 0.252435
vt 0.762323 0.260452
vt 0.799297 0.044070
vt 0.798122 0.044094
vt 0.758732 0.260457
vt 0.758720 0.250633
vt 0.804409 0.784693
vt 0.804409 0.803986
vt 0.803390 0.803984
vt 0.803390 0.784690
vt 0.477468 0.837470
vt 0.477468 0.848326
vt 0.475951 0.848326
vt 0.475951 0.837471
vt 0.775225 0.593962
vt 0.775225 0.613256
vt 0.770528 0.458477
vt 0.770528 0.459659
vt 0.759279 0.205362
vt 0.768728 0.477771
vt 0.770528 0.477771
vt 0.860361 0.604758
vt 0.860361 0.593959
vt 0.861836 0.593976
vt 0.861836 0.604774
vt 0.459785 0.918032
vt 0.458596 0.918032
vt 0.935106 0.558915
vt 0.935106 0.560433
vt 0.933607 0.560432
vt 0.933607 0.558915
vt 0.781797 0.862952
vt 0.781797 0.873808
vt 0.780510 0.873786
vt 0.780510 0.862929
vt 0.803874 0.872863
vt 0.803874 0.883720
vt 0.802682 0.883709
vt 0.802682 0.872852
vt 0.417796 0.838947
vt 0.417796 0.849803
vt 0.416279 0.849803
vt 0.416279 0.838948
vt 0.114317 0.853077
vt 0.114317 0.863876
vt 0.112842 0.863859
vt 0.112842 0.853060
vt 0.156743 0.932970
vt 0.156743 0.934488
vt 0.155244 0.934488
vt 0.155243 0.932970
vt 0.933393 0.333368
vt 0.933393 0.334885
vt 0.931894 0.334886
vt 0.931894 0.333368
vt 0.872495 0.626603
vt 0.872495 0.637460
vt 0.871208 0.637438
vt 0.871208 0.626581
vt 0.434074 0.886129
vt 0.434074 0.875272
vt 0.435265 0.875283
vt 0.435265 0.886140
vt 0.400804 0.838947
vt 0.400804 0.849803
vt 0.399287 0.849803
vt 0.399287 0.838948
vt 0.859862 0.536835
vt 0.859862 0.526037
vt 0.861337 0.526054
vt 0.861337 0.536852
vt 0.036423 0.934069
vt 0.036423 0.935587
vt 0.034923 0.935587
vt 0.034923 0.934069
vt 0.821383 0.931160
vt 0.821383 0.932677
vt 0.819884 0.932678
vt 0.819884 0.931160
vt 0.872376 0.723845
vt 0.872376 0.734702
vt 0.871090 0.734679
vt 0.871090 0.723823
vt 0.558752 0.881155
vt 0.558752 0.870298
vt 0.559943 0.870309
vt 0.559943 0.881166
vt 0.174332 0.837571
vt 0.174332 0.848426
vt 0.172814 0.848427
vt 0.172814 0.837571
vt 0.863305 0.299252
vt 0.863305 0.310050
vt 0.861830 0.310033
vt 0.861830 0.299235
vt 0.934992 0.132163
vt 0.934992 0.133680
vt 0.933492 0.133680
vt 0.933492 0.132163
vt 0.136250 0.932695
vt 0.136250 0.931177
vt 0.137749 0.931177
vt 0.137749 0.932694
vt 0.153242 0.873562
vt 0.153242 0.862705
vt 0.154528 0.862727
vt 0.154528 0.873584
vt 0.884626 0.143019
vt 0.884626 0.132162
vt 0.885818 0.132173
vt 0.885818 0.143030
vt 0.849604 0.267879
vt 0.849604 0.278735
vt 0.848087 0.278735
vt 0.848087 0.267879
vt 0.858335 0.665813
vt 0.858335 0.655015
vt 0.859810 0.655032
vt 0.859810 0.665830
vt 0.923930 0.935486
vt 0.923930 0.937004
vt 0.922431 0.937004
vt 0.922430 0.935486
vt 0.009237 0.931629
vt 0.009237 0.933146
vt 0.007737 0.933146
vt 0.007737 0.931629
vt 0.821171 0.862729
vt 0.821171 0.873586
vt 0.819884 0.873564
vt 0.819884 0.862707
vt 0.882024 0.045274
vt 0.882024 0.034417
vt 0.883216 0.034427
vt 0.883216 0.045284
vt 0.760620 0.838995
vt 0.760620 0.849850
vt 0.759102 0.849851
vt 0.759102 0.838995
vt 0.861485 0.458494
vt 0.861485 0.469292
vt 0.860010 0.469275
vt 0.860010 0.458477
vt 0.935537 0.172494
vt 0.935537 0.174012
vt 0.934038 0.174012
vt 0.934038 0.172494
vt 0.930837 0.035934
vt 0.930837 0.034417
vt 0.932337 0.034417
vt 0.932336 0.035934
vt 0.348316 0.863334
vt 0.348316 0.874190
vt 0.347029 0.874168
vt 0.347029 0.863312
vt 0.884345 0.215030
vt 0.884345 0.204173
vt 0.885536 0.204184
vt 0.885536 0.215041
vt 0.696205 0.837031
vt 0.696205 0.847886
vt 0.694688 0.847887
vt 0.694688 0.837031
vt 0.864449 0.251607
vt 0.864449 0.240808
vt 0.865924 0.240825
vt 0.865924 0.251624
vt 0.275043 0.934235
vt 0.275043 0.935752
vt 0.273543 0.935752
vt 0.273543 0.934234
vt 0.931138 0.052926
vt 0.931138 0.051409
vt 0.932336 0.051409
vt 0.932336 0.052926
vt 0.804151 0.820353
vt 0.804151 0.819479
vt 0.804410 0.819483
vt 0.804410 0.820358
vt 0.373853 0.872821
vt 0.373853 0.871947
vt 0.375044 0.871957
vt 0.375044 0.872832
vt 0.417506 0.953287
vt 0.418381 0.953287
vt 0.418381 0.954804
vt 0.417506 0.954804
vt 0.434370 0.849856
vt 0.434370 0.848986
vt 0.435549 0.848999
vt 0.435549 0.849869
vt 0.613157 0.933768
vt 0.613157 0.935285
vt 0.611958 0.935285
vt 0.611958 0.933767
vt 0.495953 0.930885
vt 0.495953 0.932403
vt 0.494453 0.932403
vt 0.494453 0.930886
vt 0.868985 0.407475
vt 0.868985 0.396618
vt 0.870272 0.396641
vt 0.870272 0.407497
vt 0.884662 0.569772
vt 0.884662 0.558915
vt 0.885853 0.558926
vt 0.885853 0.569782
vt 0.494460 0.837470
vt 0.494460 0.848326
vt 0.492943 0.848326
vt 0.492943 0.837471
vt 0.316431 0.861451
vt 0.316431 0.850653
vt 0.317906 0.850670
vt 0.317906 0.861468
vt 0.936051 0.751506
vt 0.936051 0.753023
vt 0.934551 0.753023
vt 0.934551 0.751506
vt 0.934438 0.204173
vt 0.934438 0.205690
vt 0.932939 0.205691
vt 0.932939 0.204174
vt 0.871799 0.784713
vt 0.871799 0.795569
vt 0.870512 0.795547
vt 0.870512 0.784690
vt 0.883662 0.333379
vt 0.883662 0.344236
vt 0.882471 0.344225
vt 0.882471 0.333368
vt 0.460476 0.837470
vt 0.460476 0.848326
vt 0.458959 0.848326
vt 0.458959 0.837471
vt 0.866996 0.333385
vt 0.866996 0.344183
vt 0.865521 0.344166
vt 0.865521 0.333368
vt 0.933792 0.693786
vt 0.933792 0.692268
vt 0.935291 0.692268
vt 0.935291 0.693786
vt 0.696187 0.932744
vt 0.696187 0.934261
vt 0.694688 0.934261
vt 0.694688 0.932744
vt 0.869486 0.172516
vt 0.869486 0.183373
vt 0.868199 0.183351
vt 0.868199 0.172494
vt 0.881398 0.251665
vt 0.881398 0.240808
vt 0.882590 0.240819
vt 0.882590 0.251676
vt 0.191323 0.837571
vt 0.191323 0.848426
vt 0.189806 0.848427
vt 0.189806 0.837571
vt 0.860549 0.069359
vt 0.860549 0.080157
vt 0.859074 0.080140
vt 0.859074 0.069342
vt 0.933607 0.577425
vt 0.933607 0.575907
vt 0.935106 0.575907
vt 0.935106 0.577424
vt 0.934439 0.221165
vt 0.934439 0.222682
vt 0.932939 0.222682
vt 0.932939 0.221165
vt 0.057988 0.863064
vt 0.057988 0.873921
vt 0.056701 0.873898
vt 0.056701 0.863042
vt 0.885506 0.762362
vt 0.885506 0.751505
vt 0.886698 0.751516
vt 0.886698 0.762373
vt 0.848974 0.240808
vt 0.848974 0.251664
vt 0.847457 0.251664
vt 0.847457 0.240809
vt 0.861712 0.007754
vt 0.861712 0.018552
vt 0.860237 0.018535
vt 0.860237 0.007737
vt 0.459785 0.933507
vt 0.459785 0.935024
vt 0.458285 0.935024
vt 0.458285 0.933507
vt 0.055900 0.934114
vt 0.055900 0.932597
vt 0.057399 0.932597
vt 0.057399 0.934114
vt 0.869187 0.558937
vt 0.869187 0.569794
vt 0.867901 0.569771
vt 0.867901 0.558915
vt 0.882659 0.442253
vt 0.882659 0.431396
vt 0.883851 0.431407
vt 0.883851 0.442264
vt 0.736982 0.839035
vt 0.736982 0.849891
vt 0.735465 0.849891
vt 0.735465 0.839036
vt 0.647815 0.852941
vt 0.647815 0.863739
vt 0.646340 0.863722
vt 0.646340 0.852924
vt 0.191263 0.935002
vt 0.191263 0.933484
vt 0.192763 0.933485
vt 0.192763 0.935002
vt 0.760602 0.930787
vt 0.760602 0.932304
vt 0.759102 0.932304
vt 0.759102 0.930787
vt 0.695974 0.863383
vt 0.695974 0.874240
vt 0.694688 0.874218
vt 0.694688 0.863361
vt 0.884556 0.703125
vt 0.884556 0.692268
vt 0.885747 0.692279
vt 0.885747 0.703136
vt 0.850262 0.494051
vt 0.850262 0.504906
vt 0.848745 0.504906
vt 0.848745 0.494051
vt 0.865078 0.278677
vt 0.865078 0.267879
vt 0.866553 0.267896
vt 0.866553 0.278694
vt 0.933507 0.153781
vt 0.933507 0.152264
vt 0.935006 0.152264
vt 0.935006 0.153781
vt 0.487318 0.008252
vt 0.487318 0.009451
vt 0.485706 0.009451
vt 0.485706 0.008252
vt 0.803123 0.820335
vt 0.803123 0.821919
vt 0.802682 0.821915
vt 0.802682 0.820332
vt 0.373853 0.874405
vt 0.375044 0.874416
vt 0.804151 0.821937
vt 0.804410 0.821941
vt 0.804151 0.830335
vt 0.804410 0.830340
vt 0.373853 0.882804
vt 0.375044 0.882814
vt 0.801815 0.727634
vt 0.801815 0.736031
vt 0.800297 0.736031
vt 0.800297 0.727634
vt 0.434370 0.859784
vt 0.434370 0.851431
vt 0.435549 0.851444
vt 0.435549 0.859798
vt 0.679996 0.296475
vt 0.681580 0.296475
vt 0.681580 0.297993
vt 0.679996 0.297993
vt 0.137862 0.548272
vt 0.137862 0.549471
vt 0.136250 0.549471
vt 0.136250 0.548272
vt 0.191916 0.549473
vt 0.193434 0.549474
vt 0.193434 0.549987
vt 0.191916 0.549987
vt 0.542892 0.008250
vt 0.541374 0.008251
vt 0.541374 0.007737
vt 0.542892 0.007737
vt 0.434074 0.859781
vt 0.434074 0.851427
vt 0.803123 0.830317
vt 0.434074 0.849852
vt 0.613458 0.933768
vt 0.613458 0.935285
vt 0.434074 0.848982
vt 0.803123 0.819461
vt 0.930837 0.052926
vt 0.930837 0.051409
vt 0.672734 0.115005
vt 0.674308 0.114949
vt 0.674336 0.116127
vt 0.672762 0.116183
vt 0.674344 0.116632
vt 0.672770 0.116688
vt 0.487318 0.063113
vt 0.485706 0.063113
vt 0.137862 0.549984
vt 0.136250 0.549984
vt 0.681580 0.242420
vt 0.679996 0.242420
vt 0.679996 0.240808
vt 0.681580 0.240808
vt 0.487318 0.007739
vt 0.485707 0.007739
vt 0.716990 0.636402
vt 0.715406 0.636415
vt 0.715406 0.593974
vt 0.716990 0.593959
vt 0.191916 0.548275
vt 0.541374 0.009449
vt 0.672723 0.062217
vt 0.674318 0.062185
vt 0.136250 0.494636
vt 0.137862 0.494636
vt 0.434096 0.568411
vt 0.435679 0.568428
vt 0.435679 0.614428
vt 0.434074 0.614433
vt 0.399287 0.933697
vt 0.399287 0.932570
vt 0.400786 0.932570
vt 0.400786 0.933696
vt 0.373853 0.955732
vt 0.374720 0.955716
vt 0.374720 0.957003
vt 0.373853 0.957019
vt 0.735773 0.875358
vt 0.735772 0.876225
vt 0.735465 0.876222
vt 0.735466 0.875355
vt 0.827153 0.468466
vt 0.827153 0.469333
vt 0.826026 0.469333
vt 0.826026 0.468466
vt 0.858178 0.826198
vt 0.858176 0.827060
vt 0.856701 0.827043
vt 0.856703 0.826180
vt 0.348529 0.934666
vt 0.348529 0.935056
vt 0.347029 0.935056
vt 0.347029 0.934666
vt 0.931283 0.432914
vt 0.931283 0.431397
vt 0.932782 0.431396
vt 0.932782 0.432914
vt 0.136250 0.873561
vt 0.136250 0.862705
vt 0.137537 0.862727
vt 0.137537 0.873584
vt 0.882028 0.278736
vt 0.882028 0.267879
vt 0.883219 0.267890
vt 0.883219 0.278747
vt 0.275061 0.838230
vt 0.275061 0.849085
vt 0.273543 0.849086
vt 0.273543 0.838230
vt 0.862096 0.115596
vt 0.862096 0.104797
vt 0.863571 0.104814
vt 0.863571 0.115613
vt 0.679195 0.933302
vt 0.679195 0.934819
vt 0.677696 0.934819
vt 0.677696 0.933301
vt 0.074373 0.932199
vt 0.074373 0.933716
vt 0.072874 0.933716
vt 0.072874 0.932199
vt 0.870032 0.751528
vt 0.870032 0.762384
vt 0.868745 0.762362
vt 0.868745 0.751506
vt 0.883229 0.494062
vt 0.883229 0.504918
vt 0.882038 0.504908
vt 0.882038 0.494051
vt 0.850047 0.333368
vt 0.850047 0.344223
vt 0.848529 0.344224
vt 0.848529 0.333368
vt 0.293036 0.850669
vt 0.293036 0.861468
vt 0.291561 0.861451
vt 0.291561 0.850652
vt 0.630830 0.934261
vt 0.630830 0.935779
vt 0.629330 0.935778
vt 0.629330 0.934261
vt 0.858175 0.824685
vt 0.856700 0.824668
vt 0.827153 0.466945
vt 0.826026 0.466945
vt 0.735771 0.873837
vt 0.735465 0.873835
vt 0.825680 0.468466
vt 0.825680 0.466945
vt 0.156530 0.889080
vt 0.156530 0.897549
vt 0.155243 0.897527
vt 0.155243 0.889058
vt 0.735773 0.865368
vt 0.735466 0.865365
vt 0.827153 0.458477
vt 0.826026 0.458477
vt 0.858178 0.816262
vt 0.856703 0.816245
vt 0.827543 0.458477
vt 0.827543 0.466945
vt 0.736658 0.865376
vt 0.736656 0.873846
vt 0.713992 0.529552
vt 0.714338 0.529552
vt 0.714338 0.549777
vt 0.713992 0.549777
vt 0.827543 0.468465
vt 0.348529 0.933539
vt 0.347029 0.933539
vt 0.827543 0.469333
vt 0.736658 0.875366
vt 0.736657 0.876233
vt 0.399287 0.934087
vt 0.400786 0.934087
vt 0.723578 0.334504
vt 0.725099 0.334523
vt 0.725063 0.335809
vt 0.723542 0.335791
vt 0.714337 0.528052
vt 0.713991 0.528052
vt 0.713609 0.662869
vt 0.713610 0.661370
vt 0.713956 0.661370
vt 0.713956 0.662869
vt 0.712483 0.662869
vt 0.713609 0.683122
vt 0.712482 0.683122
vt 0.725077 0.353155
vt 0.723472 0.353160
vt 0.715464 0.529552
vt 0.715464 0.549777
vt 0.713955 0.683122
vt 0.327916 0.717657
vt 0.326404 0.717713
vt 0.326348 0.697791
vt 0.327944 0.697761
vt 0.270235 0.233745
vt 0.271300 0.173398
vt 0.312521 0.181590
vt 0.302552 0.219661
vt 0.311148 0.325240
vt 0.312521 0.342094
vt 0.281653 0.373973
vt 0.280081 0.354669
vt 0.364034 0.339733
vt 0.366111 0.339383
vt 0.397950 0.334011
vt 0.397950 0.372258
vt 0.368406 0.427929
vt 0.391026 0.419739
vt 0.397950 0.500422
vt 0.379600 0.501116
vt 0.327770 0.448726
vt 0.326348 0.445175
vt 0.373417 0.415432
vt 0.371754 0.420993
vt 0.059230 0.021950
vt 0.059592 0.027812
vt 0.012399 0.095015
vt 0.007737 0.093536
vt 0.273026 0.268026
vt 0.254337 0.264238
vt 0.250455 0.216556
vt 0.261570 0.353084
vt 0.071382 0.377187
vt 0.090556 0.377065
vt 0.366111 0.210872
vt 0.397950 0.237345
vt 0.304989 0.249592
vt 0.234864 0.520534
vt 0.234873 0.633637
vt 0.231249 0.628525
vt 0.231208 0.520511
vt 0.558756 0.828517
vt 0.558752 0.823931
vt 0.562646 0.823847
vt 0.562650 0.828433
vt 0.647241 0.346812
vt 0.651682 0.346803
vt 0.652024 0.427740
vt 0.647903 0.427791
vt 0.109955 0.377065
vt 0.117988 0.377108
vt 0.117962 0.383368
vt 0.109929 0.383325
vt 0.538888 0.554463
vt 0.538937 0.552092
vt 0.543278 0.552080
vt 0.543229 0.554451
vt 0.582704 0.048887
vt 0.563410 0.048947
vt 0.562850 0.009804
vt 0.582144 0.009541
vt 0.235090 0.265594
vt 0.231208 0.217912
vt 0.231210 0.389447
vt 0.291933 0.389709
vt 0.294400 0.389720
vt 0.294399 0.392129
vt 0.291915 0.392137
vt 0.231208 0.391856
vt 0.761080 0.223800
vt 0.759280 0.223803
vt 0.197104 0.423552
vt 0.197102 0.421143
vt 0.199569 0.421132
vt 0.199571 0.423541
vt 0.197104 0.308645
vt 0.199571 0.308656
vt 0.558482 0.009878
vt 0.558432 0.007811
vt 0.562800 0.007737
vt 0.619047 0.407887
vt 0.618868 0.403616
vt 0.619820 0.336728
vt 0.627848 0.336894
vt 0.627764 0.410104
vt 0.619129 0.410229
vt 0.278791 0.634965
vt 0.278791 0.520527
vt 0.286820 0.520511
vt 0.286820 0.635096
vt 0.762339 0.873364
vt 0.759102 0.873354
vt 0.759102 0.865325
vt 0.762339 0.865334
vt 0.725150 0.398247
vt 0.725150 0.416840
vt 0.729069 0.416859
vt 0.729069 0.398265
vt 0.007895 0.118705
vt 0.012557 0.118717
vt 0.013265 0.233150
vt 0.008604 0.231671
vt 0.109950 0.468575
vt 0.117983 0.468848
vt 0.593009 0.349666
vt 0.599489 0.437593
vt 0.591485 0.438288
vt 0.584894 0.351032
vt 0.891590 0.633350
vt 0.891409 0.629596
vt 0.558756 0.820334
vt 0.562650 0.820250
vt 0.476222 0.283021
vt 0.470141 0.307446
vt 0.466224 0.308085
vt 0.472568 0.282576
vt 0.503516 0.173398
vt 0.498765 0.177484
vt 0.109955 0.489541
vt 0.117988 0.489585
vt 0.717121 0.398204
vt 0.717121 0.416913
vt 0.239525 0.520563
vt 0.239525 0.635145
vt 0.366111 0.182239
vt 0.397950 0.215807
vt 0.263182 0.372879
vt 0.235022 0.157924
vt 0.234864 0.132692
vt 0.239525 0.134369
vt 0.239683 0.157924
vt 0.289533 0.057355
vt 0.289791 0.063145
vt 0.286329 0.061569
vt 0.231208 0.131346
vt 0.286596 0.053593
vt 0.231366 0.157924
vt 0.106036 0.489524
vt 0.106031 0.468557
vt 0.119891 0.752114
vt 0.115769 0.752110
vt 0.115769 0.732250
vt 0.119891 0.732253
vt 0.287851 0.045997
vt 0.286647 0.067342
vt 0.742552 0.720349
vt 0.744422 0.723282
vt 0.745045 0.745755
vt 0.742238 0.745755
vt 0.598565 0.349863
vt 0.603393 0.437258
vt 0.503330 0.389144
vt 0.503516 0.394911
vt 0.596303 0.342767
vt 0.586696 0.346394
vt 0.923567 0.784690
vt 0.925067 0.784690
vt 0.925067 0.786208
vt 0.923567 0.786208
vt 0.649604 0.340242
vt 0.651976 0.341715
vt 0.364022 0.209154
vt 0.055624 0.379877
vt 0.061358 0.012456
vt 0.062717 0.023525
vt 0.345770 0.495457
vt 0.329899 0.452185
vt 0.395391 0.412594
vt 0.397950 0.407518
vt 0.650402 0.336728
vt 0.652024 0.339095
vt 0.810890 0.610800
vt 0.809708 0.610810
vt 0.631766 0.336974
vt 0.631184 0.403693
vt 0.631603 0.407876
vt 0.631766 0.410119
vt 0.597829 0.339110
vt 0.587227 0.343444
vt 0.364767 0.177397
vt 0.600815 0.344669
vt 0.827895 0.593959
vt 0.827895 0.601735
vt 0.826672 0.605281
vt 0.826364 0.599299
vt 0.288642 0.038357
vt 0.599326 0.336728
vt 0.603393 0.339824
vt 0.763997 0.823521
vt 0.762304 0.815389
vt 0.732464 0.594036
vt 0.734142 0.593959
vt 0.734066 0.601020
vt 0.732550 0.601091
vt 0.533090 0.410271
vt 0.535238 0.417478
vt 0.539232 0.414115
vt 0.537089 0.407191
vt 0.291210 0.028030
vt 0.293442 0.031703
vt 0.698517 0.528061
vt 0.698517 0.552132
vt 0.683565 0.552119
vt 0.683565 0.545434
vt 0.685844 0.545435
vt 0.685844 0.541957
vt 0.688123 0.541958
vt 0.688123 0.538481
vt 0.690402 0.538482
vt 0.690402 0.535005
vt 0.692681 0.535006
vt 0.692681 0.531529
vt 0.694960 0.531529
vt 0.694960 0.528052
vt 0.153960 0.709629
vt 0.136250 0.709634
vt 0.136250 0.690630
vt 0.153960 0.690624
vt 0.579669 0.645327
vt 0.579669 0.621399
vt 0.597095 0.621744
vt 0.597095 0.645672
vt 0.026742 0.593793
vt 0.026742 0.617864
vt 0.022225 0.617873
vt 0.022225 0.614396
vt 0.019328 0.614397
vt 0.019328 0.610920
vt 0.016430 0.610921
vt 0.016430 0.607444
vt 0.013532 0.607445
vt 0.013532 0.603967
vt 0.010635 0.603968
vt 0.010635 0.600491
vt 0.007737 0.600492
vt 0.007737 0.593807
vt 0.778346 0.204173
vt 0.781243 0.204174
vt 0.781243 0.221884
vt 0.778346 0.221883
vt 0.790700 0.593967
vt 0.794177 0.593959
vt 0.794177 0.609169
vt 0.790700 0.609177
vt 0.780510 0.751506
vt 0.783408 0.751506
vt 0.783408 0.769216
vt 0.780510 0.769216
vt 0.795829 0.494059
vt 0.799306 0.494051
vt 0.799306 0.509260
vt 0.795829 0.509268
vt 0.782648 0.052127
vt 0.779750 0.052127
vt 0.779750 0.034417
vt 0.782648 0.034417
vt 0.760520 0.784705
vt 0.763997 0.784697
vt 0.763997 0.799907
vt 0.760520 0.799915
vt 0.777874 0.334504
vt 0.780772 0.334505
vt 0.780772 0.352215
vt 0.777874 0.352214
vt 0.796246 0.334512
vt 0.799723 0.334504
vt 0.799723 0.349714
vt 0.796246 0.349722
vt 0.780046 0.132162
vt 0.782944 0.132163
vt 0.782944 0.149873
vt 0.780046 0.149873
vt 0.796718 0.204181
vt 0.800195 0.204173
vt 0.800195 0.219383
vt 0.796718 0.219391
vt 0.376613 0.741288
vt 0.383299 0.741272
vt 0.383299 0.756482
vt 0.376613 0.756497
vt 0.761079 0.222611
vt 0.762870 0.222609
vt 0.762871 0.223798
vt 0.684616 0.715470
vt 0.677737 0.715499
vt 0.677696 0.696205
vt 0.926142 0.087852
vt 0.924642 0.087851
vt 0.924642 0.086334
vt 0.926142 0.086334
vt 0.793020 0.089012
vt 0.791229 0.089014
vt 0.540396 0.770459
vt 0.540396 0.769277
vt 0.541804 0.769271
vt 0.541804 0.770453
vt 0.768425 0.318529
vt 0.766634 0.318529
vt 0.766634 0.299235
vt 0.768425 0.299235
vt 0.192763 0.918010
vt 0.191574 0.918010
vt 0.191574 0.916219
vt 0.192763 0.916219
vt 0.800826 0.558915
vt 0.801996 0.558938
vt 0.801996 0.578116
vt 0.800826 0.578092
vt 0.613856 0.875045
vt 0.612569 0.875059
vt 0.612569 0.864201
vt 0.613856 0.864187
vt 0.712482 0.833201
vt 0.714000 0.833201
vt 0.714000 0.844058
vt 0.712482 0.844058
vt 0.799317 0.042305
vt 0.798142 0.042320
vt 0.798177 0.034431
vt 0.799352 0.034417
vt 0.760532 0.240811
vt 0.762323 0.240813
vt 0.762316 0.248830
vt 0.758732 0.240808
vt 0.802744 0.415915
vt 0.801724 0.415913
vt 0.801724 0.396618
vt 0.802744 0.396621
vt 0.876024 0.069355
vt 0.877215 0.069342
vt 0.877215 0.080198
vt 0.876024 0.080211
vt 0.770225 0.299235
vt 0.770225 0.318529
vt 0.543219 0.769264
vt 0.543219 0.770446
vt 0.759279 0.222614
vt 0.541724 0.751159
vt 0.543139 0.751152
vt 0.230744 0.854610
vt 0.229268 0.854569
vt 0.229268 0.843777
vt 0.230744 0.843819
vt 0.191574 0.914418
vt 0.192763 0.914418
vt 0.928042 0.675163
vt 0.929542 0.675163
vt 0.929542 0.676680
vt 0.928042 0.676680
vt 0.007737 0.864291
vt 0.009024 0.864277
vt 0.009024 0.875135
vt 0.007737 0.875149
vt 0.056702 0.836710
vt 0.058219 0.836710
vt 0.058219 0.847567
vt 0.056702 0.847567
vt 0.209558 0.880603
vt 0.208366 0.880615
vt 0.208366 0.869759
vt 0.209558 0.869746
vt 0.558752 0.843991
vt 0.560228 0.844032
vt 0.560228 0.854824
vt 0.558752 0.854783
vt 0.928256 0.299235
vt 0.929756 0.299235
vt 0.929756 0.300753
vt 0.928256 0.300753
vt 0.922365 0.816245
vt 0.923865 0.816245
vt 0.923865 0.817762
vt 0.922365 0.817762
vt 0.678982 0.874220
vt 0.677696 0.874234
vt 0.677696 0.863376
vt 0.678982 0.863362
vt 0.153242 0.836373
vt 0.154759 0.836374
vt 0.154759 0.847230
vt 0.153242 0.847230
vt 0.230459 0.880941
vt 0.229268 0.880954
vt 0.229268 0.870097
vt 0.230459 0.870084
vt 0.855733 0.637414
vt 0.854258 0.637373
vt 0.854258 0.626581
vt 0.855733 0.626622
vt 0.930625 0.106315
vt 0.929125 0.106315
vt 0.929125 0.104797
vt 0.930625 0.104797
vt 0.802682 0.922511
vt 0.804182 0.922511
vt 0.804182 0.924029
vt 0.802682 0.924028
vt 0.874456 0.853483
vt 0.873169 0.853497
vt 0.873169 0.842639
vt 0.874456 0.842625
vt 0.841344 0.655015
vt 0.842861 0.655015
vt 0.842861 0.665872
vt 0.841344 0.665872
vt 0.857695 0.880520
vt 0.856504 0.880533
vt 0.856504 0.869676
vt 0.857695 0.869663
vt 0.208366 0.843439
vt 0.209842 0.843480
vt 0.209842 0.854271
vt 0.208366 0.854230
vt 0.928280 0.595477
vt 0.926780 0.595477
vt 0.926780 0.593959
vt 0.928280 0.593959
vt 0.373853 0.921606
vt 0.375353 0.921606
vt 0.375353 0.923124
vt 0.373853 0.923124
vt 0.629330 0.864201
vt 0.630616 0.864187
vt 0.630616 0.875045
vt 0.629330 0.875059
vt 0.842870 0.526037
vt 0.844387 0.526037
vt 0.844387 0.536894
vt 0.842870 0.536894
vt 0.541587 0.880056
vt 0.540396 0.880069
vt 0.540396 0.869212
vt 0.541587 0.869200
vt 0.850850 0.132162
vt 0.852326 0.132204
vt 0.852326 0.142995
vt 0.850850 0.142954
vt 0.252927 0.926253
vt 0.254427 0.926253
vt 0.254427 0.927771
vt 0.252927 0.927771
vt 0.922393 0.843100
vt 0.923893 0.843100
vt 0.923893 0.844618
vt 0.922393 0.844618
vt 0.273543 0.864574
vt 0.274830 0.864560
vt 0.274830 0.875418
vt 0.273543 0.875432
vt 0.844838 0.299235
vt 0.846355 0.299235
vt 0.846355 0.310092
vt 0.844838 0.310092
vt 0.879970 0.310091
vt 0.878779 0.310104
vt 0.878779 0.299248
vt 0.879970 0.299235
vt 0.853271 0.762339
vt 0.851795 0.762297
vt 0.851795 0.751506
vt 0.853271 0.751547
vt 0.929756 0.317744
vt 0.928256 0.317744
vt 0.928256 0.316227
vt 0.929756 0.316227
vt 0.712482 0.922374
vt 0.713982 0.922374
vt 0.713983 0.923891
vt 0.712483 0.923891
vt 0.475951 0.863814
vt 0.477237 0.863800
vt 0.477237 0.874658
vt 0.475951 0.874672
vt 0.843369 0.593959
vt 0.844887 0.593959
vt 0.844887 0.604816
vt 0.843369 0.604816
vt 0.874361 0.879828
vt 0.873169 0.879841
vt 0.873169 0.868984
vt 0.874361 0.868971
vt 0.852035 0.396618
vt 0.853511 0.396660
vt 0.853511 0.407451
vt 0.852035 0.407410
vt 0.927465 0.655015
vt 0.928966 0.655015
vt 0.928966 0.656532
vt 0.927465 0.656533
vt 0.924437 0.628099
vt 0.923238 0.628099
vt 0.923238 0.626581
vt 0.924437 0.626581
vt 0.830514 0.241694
vt 0.830256 0.241697
vt 0.830256 0.240823
vt 0.830514 0.240820
vt 0.677696 0.847013
vt 0.679213 0.847013
vt 0.679213 0.847888
vt 0.677696 0.847888
vt 0.713357 0.956465
vt 0.713357 0.957656
vt 0.712482 0.957647
vt 0.712482 0.956455
vt 0.036103 0.841928
vt 0.034924 0.841895
vt 0.034924 0.841025
vt 0.036103 0.841058
vt 0.928834 0.007737
vt 0.930033 0.007737
vt 0.930033 0.009255
vt 0.928834 0.009255
vt 0.922430 0.918494
vt 0.923930 0.918494
vt 0.923930 0.920012
vt 0.922430 0.920012
vt 0.494229 0.874658
vt 0.492943 0.874672
vt 0.492943 0.863814
vt 0.494229 0.863800
vt 0.136250 0.836373
vt 0.137767 0.836374
vt 0.137767 0.847230
vt 0.136250 0.847230
vt 0.880236 0.115654
vt 0.879045 0.115667
vt 0.879045 0.104810
vt 0.880236 0.104797
vt 0.850950 0.558915
vt 0.852426 0.558956
vt 0.852426 0.569748
vt 0.850950 0.569706
vt 0.172814 0.930704
vt 0.174314 0.930704
vt 0.174314 0.932222
vt 0.172814 0.932222
vt 0.519016 0.924834
vt 0.517516 0.924833
vt 0.517516 0.923316
vt 0.519016 0.923316
vt 0.174101 0.874759
vt 0.172814 0.874773
vt 0.172814 0.863915
vt 0.174101 0.863901
vt 0.845104 0.104797
vt 0.846621 0.104797
vt 0.846621 0.115654
vt 0.845104 0.115654
vt 0.878150 0.469334
vt 0.876959 0.469347
vt 0.876959 0.458490
vt 0.878150 0.458477
vt 0.851249 0.172494
vt 0.852725 0.172535
vt 0.852725 0.183327
vt 0.851249 0.183286
vt 0.928296 0.458477
vt 0.929796 0.458477
vt 0.929796 0.459994
vt 0.928296 0.459995
vt 0.089886 0.923132
vt 0.091386 0.923132
vt 0.091386 0.924650
vt 0.089886 0.924649
vt 0.588288 0.863927
vt 0.589574 0.863913
vt 0.589574 0.874770
vt 0.588288 0.874784
vt 0.517516 0.834248
vt 0.519033 0.834248
vt 0.519033 0.845105
vt 0.517516 0.845104
vt 0.878002 0.536893
vt 0.876811 0.536906
vt 0.876811 0.526050
vt 0.878002 0.526037
vt 0.852256 0.703101
vt 0.850780 0.703060
vt 0.850780 0.692268
vt 0.852256 0.692310
vt 0.930794 0.267879
vt 0.932294 0.267879
vt 0.932294 0.269397
vt 0.930794 0.269397
vt 0.114341 0.924858
vt 0.112841 0.924857
vt 0.112841 0.923340
vt 0.114341 0.923340
vt 0.874939 0.827102
vt 0.873652 0.827116
vt 0.873652 0.816259
vt 0.874939 0.816245
vt 0.089886 0.834151
vt 0.091403 0.834151
vt 0.091403 0.845008
vt 0.089886 0.845008
vt 0.878378 0.018594
vt 0.877186 0.018607
vt 0.877186 0.007750
vt 0.878378 0.007737
vt 0.850569 0.204173
vt 0.852045 0.204214
vt 0.852045 0.215006
vt 0.850569 0.214965
vt 0.930804 0.494051
vt 0.932304 0.494051
vt 0.932304 0.495569
vt 0.930804 0.495569
vt 0.435574 0.925623
vt 0.434074 0.925623
vt 0.434074 0.924105
vt 0.435574 0.924105
vt 0.191092 0.874759
vt 0.189806 0.874773
vt 0.189806 0.863915
vt 0.191092 0.863901
vt 0.843018 0.458477
vt 0.844535 0.458477
vt 0.844535 0.469334
vt 0.843018 0.469334
vt 0.036115 0.878189
vt 0.034924 0.878202
vt 0.034924 0.867346
vt 0.036115 0.867333
vt 0.855038 0.795523
vt 0.853562 0.795482
vt 0.853562 0.784690
vt 0.855038 0.784732
vt 0.589788 0.932183
vt 0.588288 0.932183
vt 0.588288 0.930665
vt 0.589788 0.930665
vt 0.926142 0.070859
vt 0.924642 0.070859
vt 0.924642 0.069342
vt 0.926142 0.069342
vt 0.417565 0.876135
vt 0.416279 0.876149
vt 0.416279 0.865291
vt 0.417565 0.865277
vt 0.843245 0.007737
vt 0.844762 0.007737
vt 0.844762 0.018594
vt 0.843245 0.018594
vt 0.876476 0.665872
vt 0.875285 0.665884
vt 0.875285 0.655028
vt 0.876476 0.655015
vt 0.839729 0.842625
vt 0.841205 0.842666
vt 0.841205 0.853458
vt 0.839729 0.853417
vt 0.927240 0.527555
vt 0.925740 0.527555
vt 0.925740 0.526037
vt 0.927240 0.526037
vt 0.487318 0.117974
vt 0.485706 0.117974
vt 0.485706 0.116775
vt 0.487318 0.116775
vt 0.831542 0.241683
vt 0.831983 0.241682
vt 0.831983 0.243266
vt 0.831542 0.243267
vt 0.677696 0.845430
vt 0.679213 0.845430
vt 0.830514 0.243278
vt 0.830256 0.243281
vt 0.830514 0.251677
vt 0.830256 0.251680
vt 0.677696 0.837031
vt 0.679213 0.837031
vt 0.678887 0.898107
vt 0.677696 0.898120
vt 0.677696 0.889721
vt 0.678887 0.889708
vt 0.036103 0.851850
vt 0.034924 0.851817
vt 0.034924 0.843469
vt 0.036103 0.843502
vt 0.709242 0.008929
vt 0.709242 0.007737
vt 0.710825 0.007754
vt 0.710825 0.008946
vt 0.137862 0.441000
vt 0.136250 0.440999
vt 0.136250 0.439801
vt 0.137862 0.439801
vt 0.191916 0.439803
vt 0.191916 0.439290
vt 0.193434 0.439290
vt 0.193434 0.439803
vt 0.542892 0.117972
vt 0.542892 0.118485
vt 0.541374 0.118485
vt 0.541374 0.117972
vt 0.036399 0.851858
vt 0.036399 0.843510
vt 0.831542 0.251666
vt 0.036399 0.841936
vt 0.928533 0.007737
vt 0.928533 0.009255
vt 0.036399 0.841067
vt 0.831542 0.240808
vt 0.924738 0.628099
vt 0.924738 0.626581
vt 0.672734 0.009428
vt 0.672762 0.008249
vt 0.674336 0.008242
vt 0.674308 0.009422
vt 0.672770 0.007743
vt 0.674344 0.007737
vt 0.136250 0.439287
vt 0.137862 0.439287
vt 0.710825 0.051388
vt 0.710825 0.052653
vt 0.709242 0.052636
vt 0.709241 0.051371
vt 0.487319 0.118487
vt 0.485707 0.118487
vt 0.697054 0.294864
vt 0.697054 0.240808
vt 0.698638 0.240808
vt 0.698638 0.294864
vt 0.191916 0.441002
vt 0.541374 0.116773
vt 0.912568 0.675163
vt 0.912568 0.676774
vt 0.910963 0.676774
vt 0.910963 0.675163
vt 0.434074 0.660455
vt 0.435658 0.660428
vt 0.924128 0.724213
vt 0.925628 0.724213
vt 0.925628 0.725340
vt 0.924129 0.725340
vt 0.956394 0.785977
vt 0.956394 0.784690
vt 0.957261 0.784701
vt 0.957261 0.785988
vt 0.842473 0.070209
vt 0.842083 0.070209
vt 0.842083 0.069342
vt 0.842473 0.069342
vt 0.849949 0.035287
vt 0.849065 0.035297
vt 0.849064 0.034430
vt 0.849948 0.034420
vt 0.850359 0.432299
vt 0.848883 0.432258
vt 0.848881 0.431396
vt 0.850357 0.431437
vt 0.929796 0.475860
vt 0.928296 0.475860
vt 0.928296 0.475469
vt 0.929796 0.475469
vt 0.922813 0.895727
vt 0.924313 0.895727
vt 0.924313 0.897244
vt 0.922813 0.897244
vt 0.399287 0.865291
vt 0.400573 0.865277
vt 0.400573 0.876135
vt 0.399287 0.876149
vt 0.780510 0.836598
vt 0.782028 0.836598
vt 0.782028 0.847455
vt 0.780510 0.847455
vt 0.839729 0.868945
vt 0.840920 0.868932
vt 0.840920 0.879789
vt 0.839729 0.879802
vt 0.854262 0.365521
vt 0.855738 0.365562
vt 0.855738 0.376353
vt 0.854262 0.376312
vt 0.476759 0.930703
vt 0.475259 0.930704
vt 0.475259 0.929186
vt 0.476759 0.929186
vt 0.924374 0.365520
vt 0.925874 0.365521
vt 0.925874 0.367038
vt 0.924374 0.367038
vt 0.458959 0.863814
vt 0.460246 0.863800
vt 0.460246 0.874658
vt 0.458959 0.874672
vt 0.255000 0.835450
vt 0.256517 0.835450
vt 0.256517 0.846307
vt 0.255000 0.846307
vt 0.878502 0.604816
vt 0.877310 0.604829
vt 0.877310 0.593972
vt 0.878502 0.593959
vt 0.541872 0.853725
vt 0.540396 0.853684
vt 0.540396 0.842892
vt 0.541872 0.842934
vt 0.930351 0.240809
vt 0.931851 0.240808
vt 0.931851 0.242326
vt 0.930351 0.242326
vt 0.850356 0.433811
vt 0.848880 0.433769
vt 0.849948 0.036808
vt 0.849063 0.036817
vt 0.842473 0.071730
vt 0.842083 0.071730
vt 0.848791 0.036820
vt 0.848793 0.035300
vt 0.348316 0.898134
vt 0.347029 0.898149
vt 0.347029 0.889679
vt 0.348316 0.889665
vt 0.842473 0.080199
vt 0.842083 0.080199
vt 0.849949 0.045277
vt 0.849065 0.045286
vt 0.850359 0.442229
vt 0.848883 0.442188
vt 0.850256 0.045273
vt 0.850255 0.036804
vt 0.843600 0.080199
vt 0.843600 0.071730
vt 0.713992 0.570003
vt 0.714338 0.570003
vt 0.850256 0.035284
vt 0.929796 0.476987
vt 0.928296 0.476987
vt 0.850255 0.034417
vt 0.843600 0.070209
vt 0.843600 0.069342
vt 0.924128 0.723823
vt 0.925628 0.723823
vt 0.723578 0.371816
vt 0.723542 0.370530
vt 0.725063 0.370501
vt 0.725099 0.371787
vt 0.714337 0.571503
vt 0.713991 0.571503
vt 0.713609 0.703375
vt 0.713956 0.703375
vt 0.713956 0.704875
vt 0.713610 0.704875
vt 0.712483 0.703375
vt 0.229614 0.919771
vt 0.230741 0.919771
vt 0.230741 0.921376
vt 0.229614 0.921376
vt 0.229268 0.921376
vt 0.229268 0.919771
vt 0.715464 0.570003
vt 0.327944 0.677865
vt 0.326433 0.677867
vt 0.758520 0.497843
vt 0.758520 0.509268
vt 0.748721 0.509237
vt 0.748721 0.497812
vt 0.751884 0.703702
vt 0.751884 0.692276
vt 0.760855 0.692268
vt 0.760855 0.703694
vt 0.569989 0.742266
vt 0.569989 0.753626
vt 0.558752 0.753404
vt 0.558752 0.742044
vt 0.007737 0.737908
vt 0.019163 0.737908
vt 0.019163 0.749334
vt 0.007737 0.749334
vt 0.410713 0.732587
vt 0.410713 0.744013
vt 0.399287 0.744012
vt 0.399287 0.732587
vt 0.310709 0.496023
vt 0.310709 0.504939
vt 0.309875 0.504942
vt 0.309875 0.496025
vt 0.742991 0.132234
vt 0.742991 0.154626
vt 0.742899 0.155656
vt 0.742647 0.155903
vt 0.742304 0.155988
vt 0.741618 0.155975
vt 0.740449 0.155953
vt 0.739836 0.155941
vt 0.739529 0.155853
vt 0.739305 0.155624
vt 0.739223 0.154702
vt 0.739223 0.132162
vt 0.517516 0.905616
vt 0.520244 0.905733
vt 0.520244 0.906913
vt 0.517516 0.906796
vt 0.753279 0.549634
vt 0.753227 0.527081
vt 0.755371 0.527075
vt 0.755423 0.549629
vt 0.715211 0.906782
vt 0.712482 0.906900
vt 0.712482 0.903095
vt 0.715211 0.902978
vt 0.898697 0.043698
vt 0.898693 0.042709
vt 0.898990 0.042709
vt 0.898993 0.043699
vt 0.906730 0.901885
vt 0.906498 0.900654
vt 0.906731 0.900655
vt 0.906963 0.901886
vt 0.889836 0.876948
vt 0.889835 0.875571
vt 0.890132 0.875571
vt 0.890132 0.876948
vt 0.898701 0.044508
vt 0.898998 0.044508
vt 0.907105 0.903020
vt 0.907338 0.903020
vt 0.889835 0.874140
vt 0.890132 0.874141
vt 0.906730 0.896862
vt 0.907105 0.895727
vt 0.907338 0.895727
vt 0.906963 0.896862
vt 0.898363 0.250090
vt 0.898365 0.250912
vt 0.898069 0.250912
vt 0.898067 0.250090
vt 0.889836 0.872712
vt 0.890132 0.872712
vt 0.906498 0.898093
vt 0.906731 0.898094
vt 0.898362 0.249091
vt 0.898065 0.249091
vt 0.889837 0.871339
vt 0.890133 0.871339
vt 0.906420 0.899374
vt 0.906653 0.899374
vt 0.898361 0.247953
vt 0.898064 0.247953
vt 0.889838 0.870076
vt 0.890135 0.870076
vt 0.156579 0.815614
vt 0.156580 0.814185
vt 0.156877 0.814185
vt 0.156876 0.815614
vt 0.898360 0.246720
vt 0.898064 0.246719
vt 0.889840 0.868971
vt 0.890137 0.868971
vt 0.156583 0.812812
vt 0.156879 0.812812
vt 0.898360 0.245438
vt 0.898064 0.245438
vt 0.156593 0.820804
vt 0.156587 0.819690
vt 0.156884 0.819690
vt 0.156890 0.820804
vt 0.156587 0.811548
vt 0.156884 0.811548
vt 0.898361 0.244159
vt 0.898064 0.244159
vt 0.156583 0.818420
vt 0.156879 0.818420
vt 0.156593 0.810441
vt 0.156890 0.810441
vt 0.898362 0.242930
vt 0.898065 0.242930
vt 0.156580 0.817044
vt 0.156877 0.817044
vt 0.890722 0.816245
vt 0.890717 0.817361
vt 0.890421 0.817361
vt 0.890425 0.816245
vt 0.898363 0.241798
vt 0.898067 0.241798
vt 0.890714 0.818633
vt 0.890417 0.818633
vt 0.898365 0.240808
vt 0.898069 0.240808
vt 0.113121 0.902938
vt 0.113043 0.904219
vt 0.112842 0.904219
vt 0.112920 0.902938
vt 0.898695 0.276164
vt 0.898694 0.275026
vt 0.898950 0.275026
vt 0.898951 0.276164
vt 0.892949 0.070447
vt 0.892947 0.071709
vt 0.892691 0.071709
vt 0.892693 0.070447
vt 0.073950 0.840453
vt 0.073950 0.841882
vt 0.073693 0.841882
vt 0.073694 0.840453
vt 0.898694 0.273792
vt 0.898950 0.273792
vt 0.892951 0.069342
vt 0.892694 0.069342
vt 0.073953 0.839081
vt 0.073697 0.839081
vt 0.898694 0.272510
vt 0.898950 0.272510
vt 0.073957 0.845957
vt 0.073963 0.847071
vt 0.073707 0.847071
vt 0.073701 0.845957
vt 0.073957 0.837817
vt 0.073701 0.837817
vt 0.898694 0.271230
vt 0.898950 0.271230
vt 0.073953 0.844688
vt 0.073697 0.844688
vt 0.073963 0.836710
vt 0.073707 0.836710
vt 0.898695 0.270001
vt 0.898951 0.270001
vt 0.073950 0.843312
vt 0.073694 0.843312
vt 0.893484 0.527153
vt 0.893489 0.526037
vt 0.893745 0.526037
vt 0.893740 0.527153
vt 0.898696 0.268869
vt 0.898953 0.268869
vt 0.893481 0.528424
vt 0.893737 0.528424
vt 0.898698 0.267879
vt 0.898954 0.267879
vt 0.893478 0.529801
vt 0.893734 0.529801
vt 0.418147 0.900908
vt 0.418141 0.899910
vt 0.418398 0.899910
vt 0.418403 0.900908
vt 0.893477 0.531231
vt 0.893733 0.531232
vt 0.418138 0.898772
vt 0.418394 0.898772
vt 0.893477 0.532660
vt 0.893733 0.532660
vt 0.418135 0.897539
vt 0.418391 0.897539
vt 0.893478 0.534031
vt 0.893734 0.534031
vt 0.418134 0.896258
vt 0.418391 0.896258
vt 0.893481 0.535293
vt 0.893737 0.535293
vt 0.418135 0.894978
vt 0.418391 0.894978
vt 0.893484 0.536397
vt 0.893740 0.536397
vt 0.418138 0.893748
vt 0.418394 0.893748
vt 0.865750 0.505821
vt 0.865745 0.504877
vt 0.866559 0.504877
vt 0.866563 0.505821
vt 0.458960 0.893333
vt 0.458962 0.892164
vt 0.459776 0.892164
vt 0.459774 0.893333
vt 0.865741 0.503723
vt 0.866555 0.503723
vt 0.458959 0.894549
vt 0.459773 0.894549
vt 0.865738 0.502404
vt 0.866552 0.502405
vt 0.458960 0.895766
vt 0.459774 0.895766
vt 0.865737 0.500971
vt 0.866551 0.500972
vt 0.458962 0.896937
vt 0.459776 0.896937
vt 0.865737 0.499479
vt 0.866551 0.499479
vt 0.458966 0.898018
vt 0.459780 0.898018
vt 0.865738 0.497984
vt 0.866552 0.497985
vt 0.458971 0.898966
vt 0.459785 0.898966
vt 0.865741 0.496545
vt 0.866555 0.496546
vt 0.192719 0.820594
vt 0.192717 0.821534
vt 0.191903 0.821534
vt 0.191905 0.820594
vt 0.865745 0.495217
vt 0.866559 0.495218
vt 0.074276 0.868445
vt 0.074277 0.869939
vt 0.073463 0.869939
vt 0.073462 0.868445
vt 0.192720 0.819519
vt 0.191906 0.819519
vt 0.865750 0.494051
vt 0.866563 0.494051
vt 0.074280 0.871377
vt 0.073466 0.871377
vt 0.192721 0.818351
vt 0.191907 0.818351
vt 0.074291 0.863042
vt 0.074285 0.864198
vt 0.073471 0.864198
vt 0.073477 0.863042
vt 0.074285 0.872704
vt 0.073471 0.872704
vt 0.192722 0.817135
vt 0.191908 0.817135
vt 0.074280 0.865518
vt 0.073466 0.865518
vt 0.074291 0.873868
vt 0.073477 0.873868
vt 0.192722 0.815918
vt 0.191908 0.815918
vt 0.074277 0.866953
vt 0.073463 0.866953
vt 0.866550 0.034417
vt 0.866548 0.035571
vt 0.865734 0.035571
vt 0.865736 0.034417
vt 0.192721 0.814746
vt 0.191907 0.814746
vt 0.866546 0.036891
vt 0.865732 0.036890
vt 0.192720 0.813664
vt 0.191906 0.813664
vt 0.502837 0.761984
vt 0.502763 0.763201
vt 0.502124 0.763200
vt 0.502198 0.761984
vt 0.866545 0.038324
vt 0.865731 0.038324
vt 0.192719 0.812715
vt 0.191905 0.812715
vt 0.503057 0.760814
vt 0.502418 0.760814
vt 0.866544 0.039817
vt 0.865731 0.039817
vt 0.192717 0.811934
vt 0.191903 0.811934
vt 0.503413 0.759735
vt 0.502774 0.759735
vt 0.866544 0.041311
vt 0.865731 0.041311
vt 0.503057 0.765587
vt 0.503413 0.766665
vt 0.502774 0.766665
vt 0.502418 0.765587
vt 0.895449 0.300004
vt 0.895445 0.299235
vt 0.896258 0.299235
vt 0.896262 0.300004
vt 0.866545 0.042750
vt 0.865731 0.042749
vt 0.502837 0.764417
vt 0.502198 0.764417
vt 0.895452 0.300944
vt 0.896266 0.300944
vt 0.866546 0.044077
vt 0.865732 0.044077
vt 0.895454 0.302018
vt 0.896268 0.302019
vt 0.866548 0.045243
vt 0.865734 0.045242
vt 0.895455 0.303186
vt 0.896269 0.303186
vt 0.866550 0.046201
vt 0.865736 0.046201
vt 0.895455 0.304402
vt 0.896269 0.304402
vt 0.896510 0.113303
vt 0.896072 0.111980
vt 0.896711 0.111981
vt 0.897149 0.113304
vt 0.895454 0.305619
vt 0.896268 0.305619
vt 0.895802 0.110544
vt 0.896441 0.110545
vt 0.895452 0.306791
vt 0.896266 0.306792
vt 0.895711 0.109051
vt 0.896350 0.109051
vt 0.895449 0.307873
vt 0.896262 0.307874
vt 0.895802 0.107558
vt 0.896441 0.107558
vt 0.895445 0.308824
vt 0.896258 0.308824
vt 0.896072 0.106121
vt 0.896711 0.106122
vt 0.458966 0.891088
vt 0.458971 0.890146
vt 0.459785 0.890146
vt 0.459780 0.891088
vt 0.896510 0.104797
vt 0.897149 0.104798
vt 0.720263 0.461435
vt 0.719483 0.462627
vt 0.719199 0.462471
vt 0.720014 0.461225
vt 0.721256 0.460422
vt 0.721052 0.460167
vt 0.722423 0.459627
vt 0.722271 0.459337
vt 0.723720 0.459081
vt 0.723627 0.458766
vt 0.725097 0.458805
vt 0.725066 0.458477
vt 0.726501 0.458808
vt 0.726533 0.458481
vt 0.727878 0.459092
vt 0.727971 0.458778
vt 0.729175 0.459645
vt 0.729327 0.459356
vt 0.730343 0.460446
vt 0.730547 0.460193
vt 0.731335 0.461464
vt 0.731584 0.461256
vt 0.732115 0.462661
vt 0.732399 0.462506
vt 0.732653 0.463989
vt 0.732960 0.463894
vt 0.732927 0.465398
vt 0.733247 0.465367
vt 0.732927 0.466834
vt 0.733247 0.466867
vt 0.732653 0.468242
vt 0.732960 0.468338
vt 0.732115 0.469567
vt 0.732399 0.469723
vt 0.731335 0.470759
vt 0.731584 0.470968
vt 0.730343 0.471772
vt 0.730547 0.472027
vt 0.729175 0.472567
vt 0.729327 0.472857
vt 0.727878 0.473113
vt 0.727971 0.473428
vt 0.726501 0.473389
vt 0.726533 0.473716
vt 0.725097 0.473385
vt 0.725066 0.473713
vt 0.723720 0.473101
vt 0.723627 0.473416
vt 0.722423 0.472548
vt 0.722271 0.472838
vt 0.721256 0.471747
vt 0.721052 0.472001
vt 0.720263 0.470729
vt 0.720014 0.470937
vt 0.719483 0.469533
vt 0.719199 0.469687
vt 0.718946 0.468205
vt 0.718638 0.468300
vt 0.718672 0.466796
vt 0.718352 0.466827
vt 0.718672 0.465360
vt 0.718352 0.465326
vt 0.718946 0.463952
vt 0.718638 0.463856
vt 0.613296 0.733585
vt 0.613995 0.732517
vt 0.614244 0.732727
vt 0.613580 0.733741
vt 0.614885 0.731610
vt 0.615089 0.731864
vt 0.615931 0.730897
vt 0.616082 0.731188
vt 0.617093 0.730408
vt 0.617187 0.730723
vt 0.618327 0.730160
vt 0.618359 0.730488
vt 0.619586 0.730164
vt 0.619554 0.730491
vt 0.620820 0.730418
vt 0.620726 0.730733
vt 0.621982 0.730914
vt 0.621830 0.731203
vt 0.623028 0.731632
vt 0.622824 0.731885
vt 0.623918 0.732544
vt 0.623669 0.732752
vt 0.624617 0.733616
vt 0.624333 0.733770
vt 0.625098 0.734806
vt 0.624790 0.734901
vt 0.625344 0.736069
vt 0.625024 0.736100
vt 0.625344 0.737356
vt 0.625024 0.737323
vt 0.625098 0.738618
vt 0.624790 0.738521
vt 0.624617 0.739805
vt 0.624333 0.739649
vt 0.623918 0.740873
vt 0.623669 0.740664
vt 0.623028 0.741781
vt 0.622824 0.741526
vt 0.621982 0.742493
vt 0.621830 0.742203
vt 0.620820 0.742983
vt 0.620726 0.742668
vt 0.619586 0.743230
vt 0.619554 0.742903
vt 0.618327 0.743227
vt 0.618359 0.742900
vt 0.617093 0.742972
vt 0.617187 0.742658
vt 0.615931 0.742477
vt 0.616082 0.742187
vt 0.614885 0.741759
vt 0.615089 0.741505
vt 0.613995 0.740847
vt 0.614244 0.740639
vt 0.613296 0.739775
vt 0.613580 0.739620
vt 0.612815 0.738584
vt 0.613122 0.738490
vt 0.612569 0.737322
vt 0.612889 0.737290
vt 0.612569 0.736035
vt 0.612889 0.736068
vt 0.612815 0.734773
vt 0.613122 0.734869
vt 0.728367 0.310538
vt 0.728367 0.311974
vt 0.727627 0.311898
vt 0.727627 0.310611
vt 0.714924 0.307766
vt 0.715704 0.306574
vt 0.716278 0.307059
vt 0.715580 0.308127
vt 0.714924 0.314673
vt 0.714386 0.313345
vt 0.715098 0.313126
vt 0.715579 0.314316
vt 0.728093 0.313382
vt 0.727382 0.313159
vt 0.716696 0.305562
vt 0.717168 0.306151
vt 0.714112 0.311936
vt 0.714853 0.311863
vt 0.727556 0.314707
vt 0.726900 0.314347
vt 0.717864 0.304767
vt 0.718214 0.305439
vt 0.714112 0.310499
vt 0.714853 0.310576
vt 0.726776 0.315899
vt 0.726201 0.315415
vt 0.719161 0.304221
vt 0.719377 0.304950
vt 0.714386 0.309092
vt 0.715098 0.309314
vt 0.725783 0.316912
vt 0.725311 0.316322
vt 0.720538 0.303944
vt 0.720611 0.304702
vt 0.724616 0.317707
vt 0.724265 0.317035
vt 0.721942 0.303948
vt 0.721869 0.304705
vt 0.723319 0.318253
vt 0.723103 0.317524
vt 0.723319 0.304232
vt 0.723103 0.304960
vt 0.721942 0.318529
vt 0.721869 0.317772
vt 0.724616 0.304785
vt 0.724265 0.305455
vt 0.720538 0.318525
vt 0.720611 0.317768
vt 0.725783 0.305586
vt 0.725311 0.306173
vt 0.719161 0.318241
vt 0.719377 0.317514
vt 0.726776 0.306604
vt 0.726201 0.307086
vt 0.717864 0.317688
vt 0.718214 0.317018
vt 0.727556 0.307801
vt 0.726900 0.308157
vt 0.716696 0.316887
vt 0.717168 0.316301
vt 0.728093 0.309129
vt 0.727382 0.309348
vt 0.715703 0.315869
vt 0.716278 0.315388
vt 0.892946 0.073081
vt 0.892690 0.073081
vt 0.898696 0.277164
vt 0.898953 0.277164
vt 0.113352 0.901706
vt 0.113151 0.901706
vt 0.892946 0.074510
vt 0.892689 0.074510
vt 0.898698 0.277986
vt 0.898954 0.277986
vt 0.113728 0.900571
vt 0.113527 0.900570
vt 0.892946 0.075940
vt 0.892689 0.075940
vt 0.113352 0.906731
vt 0.113728 0.907866
vt 0.113527 0.907866
vt 0.113151 0.906731
vt 0.898966 0.503336
vt 0.898971 0.504145
vt 0.898714 0.504145
vt 0.898710 0.503335
vt 0.892946 0.077317
vt 0.892690 0.077317
vt 0.113121 0.905499
vt 0.112920 0.905499
vt 0.898963 0.502346
vt 0.898707 0.502346
vt 0.892947 0.078587
vt 0.892691 0.078587
vt 0.898961 0.501215
vt 0.898705 0.501215
vt 0.892949 0.079703
vt 0.892693 0.079702
vt 0.898960 0.499986
vt 0.898704 0.499986
vt 0.892951 0.080620
vt 0.892694 0.080620
vt 0.898960 0.498706
vt 0.898704 0.498706
vt 0.902937 0.759646
vt 0.902517 0.758380
vt 0.902719 0.758380
vt 0.903138 0.759646
vt 0.898961 0.497424
vt 0.898705 0.497424
vt 0.902259 0.757006
vt 0.902460 0.757006
vt 0.898963 0.496190
vt 0.898707 0.496190
vt 0.902172 0.755577
vt 0.902373 0.755577
vt 0.898966 0.495051
vt 0.898710 0.495051
vt 0.902259 0.754147
vt 0.902460 0.754147
vt 0.898971 0.494051
vt 0.898714 0.494051
vt 0.902517 0.752773
vt 0.902719 0.752773
vt 0.418141 0.892615
vt 0.418147 0.891623
vt 0.418403 0.891623
vt 0.418398 0.892615
vt 0.902937 0.751506
vt 0.903138 0.751506
vt 0.893489 0.537301
vt 0.893745 0.537301
vt 0.069504 0.731347
vt 0.069504 0.729912
vt 0.069783 0.729872
vt 0.069783 0.731371
vt 0.069263 0.728511
vt 0.069532 0.728409
vt 0.068791 0.727199
vt 0.069039 0.727038
vt 0.068106 0.726025
vt 0.068323 0.725812
vt 0.067234 0.725036
vt 0.067412 0.724778
vt 0.066208 0.724267
vt 0.066341 0.723976
vt 0.065069 0.723751
vt 0.065150 0.723436
vt 0.063859 0.723505
vt 0.063887 0.723180
vt 0.062626 0.723541
vt 0.062598 0.723216
vt 0.061416 0.723855
vt 0.061335 0.723545
vt 0.060277 0.724437
vt 0.060144 0.724152
vt 0.059251 0.725263
vt 0.059073 0.725016
vt 0.058379 0.726302
vt 0.058162 0.726101
vt 0.057693 0.727515
vt 0.057446 0.727368
vt 0.057221 0.728854
vt 0.056953 0.728767
vt 0.056981 0.730268
vt 0.056701 0.730244
vt 0.056981 0.731703
vt 0.056701 0.731743
vt 0.057221 0.733104
vt 0.056953 0.733206
vt 0.057693 0.734416
vt 0.057446 0.734577
vt 0.058379 0.735590
vt 0.058162 0.735803
vt 0.059251 0.736580
vt 0.059073 0.736837
vt 0.060276 0.737348
vt 0.060144 0.737639
vt 0.061416 0.737864
vt 0.061334 0.738179
vt 0.062626 0.738110
vt 0.062598 0.738436
vt 0.063859 0.738075
vt 0.063887 0.738399
vt 0.065069 0.737760
vt 0.065150 0.738070
vt 0.066208 0.737179
vt 0.066341 0.737463
vt 0.067234 0.736352
vt 0.067412 0.736600
vt 0.068106 0.735313
vt 0.068323 0.735514
vt 0.068791 0.734100
vt 0.069039 0.734247
vt 0.069263 0.732761
vt 0.069532 0.732848
vt 0.742155 0.570846
vt 0.742155 0.572131
vt 0.741876 0.572107
vt 0.741876 0.570886
vt 0.741939 0.569592
vt 0.741671 0.569694
vt 0.741517 0.568416
vt 0.741269 0.568577
vt 0.740903 0.567365
vt 0.740686 0.567579
vt 0.740122 0.566479
vt 0.739944 0.566736
vt 0.739203 0.565791
vt 0.739071 0.566083
vt 0.738183 0.565328
vt 0.738101 0.565643
vt 0.737099 0.565108
vt 0.737072 0.565434
vt 0.735994 0.565140
vt 0.736022 0.565464
vt 0.734911 0.565421
vt 0.734993 0.565732
vt 0.733890 0.565942
vt 0.734023 0.566227
vt 0.732972 0.566683
vt 0.733150 0.566930
vt 0.732191 0.567614
vt 0.732408 0.567815
vt 0.731577 0.568700
vt 0.731825 0.568847
vt 0.731154 0.569899
vt 0.731423 0.569986
vt 0.730939 0.571166
vt 0.731218 0.571190
vt 0.730939 0.572451
vt 0.731218 0.572411
vt 0.731154 0.573705
vt 0.731423 0.573603
vt 0.731577 0.574881
vt 0.731825 0.574720
vt 0.732191 0.575932
vt 0.732408 0.575718
vt 0.732972 0.576818
vt 0.733150 0.576561
vt 0.733891 0.577506
vt 0.734023 0.577214
vt 0.734911 0.577969
vt 0.734993 0.577654
vt 0.735995 0.578189
vt 0.736022 0.577863
vt 0.737099 0.578157
vt 0.737072 0.577833
vt 0.738183 0.577875
vt 0.738101 0.577565
vt 0.739203 0.577355
vt 0.739071 0.577070
vt 0.740122 0.576614
vt 0.739944 0.576367
vt 0.740903 0.575683
vt 0.740686 0.575482
vt 0.741517 0.574597
vt 0.741269 0.574450
vt 0.741940 0.573398
vt 0.741671 0.573311
vt 0.620266 0.428501
vt 0.620773 0.428971
vt 0.620160 0.430057
vt 0.619580 0.429713
vt 0.631391 0.433545
vt 0.630737 0.433488
vt 0.630738 0.432203
vt 0.631391 0.432110
vt 0.628095 0.439377
vt 0.627786 0.438712
vt 0.628704 0.437972
vt 0.629121 0.438550
vt 0.619737 0.431256
vt 0.619108 0.431052
vt 0.630522 0.430949
vt 0.631150 0.430709
vt 0.629485 0.437041
vt 0.629993 0.437511
vt 0.619521 0.432523
vt 0.618868 0.432467
vt 0.630099 0.429774
vt 0.630678 0.429397
vt 0.630099 0.435954
vt 0.630678 0.436298
vt 0.619521 0.433808
vt 0.618868 0.433902
vt 0.629485 0.428723
vt 0.629993 0.428223
vt 0.630522 0.434755
vt 0.631150 0.434959
vt 0.619737 0.435062
vt 0.619108 0.435302
vt 0.628704 0.427836
vt 0.629121 0.427234
vt 0.620160 0.436238
vt 0.619580 0.436614
vt 0.627786 0.427148
vt 0.628095 0.426466
vt 0.620773 0.437289
vt 0.620266 0.437788
vt 0.626765 0.426685
vt 0.626956 0.425949
vt 0.621554 0.438175
vt 0.621138 0.438778
vt 0.625682 0.426466
vt 0.625746 0.425703
vt 0.622473 0.438863
vt 0.622163 0.439546
vt 0.624577 0.426497
vt 0.624513 0.425739
vt 0.623494 0.439326
vt 0.623303 0.440062
vt 0.623494 0.426779
vt 0.623303 0.426053
vt 0.624577 0.439546
vt 0.624513 0.440308
vt 0.622473 0.427299
vt 0.622163 0.426635
vt 0.625682 0.439514
vt 0.625746 0.440273
vt 0.621554 0.428040
vt 0.621138 0.427461
vt 0.626765 0.439233
vt 0.626956 0.439958
vt 0.889837 0.878219
vt 0.890133 0.878219
vt 0.898691 0.041579
vt 0.898988 0.041579
vt 0.889838 0.879335
vt 0.890135 0.879335
vt 0.898690 0.040350
vt 0.898987 0.040350
vt 0.889840 0.880252
vt 0.890137 0.880252
vt 0.898690 0.039070
vt 0.898987 0.039070
vt 0.902204 0.179370
vt 0.902624 0.180637
vt 0.902391 0.180637
vt 0.901972 0.179370
vt 0.898691 0.037789
vt 0.898988 0.037789
vt 0.901946 0.177996
vt 0.901713 0.177996
vt 0.898693 0.036555
vt 0.898990 0.036556
vt 0.901859 0.176566
vt 0.901626 0.176566
vt 0.898697 0.035417
vt 0.898993 0.035417
vt 0.901946 0.175137
vt 0.901713 0.175136
vt 0.898701 0.034417
vt 0.898998 0.034417
vt 0.902204 0.173762
vt 0.901972 0.173761
vt 0.899634 0.431396
vt 0.899629 0.432387
vt 0.899332 0.432387
vt 0.899337 0.431396
vt 0.902624 0.172494
vt 0.902391 0.172494
vt 0.899625 0.433520
vt 0.899328 0.433520
vt 0.890717 0.826608
vt 0.890722 0.827512
vt 0.890425 0.827512
vt 0.890421 0.826608
vt 0.899622 0.434749
vt 0.899326 0.434749
vt 0.890714 0.825504
vt 0.890417 0.825504
vt 0.899621 0.436029
vt 0.899325 0.436029
vt 0.890711 0.824241
vt 0.890414 0.824241
vt 0.899622 0.437310
vt 0.899326 0.437310
vt 0.890710 0.822869
vt 0.890413 0.822869
vt 0.899625 0.438543
vt 0.899328 0.438543
vt 0.890710 0.821441
vt 0.890413 0.821441
vt 0.899629 0.439680
vt 0.899332 0.439680
vt 0.890711 0.820010
vt 0.890414 0.820010
vt 0.899634 0.440678
vt 0.899338 0.440678
vt 0.912116 0.462385
vt 0.912241 0.462385
vt 0.912240 0.462730
vt 0.912061 0.462730
vt 0.912474 0.462385
vt 0.912546 0.462386
vt 0.912672 0.462731
vt 0.912570 0.462730
vt 0.909460 0.529945
vt 0.909555 0.529945
vt 0.909485 0.530290
vt 0.909350 0.530290
vt 0.909676 0.529945
vt 0.909656 0.530290
vt 0.909804 0.529945
vt 0.909838 0.530291
vt 0.909920 0.529945
vt 0.910002 0.530291
vt 0.910006 0.529945
vt 0.910125 0.530291
vt 0.780695 0.916259
vt 0.780809 0.916259
vt 0.780773 0.916605
vt 0.780610 0.916605
vt 0.780937 0.916259
vt 0.780954 0.916605
vt 0.781059 0.916259
vt 0.781127 0.916605
vt 0.915643 0.432186
vt 0.915524 0.432181
vt 0.915549 0.431822
vt 0.915718 0.431830
vt 0.915395 0.432181
vt 0.915367 0.431822
vt 0.915278 0.432186
vt 0.915200 0.431830
vt 0.912009 0.462386
vt 0.911911 0.462731
vt 0.035568 0.969019
vt 0.035568 0.969147
vt 0.035519 0.969266
vt 0.035428 0.969357
vt 0.035310 0.969406
vt 0.035182 0.969406
vt 0.035063 0.969357
vt 0.034973 0.969266
vt 0.034923 0.969147
vt 0.034923 0.969019
vt 0.034973 0.968901
vt 0.035063 0.968810
vt 0.035182 0.968761
vt 0.035310 0.968761
vt 0.035428 0.968810
vt 0.035519 0.968901
vt 0.991752 0.610304
vt 0.912367 0.462385
vt 0.912418 0.462730
vt 0.925740 0.543240
vt 0.925740 0.543170
vt 0.925767 0.543105
vt 0.925816 0.543056
vt 0.925881 0.543029
vt 0.925951 0.543029
vt 0.926016 0.543056
vt 0.926066 0.543105
vt 0.926093 0.543170
vt 0.926093 0.543240
vt 0.926066 0.543305
vt 0.926016 0.543355
vt 0.925951 0.543382
vt 0.925881 0.543382
vt 0.925816 0.543355
vt 0.925767 0.543305
vt 0.912154 0.458477
vt 0.912250 0.458477
vt 0.912073 0.458477
vt 0.915404 0.436074
vt 0.915314 0.436078
vt 0.915501 0.436074
vt 0.915592 0.436078
vt 0.780918 0.912350
vt 0.781011 0.912350
vt 0.780820 0.912350
vt 0.780733 0.912350
vt 0.909868 0.526037
vt 0.909933 0.526037
vt 0.909779 0.526037
vt 0.909681 0.526037
vt 0.909589 0.526037
vt 0.909517 0.526037
vt 0.912428 0.458477
vt 0.912483 0.458477
vt 0.912346 0.458477
vt 0.939557 0.936828
vt 0.939711 0.936827
vt 0.939767 0.937211
vt 0.939661 0.937212
vt 0.559047 0.954839
vt 0.558876 0.954847
vt 0.558961 0.954480
vt 0.559078 0.954474
vt 0.559232 0.954839
vt 0.559206 0.954474
vt 0.559405 0.954847
vt 0.559325 0.954480
vt 0.856399 0.954630
vt 0.856222 0.954631
vt 0.856293 0.954248
vt 0.856415 0.954247
vt 0.856584 0.954630
vt 0.856543 0.954247
vt 0.856750 0.954631
vt 0.856657 0.954248
vt 0.839353 0.938469
vt 0.839228 0.938469
vt 0.839354 0.938086
vt 0.839440 0.938086
vt 0.839521 0.938469
vt 0.839556 0.938086
vt 0.839706 0.938469
vt 0.839684 0.938086
vt 0.839881 0.938469
vt 0.839805 0.938086
vt 0.840019 0.938469
vt 0.839900 0.938086
vt 0.940230 0.936827
vt 0.940335 0.936828
vt 0.940198 0.937212
vt 0.940126 0.937211
vt 0.940075 0.936827
vt 0.940019 0.937211
vt 0.939893 0.936827
vt 0.939893 0.937211
vt 0.939628 0.936154
vt 0.939893 0.936153
vt 0.939629 0.935853
vt 0.939893 0.935853
vt 0.939653 0.935593
vt 0.939894 0.935593
vt 0.089886 0.990798
vt 0.911997 0.463140
vt 0.912238 0.463139
vt 0.939404 0.936155
vt 0.939406 0.935854
vt 0.939450 0.935594
vt 0.911793 0.463140
vt 0.559000 0.955484
vt 0.558752 0.955496
vt 0.559000 0.955783
vt 0.558752 0.955795
vt 0.559012 0.956048
vt 0.558786 0.956059
vt 0.915334 0.431396
vt 0.915108 0.431407
vt 0.559270 0.955484
vt 0.559269 0.955783
vt 0.559258 0.956048
vt 0.915580 0.431396
vt 0.559521 0.955496
vt 0.559519 0.955795
vt 0.559486 0.956059
vt 0.915808 0.431407
vt 0.856375 0.955303
vt 0.856118 0.955303
vt 0.856376 0.955604
vt 0.856120 0.955604
vt 0.856384 0.955864
vt 0.856150 0.955864
vt 0.780974 0.917015
vt 0.781208 0.917015
vt 0.856644 0.955303
vt 0.856645 0.955604
vt 0.856629 0.955864
vt 0.780729 0.917015
vt 0.856885 0.955303
vt 0.856885 0.955604
vt 0.856848 0.955864
vt 0.780510 0.917015
vt 0.839225 0.939142
vt 0.839044 0.939142
vt 0.839227 0.939443
vt 0.839046 0.939443
vt 0.839263 0.939703
vt 0.839098 0.939703
vt 0.910100 0.530701
vt 0.910265 0.530701
vt 0.839469 0.939142
vt 0.839470 0.939443
vt 0.839485 0.939703
vt 0.909878 0.530701
vt 0.839739 0.939142
vt 0.839739 0.939443
vt 0.839731 0.939703
vt 0.909633 0.530701
vt 0.839993 0.939142
vt 0.839993 0.939443
vt 0.839962 0.939703
vt 0.909401 0.530701
vt 0.840194 0.939142
vt 0.840193 0.939443
vt 0.840144 0.939703
vt 0.909219 0.530701
vt 0.940383 0.936154
vt 0.940535 0.936154
vt 0.940383 0.935853
vt 0.940534 0.935854
vt 0.940341 0.935593
vt 0.940479 0.935594
vt 0.912684 0.463140
vt 0.912822 0.463140
vt 0.940158 0.936153
vt 0.940158 0.935853
vt 0.940135 0.935593
vt 0.912479 0.463139
vt 0.990543 0.542286
vt 0.940310 0.626581
vt 0.940378 0.626581
vt 0.940373 0.629014
vt 0.940286 0.629014
vt 0.940251 0.626581
vt 0.940212 0.629015
vt 0.947865 0.478573
vt 0.947801 0.478576
vt 0.947779 0.476153
vt 0.947860 0.476149
vt 0.947935 0.478573
vt 0.947949 0.476149
vt 0.948001 0.478576
vt 0.948032 0.476153
vt 0.630763 0.813885
vt 0.630830 0.813885
vt 0.630859 0.816319
vt 0.630775 0.816319
vt 0.630693 0.813885
vt 0.630686 0.816319
vt 0.630631 0.813885
vt 0.630606 0.816319
vt 0.939460 0.845534
vt 0.939412 0.845534
vt 0.939368 0.843100
vt 0.939427 0.843100
vt 0.939523 0.845534
vt 0.939508 0.843100
vt 0.939593 0.845534
vt 0.939597 0.843100
vt 0.939659 0.845534
vt 0.939681 0.843100
vt 0.939711 0.845534
vt 0.939747 0.843100
vt 0.940506 0.626581
vt 0.940545 0.626581
vt 0.940585 0.629015
vt 0.940535 0.629015
vt 0.940447 0.626581
vt 0.940461 0.629014
vt 0.973085 0.724215
vt 0.973085 0.724128
vt 0.973236 0.724097
vt 0.973236 0.724216
vt 0.964761 0.052949
vt 0.964885 0.052949
vt 0.964857 0.053095
vt 0.964761 0.053095
vt 0.973085 0.724376
vt 0.973085 0.724303
vt 0.973237 0.724335
vt 0.973237 0.724436
vt 0.972598 0.896276
vt 0.972598 0.896210
vt 0.972750 0.896252
vt 0.972750 0.896342
vt 0.973085 0.724054
vt 0.973237 0.723996
vt 0.973085 0.724004
vt 0.973237 0.723928
vt 0.972598 0.896037
vt 0.972598 0.895956
vt 0.972750 0.895907
vt 0.972750 0.896017
vt 0.972598 0.896126
vt 0.972750 0.896138
vt 0.981201 0.333569
vt 0.981201 0.333658
vt 0.981049 0.333668
vt 0.981049 0.333547
vt 0.972598 0.895896
vt 0.972750 0.895825
vt 0.981201 0.333489
vt 0.981049 0.333439
vt 0.475641 0.979856
vt 0.475641 0.979945
vt 0.475481 0.979962
vt 0.475481 0.979841
vt 0.981201 0.333742
vt 0.981049 0.333783
vt 0.964532 0.052950
vt 0.964637 0.052949
vt 0.964665 0.053095
vt 0.964584 0.053095
vt 0.629530 0.969024
vt 0.629414 0.969029
vt 0.629456 0.968892
vt 0.629546 0.968888
vt 0.629774 0.969029
vt 0.629657 0.969024
vt 0.629644 0.968888
vt 0.629735 0.968892
vt 0.458616 0.968783
vt 0.458736 0.968783
vt 0.458701 0.968928
vt 0.458607 0.968928
vt 0.458377 0.968783
vt 0.458490 0.968783
vt 0.458510 0.968928
vt 0.458423 0.968928
vt 0.963749 0.034562
vt 0.963664 0.034562
vt 0.963727 0.034417
vt 0.963793 0.034417
vt 0.963990 0.034562
vt 0.963863 0.034562
vt 0.963881 0.034417
vt 0.963979 0.034417
vt 0.964109 0.034562
vt 0.964071 0.034417
vt 0.964991 0.052949
vt 0.965062 0.052950
vt 0.964994 0.053095
vt 0.964939 0.053095
vt 0.964203 0.034562
vt 0.964144 0.034417
vt 0.475645 0.980027
vt 0.475486 0.980074
vt 0.964581 0.052600
vt 0.964761 0.052600
vt 0.964582 0.052445
vt 0.964761 0.052444
vt 0.964599 0.052311
vt 0.964761 0.052311
vt 0.540396 0.988120
vt 0.973447 0.724380
vt 0.973446 0.724218
vt 0.964429 0.052601
vt 0.964431 0.052445
vt 0.964461 0.052311
vt 0.973447 0.724518
vt 0.629499 0.969355
vt 0.629330 0.969363
vt 0.629499 0.969509
vt 0.629331 0.969517
vt 0.629508 0.969647
vt 0.629355 0.969654
vt 0.475259 0.979986
vt 0.475266 0.980138
vt 0.629682 0.969355
vt 0.629682 0.969509
vt 0.629674 0.969647
vt 0.475259 0.979820
vt 0.629853 0.969363
vt 0.629851 0.969517
vt 0.629828 0.969654
vt 0.475266 0.979666
vt 0.475486 0.979728
vt 0.458632 0.968435
vt 0.458807 0.968435
vt 0.458631 0.968280
vt 0.458805 0.968279
vt 0.458626 0.968146
vt 0.458784 0.968145
vt 0.980838 0.333681
vt 0.980838 0.333839
vt 0.458449 0.968435
vt 0.458449 0.968280
vt 0.458460 0.968146
vt 0.980838 0.333516
vt 0.458285 0.968435
vt 0.458286 0.968279
vt 0.458313 0.968145
vt 0.980838 0.333368
vt 0.963662 0.034911
vt 0.963539 0.034911
vt 0.963664 0.035066
vt 0.963541 0.035066
vt 0.963690 0.035200
vt 0.963578 0.035200
vt 0.972961 0.895838
vt 0.972961 0.895727
vt 0.963828 0.034911
vt 0.963829 0.035066
vt 0.963840 0.035200
vt 0.972961 0.895988
vt 0.964012 0.034911
vt 0.964012 0.035066
vt 0.964006 0.035200
vt 0.972961 0.896154
vt 0.964185 0.034911
vt 0.964184 0.035066
vt 0.964162 0.035200
vt 0.972961 0.896311
vt 0.964321 0.034911
vt 0.964319 0.035066
vt 0.964285 0.035200
vt 0.972961 0.896434
vt 0.965095 0.052600
vt 0.965198 0.052601
vt 0.965093 0.052445
vt 0.965196 0.052445
vt 0.965063 0.052311
vt 0.965156 0.052311
vt 0.973447 0.723916
vt 0.973447 0.723823
vt 0.964941 0.052600
vt 0.964941 0.052444
vt 0.964925 0.052311
vt 0.973446 0.724054
vt 0.475645 0.979774
vt 0.090562 0.958436
vt 0.090520 0.958556
vt 0.090230 0.958505
vt 0.090290 0.958334
vt 0.090562 0.958799
vt 0.090641 0.958884
vt 0.090402 0.958971
vt 0.090290 0.958850
vt 0.914696 0.241631
vt 0.914595 0.241617
vt 0.914635 0.241249
vt 0.914778 0.241269
vt 0.914471 0.241615
vt 0.914459 0.241246
vt 0.914344 0.241627
vt 0.914279 0.241263
vt 0.914233 0.241650
vt 0.914122 0.241295
vt 0.914155 0.241681
vt 0.914011 0.241339
vt 0.347565 0.914455
vt 0.347454 0.914435
vt 0.347479 0.914064
vt 0.347637 0.914093
vt 0.347327 0.914434
vt 0.347299 0.914063
vt 0.347203 0.914454
vt 0.347124 0.914090
vt 0.008264 0.912246
vt 0.008146 0.912245
vt 0.008176 0.911898
vt 0.008343 0.911899
vt 0.008018 0.912245
vt 0.007994 0.911898
vt 0.007899 0.912245
vt 0.007825 0.911898
vt 0.090641 0.958341
vt 0.090401 0.958200
vt 0.906487 0.956781
vt 0.906384 0.956713
vt 0.906318 0.956617
vt 0.906300 0.956508
vt 0.906332 0.956401
vt 0.906408 0.956314
vt 0.906518 0.956259
vt 0.906645 0.956245
vt 0.906769 0.956274
vt 0.906872 0.956342
vt 0.906937 0.956438
vt 0.906956 0.956548
vt 0.906924 0.956654
vt 0.906848 0.956742
vt 0.906738 0.956796
vt 0.906611 0.956810
vt 0.988084 0.935593
vt 0.090520 0.958683
vt 0.090230 0.958686
vt 0.982689 0.692472
vt 0.982689 0.692402
vt 0.982713 0.692339
vt 0.982756 0.692292
vt 0.982812 0.692268
vt 0.982873 0.692272
vt 0.982929 0.692302
vt 0.982972 0.692353
vt 0.982995 0.692420
vt 0.982995 0.692489
vt 0.982972 0.692553
vt 0.982929 0.692600
vt 0.982873 0.692623
vt 0.982812 0.692620
vt 0.982756 0.692590
vt 0.982713 0.692538
vt 0.922191 0.868979
vt 0.922287 0.868971
vt 0.922216 0.872302
vt 0.922090 0.872313
vt 0.007933 0.916154
vt 0.007863 0.916154
vt 0.007807 0.912246
vt 0.008024 0.916154
vt 0.008122 0.916154
vt 0.008212 0.916154
vt 0.347541 0.918049
vt 0.347446 0.918063
vt 0.347638 0.918049
vt 0.347723 0.918065
vt 0.914523 0.245428
vt 0.914463 0.245451
vt 0.914608 0.245410
vt 0.914705 0.245401
vt 0.914799 0.245403
vt 0.914876 0.245413
vt 0.922464 0.869011
vt 0.922518 0.869053
vt 0.922518 0.872409
vt 0.922447 0.872354
vt 0.922383 0.868982
vt 0.922341 0.872316
vt 0.374199 0.939909
vt 0.374329 0.939811
vt 0.374506 0.940174
vt 0.374416 0.940241
vt 0.008223 0.949003
vt 0.008050 0.949003
vt 0.008131 0.948621
vt 0.008250 0.948621
vt 0.008408 0.949003
vt 0.008378 0.948621
vt 0.008579 0.949004
vt 0.008496 0.948622
vt 0.316701 0.955937
vt 0.316521 0.955955
vt 0.316582 0.955656
vt 0.316706 0.955643
vt 0.316885 0.955948
vt 0.316833 0.955651
vt 0.906664 0.955924
vt 0.906844 0.955966
vt 0.906480 0.955944
vt 0.906320 0.956023
vt 0.229907 0.937183
vt 0.229722 0.937192
vt 0.229760 0.936857
vt 0.229887 0.936851
vt 0.230086 0.937192
vt 0.230010 0.936857
vt 0.230232 0.937219
vt 0.230111 0.936875
vt 0.374839 0.939700
vt 0.374962 0.939742
vt 0.374942 0.940126
vt 0.374857 0.940097
vt 0.374676 0.939698
vt 0.374745 0.940096
vt 0.374497 0.939737
vt 0.374621 0.940123
vt 0.374042 0.939188
vt 0.374286 0.939081
vt 0.373964 0.938942
vt 0.374207 0.938835
vt 0.373927 0.938748
vt 0.374148 0.938650
vt 0.988572 0.784690
vt 0.089967 0.958214
vt 0.089886 0.958444
vt 0.373853 0.939330
vt 0.007931 0.949674
vt 0.007932 0.949975
vt 0.007738 0.949976
vt 0.007737 0.949676
vt 0.007964 0.950236
vt 0.007787 0.950237
vt 0.090118 0.958032
vt 0.008182 0.949674
vt 0.008182 0.949975
vt 0.008192 0.950235
vt 0.007966 0.911487
vt 0.007737 0.911487
vt 0.008452 0.949674
vt 0.008451 0.949975
vt 0.008438 0.950236
vt 0.008211 0.911487
vt 0.008700 0.949676
vt 0.008699 0.949976
vt 0.008664 0.950237
vt 0.008437 0.911488
vt 0.316693 0.956469
vt 0.316431 0.956496
vt 0.316695 0.956746
vt 0.316433 0.956773
vt 0.316699 0.957009
vt 0.316460 0.957033
vt 0.347266 0.913623
vt 0.347029 0.913660
vt 0.316960 0.956485
vt 0.316961 0.956762
vt 0.316942 0.957023
vt 0.347510 0.913624
vt 0.906694 0.955397
vt 0.906956 0.955459
vt 0.317192 0.956540
vt 0.317192 0.956816
vt 0.317152 0.957073
vt 0.347723 0.913662
vt 0.906427 0.955426
vt 0.229435 0.937828
vt 0.229443 0.938119
vt 0.229276 0.938177
vt 0.229268 0.937886
vt 0.229488 0.938381
vt 0.229336 0.938434
vt 0.913989 0.240875
vt 0.913839 0.240934
vt 0.229671 0.937789
vt 0.229560 0.937219
vt 0.229678 0.938080
vt 0.229702 0.938346
vt 0.914202 0.240831
vt 0.229939 0.937776
vt 0.229945 0.938067
vt 0.229946 0.938334
vt 0.914445 0.240808
vt 0.230199 0.937789
vt 0.230205 0.938080
vt 0.230183 0.938346
vt 0.914682 0.240811
vt 0.230411 0.937828
vt 0.230416 0.938119
vt 0.230376 0.938381
vt 0.914876 0.240839
vt 0.374784 0.939026
vt 0.374962 0.939088
vt 0.374704 0.938780
vt 0.374882 0.938841
vt 0.230548 0.938177
vt 0.230496 0.938434
vt 0.089967 0.958910
vt 0.090118 0.959074
vt 0.374546 0.939024
vt 0.374467 0.938778
vt 0.677863 0.984606
vt 0.677696 0.984535
vt 0.677696 0.984299
vt 0.677863 0.984348
vt 0.089886 0.958689
vt 0.374385 0.938598
vt 0.971233 0.986429
vt 0.939467 0.952692
vt 0.939536 0.952686
vt 0.939492 0.954760
vt 0.939404 0.954767
vt 0.112927 0.942766
vt 0.112876 0.942766
vt 0.112841 0.940333
vt 0.112906 0.940332
vt 0.112992 0.942766
vt 0.112988 0.940332
vt 0.113062 0.942766
vt 0.113077 0.940332
vt 0.113127 0.942766
vt 0.113159 0.940333
vt 0.677817 0.952548
vt 0.677749 0.952555
vt 0.677696 0.950303
vt 0.677782 0.950294
vt 0.677886 0.952551
vt 0.677870 0.950298
vt 0.677947 0.952565
vt 0.677947 0.950315
vt 0.941681 0.365534
vt 0.941725 0.365521
vt 0.941725 0.367876
vt 0.941670 0.367893
vt 0.941620 0.365541
vt 0.941591 0.367903
vt 0.941550 0.365542
vt 0.941503 0.367903
vt 0.941483 0.365536
vt 0.941417 0.367895
vt 0.941428 0.365523
vt 0.941348 0.367880
vt 0.939663 0.952715
vt 0.939702 0.952745
vt 0.939702 0.954834
vt 0.939653 0.954796
vt 0.939605 0.952694
vt 0.939579 0.954770
vt 0.540745 0.972281
vt 0.540745 0.972370
vt 0.540599 0.972376
vt 0.540599 0.972255
vt 0.008243 0.966124
vt 0.008243 0.965999
vt 0.008404 0.966011
vt 0.008404 0.966108
vt 0.540829 0.972131
vt 0.540774 0.972198
vt 0.540639 0.972142
vt 0.540713 0.972052
vt 0.113260 0.974990
vt 0.113247 0.975060
vt 0.113081 0.975026
vt 0.113098 0.974931
vt 0.540774 0.972450
vt 0.540639 0.972485
vt 0.540829 0.972509
vt 0.540713 0.972566
vt 0.113247 0.975234
vt 0.113260 0.975312
vt 0.113098 0.975369
vt 0.113081 0.975263
vt 0.113242 0.975146
vt 0.113074 0.975143
vt 0.856528 0.971626
vt 0.856528 0.971714
vt 0.856356 0.971728
vt 0.856356 0.971608
vt 0.856567 0.971494
vt 0.856542 0.971549
vt 0.856375 0.971503
vt 0.856409 0.971429
vt 0.982745 0.152628
vt 0.982656 0.152628
vt 0.982642 0.152475
vt 0.982763 0.152475
vt 0.856542 0.971800
vt 0.856375 0.971845
vt 0.008314 0.966347
vt 0.008268 0.966246
vt 0.008423 0.966202
vt 0.008459 0.966280
vt 0.399617 0.966736
vt 0.399499 0.966736
vt 0.399539 0.966592
vt 0.399630 0.966592
vt 0.399859 0.966737
vt 0.399743 0.966736
vt 0.399728 0.966592
vt 0.399818 0.966592
vt 0.971315 0.952771
vt 0.971392 0.952686
vt 0.971500 0.952736
vt 0.971440 0.952801
vt 0.971273 0.953011
vt 0.971273 0.952885
vt 0.971407 0.952890
vt 0.971407 0.952987
vt 0.971315 0.953129
vt 0.971440 0.953079
vt 0.820005 0.965566
vt 0.820005 0.965692
vt 0.819884 0.965666
vt 0.819884 0.965569
vt 0.971392 0.953223
vt 0.971500 0.953151
vt 0.820018 0.965445
vt 0.819894 0.965475
vt 0.008267 0.965890
vt 0.008313 0.965814
vt 0.008459 0.965869
vt 0.008423 0.965927
vt 0.820041 0.965347
vt 0.819912 0.965399
vt 0.982574 0.152628
vt 0.982529 0.152475
vt 0.007905 0.966337
vt 0.007869 0.966160
vt 0.007773 0.966349
vt 0.007737 0.966172
vt 0.980345 0.431396
vt 0.980436 0.431447
vt 0.980355 0.431591
vt 0.980256 0.431555
vt 0.963506 0.510504
vt 0.540451 0.972064
vt 0.540396 0.972220
vt 0.007972 0.966484
vt 0.399419 0.967084
vt 0.399420 0.967240
vt 0.399289 0.967240
vt 0.399287 0.967085
vt 0.399443 0.967374
vt 0.399323 0.967375
vt 0.540552 0.971941
vt 0.399590 0.967084
vt 0.399590 0.967239
vt 0.399597 0.967374
vt 0.982622 0.152264
vt 0.982467 0.152264
vt 0.399773 0.967084
vt 0.399772 0.967240
vt 0.399763 0.967374
vt 0.982788 0.152264
vt 0.399942 0.967085
vt 0.399940 0.967240
vt 0.399916 0.967375
vt 0.856144 0.971908
vt 0.856409 0.971941
vt 0.856191 0.972039
vt 0.906467 0.972285
vt 0.906477 0.972547
vt 0.906300 0.972575
vt 0.906345 0.972304
vt 0.906486 0.972690
vt 0.906310 0.972718
vt 0.906497 0.972830
vt 0.906337 0.972855
vt 0.856118 0.971748
vt 0.970974 0.952880
vt 0.971035 0.952714
vt 0.906659 0.972547
vt 0.906667 0.972690
vt 0.906661 0.972830
vt 0.856118 0.971584
vt 0.970974 0.953063
vt 0.906818 0.972575
vt 0.906826 0.972718
vt 0.906805 0.972855
vt 0.856144 0.971440
vt 0.971035 0.953235
vt 0.820323 0.965906
vt 0.820473 0.965909
vt 0.820507 0.966024
vt 0.820357 0.966022
vt 0.820612 0.965885
vt 0.820642 0.965989
vt 0.856191 0.971339
vt 0.971147 0.953371
vt 0.820305 0.965745
vt 0.820455 0.965748
vt 0.820596 0.965739
vt 0.112850 0.975304
vt 0.112874 0.975448
vt 0.820305 0.965562
vt 0.820455 0.965567
vt 0.820595 0.965574
vt 0.112841 0.975139
vt 0.820323 0.965386
vt 0.820473 0.965391
vt 0.820612 0.965415
vt 0.112850 0.974979
vt 0.820357 0.965243
vt 0.820507 0.965249
vt 0.820642 0.965286
vt 0.112874 0.974849
vt 0.007905 0.965821
vt 0.007972 0.965711
vt 0.007773 0.965835
vt 0.007839 0.965726
vt 0.980256 0.431906
vt 0.980355 0.431910
vt 0.980436 0.432037
vt 0.980345 0.432046
vt 0.540451 0.972534
vt 0.540553 0.972645
vt 0.007869 0.965979
vt 0.007737 0.965992
vt 0.980225 0.431734
vt 0.980327 0.431753
vt 0.540396 0.972385
vt 0.856567 0.971870
vt 0.736081 0.913361
vt 0.735955 0.913358
vt 0.735931 0.912990
vt 0.736110 0.912995
vt 0.589125 0.911686
vt 0.589040 0.911649
vt 0.589098 0.911287
vt 0.589219 0.911340
vt 0.588924 0.911631
vt 0.588934 0.911262
vt 0.588797 0.911636
vt 0.588753 0.911268
vt 0.588676 0.911662
vt 0.588582 0.911306
vt 0.588581 0.911707
vt 0.588447 0.911368
vt 0.918971 0.752029
vt 0.918845 0.752043
vt 0.918841 0.751809
vt 0.919019 0.751790
vt 0.273851 0.917873
vt 0.273934 0.917944
vt 0.273827 0.918266
vt 0.273710 0.918165
vt 0.274047 0.917990
vt 0.273989 0.918331
vt 0.274175 0.918003
vt 0.274170 0.918349
vt 0.274297 0.917981
vt 0.274343 0.918319
vt 0.917636 0.136039
vt 0.917764 0.136045
vt 0.917777 0.136376
vt 0.917595 0.136368
vt 0.917882 0.136055
vt 0.917944 0.136391
vt 0.736190 0.913389
vt 0.736265 0.913034
vt 0.890324 0.955685
vt 0.890213 0.955630
vt 0.890136 0.955541
vt 0.890104 0.955434
vt 0.890121 0.955323
vt 0.890186 0.955226
vt 0.890289 0.955157
vt 0.890413 0.955127
vt 0.890539 0.955141
vt 0.890650 0.955196
vt 0.890727 0.955284
vt 0.890759 0.955392
vt 0.890742 0.955503
vt 0.890677 0.955600
vt 0.890574 0.955669
vt 0.890450 0.955698
vt 0.986989 0.816245
vt 0.735830 0.913379
vt 0.735754 0.913019
vt 0.955220 0.818247
vt 0.955193 0.818203
vt 0.955193 0.818155
vt 0.955220 0.818110
vt 0.955269 0.818075
vt 0.955334 0.818055
vt 0.955404 0.818053
vt 0.955469 0.818071
vt 0.955519 0.818104
vt 0.955546 0.818147
vt 0.955546 0.818195
vt 0.955519 0.818240
vt 0.955469 0.818275
vt 0.955404 0.818295
vt 0.955334 0.818297
vt 0.955269 0.818280
vt 0.736270 0.916801
vt 0.736173 0.916798
vt 0.736353 0.916822
vt 0.917928 0.132168
vt 0.918018 0.132176
vt 0.917830 0.132163
vt 0.917739 0.132162
vt 0.917517 0.136038
vt 0.274300 0.915093
vt 0.274397 0.915103
vt 0.918804 0.755404
vt 0.918722 0.755378
vt 0.918612 0.751999
vt 0.918719 0.752033
vt 0.918900 0.755412
vt 0.918996 0.755402
vt 0.919077 0.755374
vt 0.919077 0.751993
vt 0.589080 0.915153
vt 0.588988 0.915173
vt 0.589178 0.915149
vt 0.589266 0.915163
vt 0.589331 0.915191
vt 0.736078 0.916814
vt 0.735999 0.916846
vt 0.735727 0.913421
vt 0.735607 0.913079
vt 0.874010 0.938559
vt 0.874140 0.938571
vt 0.874017 0.938961
vt 0.873927 0.938952
vt 0.873839 0.938552
vt 0.873809 0.938947
vt 0.873653 0.938552
vt 0.873681 0.938947
vt 0.873481 0.938559
vt 0.873562 0.938952
vt 0.873348 0.938572
vt 0.873470 0.938961
vt 0.495127 0.949046
vt 0.495281 0.949097
vt 0.495178 0.949482
vt 0.495072 0.949448
vt 0.494945 0.949029
vt 0.494946 0.949435
vt 0.494763 0.949046
vt 0.494820 0.949448
vt 0.494608 0.949097
vt 0.494714 0.949482
vt 0.136700 0.948447
vt 0.136524 0.948479
vt 0.136583 0.948191
vt 0.136705 0.948169
vt 0.136885 0.948447
vt 0.136832 0.948169
vt 0.137051 0.948479
vt 0.136947 0.948191
vt 0.890124 0.955915
vt 0.890013 0.955788
vt 0.890285 0.955995
vt 0.890469 0.956015
vt 0.890648 0.955972
vt 0.890759 0.956470
vt 0.890498 0.956533
vt 0.962579 0.105022
vt 0.962842 0.105024
vt 0.962816 0.105289
vt 0.962553 0.105287
vt 0.963096 0.105048
vt 0.963073 0.105290
vt 0.986708 0.986429
vt 0.736144 0.912560
vt 0.735902 0.912553
vt 0.874131 0.937871
vt 0.874320 0.937890
vt 0.962652 0.104797
vt 0.962915 0.104800
vt 0.963163 0.104844
vt 0.736353 0.912613
vt 0.873883 0.937861
vt 0.873882 0.937562
vt 0.874130 0.937572
vt 0.873870 0.937309
vt 0.874096 0.937318
vt 0.917792 0.136770
vt 0.918018 0.136789
vt 0.873613 0.937861
vt 0.873613 0.937562
vt 0.873624 0.937309
vt 0.917547 0.136758
vt 0.873362 0.937871
vt 0.873363 0.937572
vt 0.873396 0.937318
vt 0.274164 0.918760
vt 0.274397 0.918719
vt 0.873169 0.937890
vt 0.974461 0.087519
vt 0.974243 0.087553
vt 0.974207 0.087286
vt 0.974425 0.087252
vt 0.974013 0.087575
vt 0.973980 0.087332
vt 0.273919 0.918735
vt 0.495208 0.948362
vt 0.495432 0.948436
vt 0.495206 0.948101
vt 0.495430 0.948174
vt 0.974206 0.087808
vt 0.973979 0.087808
vt 0.273701 0.918648
vt 0.494943 0.948336
vt 0.494942 0.948075
vt 0.494941 0.947878
vt 0.495182 0.947901
vt 0.273543 0.918512
vt 0.494678 0.948362
vt 0.494678 0.948101
vt 0.494700 0.947901
vt 0.919077 0.751506
vt 0.918836 0.751532
vt 0.494453 0.948436
vt 0.494454 0.948174
vt 0.136454 0.949269
vt 0.136493 0.949524
vt 0.136307 0.949601
vt 0.136250 0.949354
vt 0.588470 0.910883
vt 0.588288 0.910967
vt 0.136698 0.948953
vt 0.136442 0.948999
vt 0.136709 0.949223
vt 0.136726 0.949482
vt 0.588702 0.910832
vt 0.136967 0.948953
vt 0.136977 0.949223
vt 0.136971 0.949482
vt 0.588946 0.910823
vt 0.137208 0.948999
vt 0.137218 0.949269
vt 0.137190 0.949524
vt 0.589167 0.910857
vt 0.889998 0.956388
vt 0.889835 0.956202
vt 0.137385 0.949085
vt 0.137394 0.949354
vt 0.137351 0.949601
vt 0.589331 0.910928
vt 0.890231 0.956504
vt 0.962579 0.105552
vt 0.962842 0.105553
vt 0.962915 0.105776
vt 0.962652 0.105776
vt 0.963096 0.105531
vt 0.963163 0.105735
vt 0.735663 0.912593
vt 0.735465 0.912674
vt 0.986974 0.952686
vt 0.458505 0.952652
vt 0.458436 0.952645
vt 0.458446 0.950499
vt 0.458534 0.950507
vt 0.458564 0.952671
vt 0.458608 0.950532
vt 0.947972 0.034417
vt 0.948036 0.034419
vt 0.948065 0.036836
vt 0.947983 0.036833
vt 0.947902 0.034417
vt 0.947894 0.036833
vt 0.947836 0.034419
vt 0.947811 0.036836
vt 0.955248 0.816247
vt 0.955337 0.816245
vt 0.922653 0.952485
vt 0.922711 0.952504
vt 0.922753 0.954609
vt 0.922679 0.954585
vt 0.922584 0.952478
vt 0.922592 0.954576
vt 0.922516 0.952485
vt 0.922504 0.954585
vt 0.922457 0.952504
vt 0.922430 0.954609
vt 0.951008 0.692312
vt 0.951075 0.692303
vt 0.951075 0.694498
vt 0.950990 0.694509
vt 0.950938 0.692308
vt 0.950901 0.694504
vt 0.950876 0.692293
vt 0.950822 0.694485
vt 0.950831 0.692268
vt 0.950766 0.694454
vt 0.458367 0.952652
vt 0.458309 0.952671
vt 0.458285 0.950532
vt 0.458359 0.950507
vt 0.973742 0.365823
vt 0.973751 0.365910
vt 0.973581 0.365941
vt 0.973570 0.365822
vt 0.191558 0.968578
vt 0.191558 0.968452
vt 0.191692 0.968458
vt 0.191692 0.968556
vt 0.973775 0.365661
vt 0.973751 0.365735
vt 0.973581 0.365703
vt 0.973614 0.365602
vt 0.970126 0.414464
vt 0.970103 0.414541
vt 0.969934 0.414510
vt 0.969964 0.414404
vt 0.973775 0.365984
vt 0.973614 0.366042
vt 0.970159 0.414408
vt 0.970009 0.414328
vt 0.970103 0.414715
vt 0.970126 0.414785
vt 0.969964 0.414842
vt 0.969934 0.414747
vt 0.970096 0.414630
vt 0.969923 0.414631
vt 0.974223 0.069522
vt 0.974211 0.069606
vt 0.974044 0.069614
vt 0.974061 0.069499
vt 0.970159 0.414828
vt 0.970009 0.414900
vt 0.974258 0.069454
vt 0.974108 0.069407
vt 0.982595 0.558264
vt 0.982684 0.558262
vt 0.982703 0.558405
vt 0.982582 0.558408
vt 0.974223 0.069694
vt 0.974061 0.069734
vt 0.191679 0.968790
vt 0.191601 0.968697
vt 0.191724 0.968648
vt 0.191785 0.968720
vt 0.056352 0.967109
vt 0.056468 0.967115
vt 0.056426 0.967265
vt 0.056336 0.967260
vt 0.056108 0.967111
vt 0.056225 0.967108
vt 0.056238 0.967259
vt 0.056147 0.967262
vt 0.056018 0.967119
vt 0.056077 0.967268
vt 0.962003 0.458689
vt 0.962125 0.458666
vt 0.962143 0.458827
vt 0.962048 0.458845
vt 0.962236 0.458670
vt 0.962228 0.458830
vt 0.961887 0.458735
vt 0.961958 0.458880
vt 0.961742 0.458866
vt 0.961795 0.458797
vt 0.961888 0.458928
vt 0.961846 0.458982
vt 0.072971 0.966598
vt 0.072971 0.966724
vt 0.072874 0.966721
vt 0.072874 0.966623
vt 0.191601 0.968338
vt 0.191679 0.968253
vt 0.191785 0.968304
vt 0.191724 0.968370
vt 0.072993 0.966485
vt 0.072890 0.966535
vt 0.982766 0.558264
vt 0.982815 0.558408
vt 0.191325 0.968799
vt 0.191263 0.968627
vt 0.977251 0.315711
vt 0.977388 0.315712
vt 0.977371 0.315892
vt 0.977234 0.315891
vt 0.977524 0.315729
vt 0.977508 0.315892
vt 0.989732 0.069342
vt 0.973346 0.365659
vt 0.973330 0.365822
vt 0.191439 0.968935
vt 0.977301 0.315557
vt 0.977438 0.315560
vt 0.977569 0.315591
vt 0.973391 0.365520
vt 0.056385 0.966748
vt 0.056554 0.966756
vt 0.056386 0.966593
vt 0.056554 0.966602
vt 0.056378 0.966464
vt 0.056531 0.966472
vt 0.982731 0.558603
vt 0.982884 0.558606
vt 0.056201 0.966746
vt 0.056203 0.966592
vt 0.056212 0.966463
vt 0.982565 0.558606
vt 0.056031 0.966751
vt 0.056033 0.966597
vt 0.977849 0.458599
vt 0.977973 0.458572
vt 0.978037 0.458719
vt 0.977919 0.458761
vt 0.973835 0.069789
vt 0.974107 0.069841
vt 0.973899 0.069936
vt 0.055900 0.966763
vt 0.977710 0.458435
vt 0.977824 0.458418
vt 0.977735 0.458617
vt 0.977950 0.458407
vt 0.973813 0.069624
vt 0.962075 0.458294
vt 0.962236 0.458300
vt 0.962036 0.458166
vt 0.962196 0.458171
vt 0.977849 0.458245
vt 0.977973 0.458251
vt 0.973835 0.069467
vt 0.961897 0.458328
vt 0.961859 0.458199
vt 0.977919 0.458107
vt 0.978037 0.458125
vt 0.973899 0.069342
vt 0.961729 0.458395
vt 0.961692 0.458265
vt 0.961680 0.458167
vt 0.961832 0.458107
vt 0.969739 0.414920
vt 0.969801 0.415000
vt 0.961596 0.458485
vt 0.961560 0.458355
vt 0.073390 0.966897
vt 0.073525 0.966871
vt 0.073578 0.966997
vt 0.073447 0.967035
vt 0.969698 0.414791
vt 0.961519 0.458585
vt 0.073219 0.966730
vt 0.073358 0.966724
vt 0.073250 0.966904
vt 0.073497 0.966714
vt 0.969684 0.414631
vt 0.073219 0.966547
vt 0.073358 0.966542
vt 0.073497 0.966548
vt 0.969698 0.414467
vt 0.073250 0.966383
vt 0.073390 0.966379
vt 0.073525 0.966400
vt 0.969740 0.414321
vt 0.191325 0.968279
vt 0.191438 0.968155
vt 0.073308 0.966263
vt 0.073447 0.966259
vt 0.073578 0.966291
vt 0.969801 0.414218
vt 0.191263 0.968444
vt 0.977251 0.316071
vt 0.977388 0.316071
vt 0.977438 0.316222
vt 0.977301 0.316223
vt 0.977524 0.316055
vt 0.977569 0.316192
vt 0.973346 0.365984
vt 0.973391 0.366122
vt 0.974258 0.069773
vt 0.914793 0.038324
vt 0.914919 0.038323
vt 0.914918 0.038667
vt 0.914740 0.038667
vt 0.695414 0.913868
vt 0.695305 0.913839
vt 0.695333 0.913475
vt 0.695488 0.913516
vt 0.695178 0.913835
vt 0.695154 0.913469
vt 0.695054 0.913856
vt 0.694977 0.913499
vt 0.694950 0.913900
vt 0.694830 0.913561
vt 0.915109 0.268640
vt 0.915002 0.268639
vt 0.915054 0.268292
vt 0.915205 0.268294
vt 0.914876 0.268639
vt 0.914875 0.268291
vt 0.914751 0.268639
vt 0.914697 0.268292
vt 0.914644 0.268641
vt 0.914546 0.268293
vt 0.253708 0.960817
vt 0.253652 0.960924
vt 0.253338 0.960872
vt 0.253417 0.960721
vt 0.253633 0.961049
vt 0.253310 0.961051
vt 0.253652 0.961175
vt 0.253338 0.961229
vt 0.253708 0.961282
vt 0.253417 0.961381
vt 0.914686 0.038325
vt 0.914588 0.038669
vt 0.273592 0.968979
vt 0.273683 0.968889
vt 0.273801 0.968840
vt 0.273929 0.968840
vt 0.274048 0.968889
vt 0.274138 0.968979
vt 0.274187 0.969098
vt 0.274187 0.969226
vt 0.274138 0.969344
vt 0.274048 0.969435
vt 0.273929 0.969484
vt 0.273801 0.969484
vt 0.273683 0.969435
vt 0.273592 0.969344
vt 0.273543 0.969226
vt 0.273543 0.969098
vt 0.990344 0.526037
vt 0.915045 0.038324
vt 0.915097 0.038667
vt 0.982997 0.172850
vt 0.982945 0.172828
vt 0.982906 0.172782
vt 0.982885 0.172719
vt 0.982885 0.172649
vt 0.982906 0.172583
vt 0.982945 0.172530
vt 0.982997 0.172499
vt 0.983052 0.172494
vt 0.983104 0.172516
vt 0.983143 0.172562
vt 0.983164 0.172625
vt 0.983164 0.172695
vt 0.983143 0.172761
vt 0.983104 0.172814
vt 0.983052 0.172845
vt 0.914834 0.034417
vt 0.914930 0.034417
vt 0.914752 0.034418
vt 0.921127 0.396621
vt 0.921214 0.396630
vt 0.921214 0.400464
vt 0.921100 0.400452
vt 0.921029 0.396618
vt 0.920972 0.400448
vt 0.920936 0.396623
vt 0.920850 0.400454
vt 0.920861 0.396633
vt 0.920752 0.400467
vt 0.914791 0.272548
vt 0.914710 0.272549
vt 0.914887 0.272548
vt 0.914983 0.272548
vt 0.915065 0.272549
vt 0.695301 0.917236
vt 0.695222 0.917270
vt 0.695396 0.917220
vt 0.695493 0.917223
vt 0.695576 0.917245
vt 0.915026 0.034417
vt 0.915107 0.034418
vt 0.915151 0.038325
vt 0.915248 0.038669
vt 0.939557 0.919734
vt 0.939712 0.919731
vt 0.939768 0.920117
vt 0.939661 0.920118
vt 0.948439 0.269123
vt 0.948604 0.269139
vt 0.948510 0.269536
vt 0.948396 0.269525
vt 0.948254 0.269120
vt 0.948268 0.269523
vt 0.948077 0.269129
vt 0.948146 0.269530
vt 0.947934 0.269150
vt 0.948048 0.269544
vt 0.712788 0.939747
vt 0.712634 0.939749
vt 0.712737 0.939367
vt 0.712844 0.939366
vt 0.712970 0.939747
vt 0.712969 0.939366
vt 0.713152 0.939748
vt 0.713095 0.939366
vt 0.713307 0.939749
vt 0.713202 0.939367
vt 0.713411 0.939751
vt 0.713273 0.939369
vt 0.540888 0.955393
vt 0.540706 0.955411
vt 0.540765 0.955152
vt 0.540890 0.955139
vt 0.541070 0.955411
vt 0.541016 0.955152
vt 0.940230 0.919731
vt 0.940333 0.919733
vt 0.940196 0.920118
vt 0.940125 0.920117
vt 0.940076 0.919730
vt 0.940019 0.920116
vt 0.939894 0.919730
vt 0.939894 0.920116
vt 0.939630 0.919056
vt 0.939895 0.919054
vt 0.939630 0.918755
vt 0.939895 0.918753
vt 0.939653 0.918496
vt 0.939894 0.918494
vt 0.434074 0.991594
vt 0.914677 0.039075
vt 0.914918 0.039074
vt 0.939404 0.919059
vt 0.939406 0.918758
vt 0.939448 0.918499
vt 0.914472 0.039077
vt 0.948501 0.268425
vt 0.948741 0.268448
vt 0.948502 0.268129
vt 0.948741 0.268152
vt 0.948486 0.267884
vt 0.948704 0.267905
vt 0.252965 0.961294
vt 0.253073 0.961499
vt 0.948232 0.268420
vt 0.948234 0.268124
vt 0.948241 0.267879
vt 0.252927 0.961052
vt 0.947975 0.268433
vt 0.947977 0.268138
vt 0.948007 0.267891
vt 0.252965 0.960811
vt 0.947768 0.268464
vt 0.947771 0.268168
vt 0.947819 0.267919
vt 0.253073 0.960608
vt 0.712707 0.940417
vt 0.712482 0.940419
vt 0.712708 0.940718
vt 0.712485 0.940720
vt 0.712732 0.940979
vt 0.712528 0.940981
vt 0.914633 0.267880
vt 0.914429 0.267882
vt 0.712971 0.940416
vt 0.712972 0.940717
vt 0.712973 0.940978
vt 0.914874 0.267879
vt 0.713237 0.940417
vt 0.713237 0.940718
vt 0.713214 0.940979
vt 0.915115 0.267880
vt 0.713461 0.940419
vt 0.713461 0.940720
vt 0.713419 0.940981
vt 0.915319 0.267882
vt 0.713612 0.940423
vt 0.540619 0.955886
vt 0.540619 0.956145
vt 0.540396 0.956222
vt 0.540396 0.955963
vt 0.540642 0.956397
vt 0.540438 0.956467
vt 0.694886 0.913075
vt 0.694688 0.913159
vt 0.540884 0.955859
vt 0.540883 0.956118
vt 0.540882 0.956372
vt 0.695124 0.913034
vt 0.541149 0.955886
vt 0.541147 0.956145
vt 0.541124 0.956397
vt 0.695367 0.913042
vt 0.940383 0.919056
vt 0.940532 0.919059
vt 0.541375 0.955963
vt 0.541372 0.956222
vt 0.541329 0.956467
vt 0.695576 0.913098
vt 0.940160 0.919054
vt 0.940159 0.918753
vt 0.940382 0.918755
vt 0.940135 0.918494
vt 0.940339 0.918496
vt 0.915159 0.039075
vt 0.915363 0.039077
vt 0.991815 0.593959
vt 0.089985 0.940124
vt 0.090054 0.940124
vt 0.090048 0.942557
vt 0.089960 0.942557
vt 0.089926 0.940125
vt 0.089886 0.942558
vt 0.945489 0.299237
vt 0.945551 0.299243
vt 0.945551 0.301630
vt 0.945472 0.301622
vt 0.945419 0.299235
vt 0.945383 0.301620
vt 0.945352 0.299238
vt 0.945298 0.301623
vt 0.945298 0.299245
vt 0.945230 0.301633
vt 0.802782 0.941937
vt 0.802723 0.941938
vt 0.802682 0.939504
vt 0.802756 0.939504
vt 0.802850 0.941937
vt 0.802844 0.939503
vt 0.802919 0.941937
vt 0.802931 0.939504
vt 0.802978 0.941938
vt 0.803005 0.939504
vt 0.273626 0.953346
vt 0.273568 0.953366
vt 0.273543 0.951261
vt 0.273617 0.951235
vt 0.273695 0.953339
vt 0.273704 0.951226
vt 0.273764 0.953346
vt 0.273792 0.951235
vt 0.273823 0.953366
vt 0.273866 0.951261
vt 0.090123 0.940124
vt 0.090181 0.940125
vt 0.090209 0.942558
vt 0.090135 0.942557
vt 0.979675 0.476450
vt 0.979675 0.476362
vt 0.979826 0.476331
vt 0.979826 0.476450
vt 0.964549 0.268519
vt 0.964673 0.268519
vt 0.964644 0.268665
vt 0.964548 0.268665
vt 0.979676 0.476611
vt 0.979675 0.476537
vt 0.979826 0.476569
vt 0.979827 0.476670
vt 0.712903 0.973345
vt 0.712894 0.973433
vt 0.712722 0.973432
vt 0.712734 0.973313
vt 0.979676 0.476288
vt 0.979827 0.476230
vt 0.712928 0.973271
vt 0.712768 0.973212
vt 0.979954 0.494189
vt 0.979954 0.494263
vt 0.979801 0.494232
vt 0.979802 0.494131
vt 0.712903 0.973520
vt 0.712734 0.973551
vt 0.712928 0.973593
vt 0.712768 0.973652
vt 0.979954 0.494438
vt 0.979954 0.494512
vt 0.979801 0.494571
vt 0.979801 0.494470
vt 0.979953 0.494351
vt 0.979800 0.494351
vt 0.803062 0.974490
vt 0.803076 0.974577
vt 0.802922 0.974610
vt 0.802903 0.974491
vt 0.803115 0.974329
vt 0.803076 0.974403
vt 0.802922 0.974372
vt 0.802974 0.974271
vt 0.964319 0.268521
vt 0.964424 0.268520
vt 0.964452 0.268666
vt 0.964370 0.268667
vt 0.735919 0.967026
vt 0.736031 0.967038
vt 0.735984 0.967190
vt 0.735897 0.967181
vt 0.735672 0.967029
vt 0.735793 0.967023
vt 0.735800 0.967179
vt 0.735706 0.967183
vt 0.735575 0.967042
vt 0.735631 0.967194
vt 0.588619 0.964906
vt 0.588495 0.964906
vt 0.588523 0.964762
vt 0.588619 0.964761
vt 0.588390 0.964907
vt 0.588442 0.964763
vt 0.588744 0.964906
vt 0.588715 0.964762
vt 0.588920 0.964909
vt 0.588849 0.964907
vt 0.588797 0.964763
vt 0.588851 0.964764
vt 0.694775 0.967825
vt 0.694787 0.967949
vt 0.694697 0.967920
vt 0.694688 0.967824
vt 0.964777 0.268519
vt 0.964847 0.268521
vt 0.964779 0.268667
vt 0.964725 0.268666
vt 0.694787 0.967701
vt 0.694697 0.967728
vt 0.803115 0.974652
vt 0.802974 0.974711
vt 0.964369 0.268169
vt 0.964549 0.268168
vt 0.964370 0.268013
vt 0.964549 0.268012
vt 0.964386 0.267880
vt 0.964549 0.267879
vt 0.989249 0.380995
vt 0.980035 0.476613
vt 0.980034 0.476450
vt 0.964216 0.268171
vt 0.964217 0.268016
vt 0.964247 0.267882
vt 0.980036 0.476751
vt 0.735963 0.966658
vt 0.736126 0.966675
vt 0.735964 0.966506
vt 0.736126 0.966522
vt 0.735954 0.966381
vt 0.736101 0.966397
vt 0.802708 0.974654
vt 0.802781 0.974793
vt 0.735780 0.966654
vt 0.735782 0.966501
vt 0.735788 0.966377
vt 0.802682 0.974491
vt 0.735605 0.966662
vt 0.735608 0.966510
vt 0.735630 0.966385
vt 0.802708 0.974329
vt 0.735465 0.966682
vt 0.735468 0.966529
vt 0.986361 0.868995
vt 0.986469 0.868971
vt 0.986469 0.869127
vt 0.986361 0.869166
vt 0.802781 0.974191
vt 0.588440 0.965253
vt 0.588288 0.965254
vt 0.588441 0.965408
vt 0.588290 0.965410
vt 0.588458 0.965543
vt 0.588320 0.965544
vt 0.979589 0.494515
vt 0.979590 0.494653
vt 0.588620 0.965252
vt 0.588621 0.965408
vt 0.588621 0.965542
vt 0.979588 0.494352
vt 0.588800 0.965253
vt 0.588800 0.965408
vt 0.588784 0.965543
vt 0.979589 0.494189
vt 0.588953 0.965254
vt 0.588952 0.965410
vt 0.588922 0.965544
vt 0.979590 0.494051
vt 0.589056 0.965257
vt 0.695017 0.968007
vt 0.695152 0.968007
vt 0.695204 0.968158
vt 0.695070 0.968159
vt 0.695287 0.967991
vt 0.695334 0.968128
vt 0.712499 0.973595
vt 0.712546 0.973732
vt 0.694999 0.967827
vt 0.695134 0.967828
vt 0.695270 0.967828
vt 0.712482 0.973432
vt 0.695017 0.967647
vt 0.695152 0.967648
vt 0.695287 0.967665
vt 0.712499 0.973269
vt 0.964881 0.268169
vt 0.964983 0.268171
vt 0.695070 0.967493
vt 0.695204 0.967496
vt 0.695334 0.967526
vt 0.712546 0.973131
vt 0.964729 0.268168
vt 0.964728 0.268012
vt 0.964880 0.268013
vt 0.964711 0.267879
vt 0.964849 0.267880
vt 0.980035 0.476287
vt 0.980036 0.476149
vt 0.961011 0.655644
vt 0.961059 0.655741
vt 0.960740 0.655812
vt 0.960671 0.655673
vt 0.173569 0.911628
vt 0.173445 0.911621
vt 0.173433 0.911251
vt 0.173608 0.911261
vt 0.173318 0.911635
vt 0.173253 0.911271
vt 0.173208 0.911670
vt 0.173096 0.911320
vt 0.173130 0.911719
vt 0.172986 0.911389
vt 0.677957 0.916961
vt 0.678061 0.917005
vt 0.677985 0.917362
vt 0.677837 0.917300
vt 0.678186 0.917026
vt 0.678162 0.917392
vt 0.678312 0.917021
vt 0.678342 0.917386
vt 0.678420 0.916992
vt 0.678496 0.917344
vt 0.917960 0.559621
vt 0.917855 0.559642
vt 0.917890 0.559328
vt 0.918039 0.559298
vt 0.917730 0.559655
vt 0.917712 0.559346
vt 0.961059 0.655282
vt 0.961011 0.655395
vt 0.960671 0.655320
vt 0.960740 0.655160
vt 0.960993 0.655522
vt 0.960646 0.655501
vt 0.056576 0.950987
vt 0.056462 0.950944
vt 0.056377 0.950865
vt 0.056335 0.950763
vt 0.056343 0.950652
vt 0.056399 0.950550
vt 0.056495 0.950473
vt 0.056615 0.950432
vt 0.056743 0.950433
vt 0.056858 0.950476
vt 0.056942 0.950555
vt 0.056984 0.950658
vt 0.056976 0.950768
vt 0.056920 0.950870
vt 0.056825 0.950947
vt 0.056704 0.950988
vt 0.988435 0.895727
vt 0.291796 0.921126
vt 0.291921 0.921144
vt 0.291965 0.921376
vt 0.291788 0.921351
vt 0.983094 0.576358
vt 0.983060 0.576309
vt 0.983042 0.576244
vt 0.983042 0.576174
vt 0.983060 0.576109
vt 0.983094 0.576059
vt 0.983138 0.576032
vt 0.983185 0.576031
vt 0.983229 0.576058
vt 0.983263 0.576107
vt 0.983281 0.576172
vt 0.983281 0.576242
vt 0.983263 0.576307
vt 0.983229 0.576357
vt 0.983185 0.576384
vt 0.983138 0.576385
vt 0.291826 0.917827
vt 0.291923 0.917821
vt 0.291670 0.921134
vt 0.291744 0.917852
vt 0.291561 0.921167
vt 0.917860 0.563454
vt 0.917778 0.563448
vt 0.917497 0.559649
vt 0.917604 0.559657
vt 0.917956 0.563453
vt 0.918052 0.563443
vt 0.918132 0.563427
vt 0.678502 0.913640
vt 0.678585 0.913617
vt 0.678405 0.913643
vt 0.678310 0.913627
vt 0.678230 0.913594
vt 0.173497 0.915192
vt 0.173437 0.915230
vt 0.173581 0.915166
vt 0.173678 0.915155
vt 0.173773 0.915161
vt 0.173850 0.915183
vt 0.173671 0.911657
vt 0.292018 0.917834
vt 0.173753 0.911302
vt 0.735617 0.950521
vt 0.735772 0.950468
vt 0.735828 0.950866
vt 0.735721 0.950903
vt 0.946771 0.106043
vt 0.946926 0.106065
vt 0.946821 0.106461
vt 0.946715 0.106446
vt 0.946589 0.106036
vt 0.946589 0.106441
vt 0.946407 0.106043
vt 0.946463 0.106446
vt 0.946252 0.106065
vt 0.946357 0.106461
vt 0.056746 0.950114
vt 0.056913 0.950177
vt 0.056562 0.950113
vt 0.056387 0.950172
vt 0.056248 0.950284
vt 0.056167 0.950432
vt 0.948324 0.052591
vt 0.948158 0.052622
vt 0.948266 0.052332
vt 0.948380 0.052311
vt 0.948509 0.052591
vt 0.948508 0.052311
vt 0.948685 0.052622
vt 0.948630 0.052332
vt 0.736136 0.950467
vt 0.736290 0.950521
vt 0.736185 0.950903
vt 0.736079 0.950866
vt 0.735954 0.950449
vt 0.735954 0.950853
vt 0.735690 0.949788
vt 0.735955 0.949761
vt 0.735690 0.949531
vt 0.735955 0.949504
vt 0.735713 0.949337
vt 0.735955 0.949313
vt 0.988294 0.626581
vt 0.960268 0.655708
vt 0.960362 0.655895
vt 0.735465 0.949866
vt 0.735466 0.949609
vt 0.136250 0.981597
vt 0.136481 0.981618
vt 0.136514 0.981851
vt 0.136286 0.981853
vt 0.960235 0.655476
vt 0.946854 0.105344
vt 0.947079 0.105375
vt 0.946853 0.105050
vt 0.947078 0.105081
vt 0.136286 0.981330
vt 0.136514 0.981375
vt 0.960268 0.655232
vt 0.946589 0.105333
vt 0.946589 0.105039
vt 0.946589 0.104797
vt 0.946830 0.104807
vt 0.960361 0.655015
vt 0.946324 0.105344
vt 0.946325 0.105050
vt 0.946348 0.104807
vt 0.917930 0.558955
vt 0.917691 0.558980
vt 0.946100 0.105375
vt 0.946101 0.105081
vt 0.946144 0.104836
vt 0.918132 0.558915
vt 0.056742 0.949591
vt 0.056984 0.949683
vt 0.963533 0.494806
vt 0.963792 0.494805
vt 0.963869 0.495028
vt 0.963610 0.495030
vt 0.964043 0.494781
vt 0.964114 0.494985
vt 0.678376 0.917818
vt 0.678585 0.917762
vt 0.056473 0.949589
vt 0.963506 0.494541
vt 0.963765 0.494541
vt 0.964019 0.494540
vt 0.678134 0.917827
vt 0.056219 0.949676
vt 0.963533 0.494276
vt 0.963792 0.494276
vt 0.964043 0.494299
vt 0.677895 0.917786
vt 0.056018 0.949839
vt 0.963610 0.494051
vt 0.963869 0.494052
vt 0.964114 0.494094
vt 0.677696 0.917703
vt 0.055900 0.950053
vt 0.947996 0.053146
vt 0.947985 0.053417
vt 0.947811 0.053500
vt 0.947822 0.053230
vt 0.948012 0.053672
vt 0.947853 0.053749
vt 0.172963 0.910905
vt 0.172814 0.910999
vt 0.948236 0.053101
vt 0.948224 0.053371
vt 0.948230 0.053631
vt 0.173175 0.910839
vt 0.948505 0.053101
vt 0.948493 0.053371
vt 0.948475 0.053631
vt 0.173418 0.910811
vt 0.948762 0.053146
vt 0.948749 0.053417
vt 0.948709 0.053672
vt 0.173655 0.910825
vt 0.736220 0.949788
vt 0.736444 0.949866
vt 0.736219 0.949531
vt 0.736442 0.949609
vt 0.948954 0.053500
vt 0.948896 0.053749
vt 0.173850 0.910880
vt 0.736195 0.949337
vt 0.291779 0.921617
vt 0.292018 0.921651
vt 0.646340 0.987535
vt 0.956197 0.920110
vt 0.956128 0.920118
vt 0.956094 0.918059
vt 0.956182 0.918049
vt 0.956255 0.920089
vt 0.956255 0.918022
vt 0.945739 0.007740
vt 0.945797 0.007748
vt 0.945830 0.010120
vt 0.945756 0.010110
vt 0.945670 0.007737
vt 0.945668 0.010106
vt 0.945601 0.007740
vt 0.945581 0.010110
vt 0.945543 0.007748
vt 0.945507 0.010120
vt 0.953155 0.398723
vt 0.953096 0.398743
vt 0.953060 0.396640
vt 0.953134 0.396615
vt 0.953223 0.398716
vt 0.953221 0.396606
vt 0.953292 0.398723
vt 0.953309 0.396615
vt 0.953351 0.398743
vt 0.953383 0.396640
vt 0.950799 0.132186
vt 0.950844 0.132162
vt 0.950844 0.134357
vt 0.950787 0.134386
vt 0.950737 0.132199
vt 0.950709 0.134404
vt 0.950668 0.132201
vt 0.950620 0.134406
vt 0.950600 0.132191
vt 0.950535 0.134393
vt 0.950546 0.132170
vt 0.950466 0.134367
vt 0.956059 0.920112
vt 0.956007 0.918051
vt 0.922904 0.970257
vt 0.922871 0.970301
vt 0.922709 0.970244
vt 0.922754 0.970184
vt 0.475739 0.963617
vt 0.475623 0.963570
vt 0.475695 0.963425
vt 0.475785 0.963461
vt 0.971417 0.843501
vt 0.971440 0.843583
vt 0.971281 0.843628
vt 0.971250 0.843517
vt 0.922842 0.970457
vt 0.922850 0.970545
vt 0.922680 0.970576
vt 0.922669 0.970456
vt 0.922850 0.970371
vt 0.922680 0.970339
vt 0.873630 0.971455
vt 0.873597 0.971526
vt 0.873432 0.971478
vt 0.873477 0.971381
vt 0.922871 0.970623
vt 0.922709 0.970682
vt 0.922904 0.970678
vt 0.922754 0.970757
vt 0.873580 0.971700
vt 0.873597 0.971776
vt 0.873432 0.971818
vt 0.873408 0.971715
vt 0.873580 0.971612
vt 0.873408 0.971595
vt 0.971440 0.843330
vt 0.971417 0.843412
vt 0.971250 0.843395
vt 0.971281 0.843283
vt 0.873630 0.971829
vt 0.873477 0.971890
vt 0.971483 0.843646
vt 0.971339 0.843714
vt 0.475973 0.963634
vt 0.475862 0.963639
vt 0.475880 0.963479
vt 0.475966 0.963475
vt 0.966784 0.152914
vt 0.966889 0.152928
vt 0.966838 0.153081
vt 0.966756 0.153070
vt 0.966536 0.152914
vt 0.966660 0.152909
vt 0.966660 0.153066
vt 0.966564 0.153070
vt 0.966431 0.152928
vt 0.966483 0.153081
vt 0.347330 0.968037
vt 0.347372 0.967919
vt 0.347498 0.967968
vt 0.347466 0.968060
vt 0.347449 0.967825
vt 0.347558 0.967896
vt 0.347330 0.968163
vt 0.347466 0.968157
vt 0.347449 0.968362
vt 0.347372 0.968277
vt 0.347498 0.968246
vt 0.347558 0.968311
vt 0.966417 0.132606
vt 0.966439 0.132718
vt 0.966335 0.132666
vt 0.966319 0.132579
vt 0.475533 0.963506
vt 0.475481 0.963434
vt 0.475585 0.963319
vt 0.475625 0.963375
vt 0.966417 0.132480
vt 0.966319 0.132482
vt 0.475811 0.964009
vt 0.475633 0.963976
vt 0.475773 0.964135
vt 0.475596 0.964102
vt 0.917208 0.225164
vt 0.917333 0.225158
vt 0.917396 0.225284
vt 0.917278 0.225303
vt 0.989935 0.087252
vt 0.971062 0.843691
vt 0.971141 0.843808
vt 0.475973 0.964001
vt 0.475934 0.964128
vt 0.917184 0.224991
vt 0.917311 0.225001
vt 0.971019 0.843538
vt 0.966840 0.152544
vt 0.966993 0.152566
vt 0.966839 0.152393
vt 0.966991 0.152414
vt 0.917208 0.224810
vt 0.917333 0.224836
vt 0.971018 0.843372
vt 0.966660 0.152537
vt 0.966660 0.152386
vt 0.917278 0.224648
vt 0.917396 0.224689
vt 0.971062 0.843218
vt 0.966480 0.152544
vt 0.966480 0.152393
vt 0.966497 0.152271
vt 0.966660 0.152264
vt 0.971141 0.843100
vt 0.971339 0.843196
vt 0.966327 0.152566
vt 0.966329 0.152414
vt 0.966359 0.152290
vt 0.873203 0.971877
vt 0.873264 0.971975
vt 0.347090 0.967816
vt 0.347202 0.967680
vt 0.976552 0.655528
vt 0.976686 0.655527
vt 0.976739 0.655679
vt 0.976605 0.655681
vt 0.976821 0.655510
vt 0.976869 0.655648
vt 0.873169 0.971735
vt 0.347029 0.967988
vt 0.976534 0.655348
vt 0.976668 0.655348
vt 0.976805 0.655348
vt 0.873169 0.971571
vt 0.347029 0.968171
vt 0.976552 0.655168
vt 0.976686 0.655169
vt 0.976821 0.655185
vt 0.873203 0.971411
vt 0.347090 0.968336
vt 0.976605 0.655015
vt 0.976739 0.655016
vt 0.976869 0.655046
vt 0.873264 0.971278
vt 0.347202 0.968459
vt 0.966698 0.132823
vt 0.966838 0.132828
vt 0.966895 0.132946
vt 0.966755 0.132942
vt 0.966974 0.132807
vt 0.967025 0.132914
vt 0.922485 0.970764
vt 0.922546 0.970867
vt 0.966667 0.132660
vt 0.966807 0.132666
vt 0.966946 0.132660
vt 0.922444 0.970620
vt 0.966667 0.132477
vt 0.966807 0.132484
vt 0.966946 0.132494
vt 0.922430 0.970455
vt 0.475334 0.963814
vt 0.475259 0.963710
vt 0.966698 0.132303
vt 0.966838 0.132310
vt 0.966974 0.132336
vt 0.922444 0.970295
vt 0.475465 0.963908
vt 0.966755 0.132162
vt 0.966895 0.132171
vt 0.967025 0.132210
vt 0.922485 0.970165
vt 0.475429 0.964034
vt 0.475570 0.964191
vt 0.475419 0.964130
vt 0.922546 0.970083
vt 0.971483 0.843266
vt 0.820503 0.914874
vt 0.820615 0.914855
vt 0.820686 0.915218
vt 0.820528 0.915245
vt 0.912526 0.011572
vt 0.912653 0.011583
vt 0.912642 0.011951
vt 0.912462 0.011936
vt 0.912776 0.011582
vt 0.912817 0.011950
vt 0.912877 0.011568
vt 0.912960 0.011930
vt 0.518258 0.958410
vt 0.518178 0.958497
vt 0.517913 0.958444
vt 0.518026 0.958321
vt 0.518135 0.958612
vt 0.517852 0.958608
vt 0.518135 0.958740
vt 0.517852 0.958789
vt 0.518178 0.958860
vt 0.517913 0.958960
vt 0.518258 0.958954
vt 0.518026 0.959093
vt 0.917880 0.152973
vt 0.917767 0.152990
vt 0.917790 0.152672
vt 0.917950 0.152649
vt 0.917640 0.152999
vt 0.917609 0.152685
vt 0.820152 0.914820
vt 0.820253 0.914855
vt 0.820173 0.915219
vt 0.820029 0.915169
vt 0.820376 0.914874
vt 0.820348 0.915245
vt 0.957425 0.724678
vt 0.957528 0.724747
vt 0.957593 0.724844
vt 0.957610 0.724956
vt 0.957578 0.725064
vt 0.957501 0.725153
vt 0.957391 0.725209
vt 0.957264 0.725223
vt 0.957140 0.725194
vt 0.957038 0.725125
vt 0.956973 0.725027
vt 0.956955 0.724916
vt 0.956987 0.724807
vt 0.957064 0.724718
vt 0.957174 0.724663
vt 0.957301 0.724648
vt 0.712482 0.989207
vt 0.912336 0.011520
vt 0.912414 0.011550
vt 0.912304 0.011904
vt 0.912191 0.011863
vt 0.072874 0.982714
vt 0.072874 0.982645
vt 0.072897 0.982581
vt 0.072941 0.982534
vt 0.072998 0.982510
vt 0.073060 0.982512
vt 0.073117 0.982542
vt 0.073161 0.982594
vt 0.073184 0.982660
vt 0.073184 0.982729
vt 0.073161 0.982793
vt 0.073117 0.982840
vt 0.073060 0.982864
vt 0.072998 0.982861
vt 0.072941 0.982832
vt 0.072897 0.982780
vt 0.820686 0.911238
vt 0.820771 0.911224
vt 0.820589 0.911238
vt 0.820495 0.911224
vt 0.917849 0.156821
vt 0.917755 0.156820
vt 0.917517 0.152998
vt 0.917946 0.156814
vt 0.918033 0.156801
vt 0.890043 0.922547
vt 0.889961 0.922522
vt 0.889835 0.919129
vt 0.889942 0.919162
vt 0.890139 0.922555
vt 0.890068 0.919172
vt 0.890235 0.922544
vt 0.890193 0.919158
vt 0.890316 0.922517
vt 0.890300 0.919122
vt 0.890371 0.922477
vt 0.890371 0.919069
vt 0.912982 0.007784
vt 0.913058 0.007774
vt 0.912887 0.007785
vt 0.912790 0.007776
vt 0.912705 0.007760
vt 0.912645 0.007737
vt 0.956330 0.627724
vt 0.956514 0.627714
vt 0.956463 0.628015
vt 0.956336 0.628021
vt 0.947633 0.241223
vt 0.947491 0.241202
vt 0.947604 0.240808
vt 0.947702 0.240823
vt 0.947811 0.241233
vt 0.947825 0.240829
vt 0.947996 0.241229
vt 0.947952 0.240827
vt 0.948160 0.241213
vt 0.948066 0.240816
vt 0.541217 0.939183
vt 0.541370 0.939234
vt 0.541263 0.939619
vt 0.541157 0.939584
vt 0.541035 0.939163
vt 0.541032 0.939570
vt 0.540852 0.939179
vt 0.540906 0.939581
vt 0.540697 0.939227
vt 0.540798 0.939614
vt 0.540592 0.939300
vt 0.540726 0.939665
vt 0.208827 0.937075
vt 0.208682 0.937101
vt 0.208804 0.936755
vt 0.208904 0.936737
vt 0.209006 0.937066
vt 0.209027 0.936731
vt 0.209191 0.937075
vt 0.209155 0.936737
vt 0.209353 0.937101
vt 0.209267 0.936755
vt 0.957319 0.724335
vt 0.957499 0.724378
vt 0.957136 0.724356
vt 0.957082 0.723853
vt 0.957349 0.723823
vt 0.956589 0.627170
vt 0.956589 0.626891
vt 0.956821 0.626839
vt 0.956821 0.627118
vt 0.956570 0.626629
vt 0.956781 0.626581
vt 0.373853 0.988661
vt 0.820558 0.915685
vt 0.820771 0.915649
vt 0.956321 0.627184
vt 0.956322 0.626906
vt 0.956327 0.626642
vt 0.820314 0.915686
vt 0.947533 0.241920
vt 0.947325 0.241889
vt 0.956059 0.627158
vt 0.956061 0.626880
vt 0.956089 0.626618
vt 0.820077 0.915649
vt 0.947791 0.241933
vt 0.947792 0.242229
vt 0.947535 0.242215
vt 0.947799 0.242473
vt 0.947565 0.242461
vt 0.819884 0.915582
vt 0.948060 0.241928
vt 0.948060 0.242223
vt 0.948044 0.242469
vt 0.917816 0.152296
vt 0.917572 0.152313
vt 0.948299 0.241904
vt 0.948299 0.242200
vt 0.948262 0.242447
vt 0.918033 0.152264
vt 0.541304 0.938498
vt 0.541527 0.938573
vt 0.541305 0.938236
vt 0.541527 0.938310
vt 0.541282 0.938035
vt 0.541485 0.938103
vt 0.517598 0.959078
vt 0.517751 0.959258
vt 0.541040 0.938470
vt 0.541041 0.938207
vt 0.541041 0.938009
vt 0.517516 0.958848
vt 0.540774 0.938492
vt 0.540776 0.938230
vt 0.540800 0.938029
vt 0.517516 0.958603
vt 0.540548 0.938563
vt 0.540551 0.938300
vt 0.540594 0.938093
vt 0.517599 0.958381
vt 0.540396 0.938669
vt 0.540399 0.938406
vt 0.208496 0.938006
vt 0.208537 0.938269
vt 0.208418 0.938319
vt 0.208366 0.938061
vt 0.517751 0.958215
vt 0.208713 0.937678
vt 0.208502 0.937714
vt 0.208707 0.937969
vt 0.208728 0.938235
vt 0.912865 0.012386
vt 0.913058 0.012360
vt 0.208972 0.937665
vt 0.208965 0.937956
vt 0.208964 0.938223
vt 0.912629 0.012389
vt 0.209240 0.937678
vt 0.209233 0.937969
vt 0.209209 0.938235
vt 0.912386 0.012367
vt 0.209477 0.937714
vt 0.209469 0.938006
vt 0.209424 0.938269
vt 0.912172 0.012325
vt 0.957610 0.723885
vt 0.209645 0.937770
vt 0.209637 0.938061
vt 0.209577 0.938319
vt 0.912021 0.012269
vt 0.988572 0.800165
vt 0.694878 0.949749
vt 0.694939 0.949736
vt 0.694939 0.951999
vt 0.694862 0.952015
vt 0.694809 0.949752
vt 0.694774 0.952019
vt 0.694741 0.949744
vt 0.694688 0.952010
vt 0.950098 0.203300
vt 0.950165 0.203305
vt 0.950165 0.205689
vt 0.950080 0.205684
vt 0.950028 0.203301
vt 0.949992 0.205684
vt 0.949966 0.203306
vt 0.949913 0.205691
vt 0.950896 0.558271
vt 0.950954 0.558291
vt 0.950954 0.560405
vt 0.950881 0.560380
vt 0.950828 0.558262
vt 0.950794 0.560369
vt 0.950758 0.558268
vt 0.950706 0.560376
vt 0.950699 0.558285
vt 0.950631 0.560398
vt 0.950660 0.558313
vt 0.950581 0.560433
vt 0.941237 0.726198
vt 0.941183 0.726210
vt 0.941103 0.723846
vt 0.941172 0.723831
vt 0.941304 0.726192
vt 0.941257 0.723823
vt 0.941374 0.726192
vt 0.941346 0.723823
vt 0.941436 0.726199
vt 0.941424 0.723832
vt 0.941480 0.726212
vt 0.941480 0.723848
vt 0.646763 0.971850
vt 0.646787 0.971905
vt 0.646629 0.971970
vt 0.646596 0.971896
vt 0.971317 0.816576
vt 0.971338 0.816452
vt 0.971467 0.816480
vt 0.971451 0.816576
vt 0.646750 0.971684
vt 0.646750 0.971772
vt 0.646578 0.971790
vt 0.646578 0.971670
vt 0.434473 0.975822
vt 0.434478 0.975907
vt 0.434312 0.975942
vt 0.434306 0.975825
vt 0.434490 0.975655
vt 0.434478 0.975733
vt 0.434312 0.975705
vt 0.434328 0.975599
vt 0.839416 0.972158
vt 0.839386 0.972239
vt 0.839243 0.972231
vt 0.839284 0.972122
vt 0.434490 0.975977
vt 0.434328 0.976037
vt 0.839472 0.972098
vt 0.839359 0.972040
vt 0.839416 0.972411
vt 0.839472 0.972476
vt 0.839359 0.972555
vt 0.839284 0.972466
vt 0.839386 0.972327
vt 0.839243 0.972352
vt 0.646787 0.971528
vt 0.646763 0.971598
vt 0.646596 0.971553
vt 0.646629 0.971457
vt 0.780652 0.982792
vt 0.780731 0.982788
vt 0.780700 0.982922
vt 0.780592 0.982926
vt 0.971400 0.816806
vt 0.971338 0.816700
vt 0.971467 0.816672
vt 0.971515 0.816754
vt 0.966636 0.558428
vt 0.966539 0.558414
vt 0.966594 0.558262
vt 0.966669 0.558273
vt 0.966883 0.558430
vt 0.966757 0.558433
vt 0.966763 0.558277
vt 0.966861 0.558275
vt 0.966995 0.558418
vt 0.966947 0.558266
vt 0.965854 0.203713
vt 0.965830 0.203835
vt 0.965674 0.203793
vt 0.965692 0.203698
vt 0.965786 0.203937
vt 0.965640 0.203871
vt 0.965854 0.203588
vt 0.965692 0.203601
vt 0.965787 0.203405
vt 0.965830 0.203480
vt 0.965674 0.203518
vt 0.965640 0.203459
vt 0.136385 0.965654
vt 0.136407 0.965751
vt 0.136276 0.965698
vt 0.136259 0.965622
vt 0.136373 0.965407
vt 0.136373 0.965532
vt 0.136250 0.965529
vt 0.136250 0.965431
vt 0.971400 0.816347
vt 0.971515 0.816399
vt 0.971052 0.816757
vt 0.971020 0.816577
vt 0.980838 0.349673
vt 0.980982 0.349680
vt 0.981009 0.349839
vt 0.980865 0.349832
vt 0.981122 0.349674
vt 0.981147 0.349818
vt 0.987648 0.918022
vt 0.646340 0.971815
vt 0.646365 0.971959
vt 0.971141 0.816911
vt 0.980838 0.349491
vt 0.980982 0.349499
vt 0.981122 0.349509
vt 0.646340 0.971650
vt 0.966570 0.558795
vt 0.966428 0.558775
vt 0.980865 0.349314
vt 0.981009 0.349323
vt 0.981147 0.349349
vt 0.646365 0.971490
vt 0.966745 0.558803
vt 0.966747 0.558955
vt 0.966572 0.558947
vt 0.966753 0.559079
vt 0.966594 0.559071
vt 0.646410 0.971360
vt 0.966928 0.558798
vt 0.966929 0.558950
vt 0.966918 0.559075
vt 0.780658 0.983107
vt 0.780821 0.982927
vt 0.780823 0.983113
vt 0.967090 0.558781
vt 0.967090 0.558933
vt 0.967065 0.559059
vt 0.780510 0.983113
vt 0.966194 0.203925
vt 0.966131 0.204072
vt 0.966329 0.203937
vt 0.966265 0.204083
vt 0.945292 0.317749
vt 0.945387 0.317716
vt 0.945490 0.317837
vt 0.945405 0.317883
vt 0.839100 0.972542
vt 0.839203 0.972664
vt 0.966229 0.203748
vt 0.966363 0.203760
vt 0.945230 0.317577
vt 0.945331 0.317560
vt 0.839044 0.972387
vt 0.966229 0.203567
vt 0.966363 0.203580
vt 0.945230 0.317395
vt 0.945331 0.317395
vt 0.839044 0.972221
vt 0.966194 0.203410
vt 0.966329 0.203424
vt 0.945292 0.317230
vt 0.945387 0.317245
vt 0.839100 0.972071
vt 0.966131 0.203300
vt 0.966265 0.203315
vt 0.945405 0.317107
vt 0.945490 0.317133
vt 0.839203 0.971959
vt 0.136693 0.965714
vt 0.136725 0.965856
vt 0.136844 0.965709
vt 0.136876 0.965851
vt 0.136982 0.965686
vt 0.137011 0.965814
vt 0.434082 0.975990
vt 0.434105 0.976120
vt 0.136675 0.965538
vt 0.136826 0.965534
vt 0.136966 0.965527
vt 0.434074 0.975830
vt 0.136675 0.965356
vt 0.136826 0.965353
vt 0.136966 0.965362
vt 0.434082 0.975665
vt 0.971052 0.816397
vt 0.971141 0.816245
vt 0.136693 0.965194
vt 0.136844 0.965192
vt 0.136982 0.965216
vt 0.434105 0.975520
vt 0.136725 0.965077
vt 0.136876 0.965076
vt 0.137011 0.965110
vt 0.646410 0.972061
vt 0.780819 0.982792
vt 0.057001 0.913215
vt 0.056887 0.913215
vt 0.056802 0.912871
vt 0.056964 0.912872
vt 0.253389 0.910024
vt 0.253517 0.910024
vt 0.253537 0.910367
vt 0.253355 0.910367
vt 0.253638 0.910024
vt 0.253708 0.910368
vt 0.253733 0.910026
vt 0.253843 0.910370
vt 0.911719 0.655780
vt 0.911647 0.655778
vt 0.911741 0.655430
vt 0.911843 0.655433
vt 0.911540 0.655777
vt 0.911589 0.655428
vt 0.911414 0.655777
vt 0.911411 0.655428
vt 0.911288 0.655778
vt 0.911232 0.655430
vt 0.911182 0.655780
vt 0.911082 0.655433
vt 0.399458 0.916370
vt 0.399576 0.916365
vt 0.399547 0.916695
vt 0.399380 0.916702
vt 0.399704 0.916365
vt 0.399729 0.916695
vt 0.399823 0.916370
vt 0.399898 0.916702
vt 0.057251 0.913215
vt 0.057129 0.913215
vt 0.057146 0.912871
vt 0.057319 0.912871
vt 0.968857 0.396864
vt 0.968906 0.396745
vt 0.968997 0.396655
vt 0.969115 0.396606
vt 0.969243 0.396606
vt 0.969362 0.396655
vt 0.969452 0.396745
vt 0.969501 0.396864
vt 0.969501 0.396992
vt 0.969452 0.397110
vt 0.969361 0.397201
vt 0.969243 0.397250
vt 0.969115 0.397250
vt 0.968997 0.397201
vt 0.968906 0.397110
vt 0.968857 0.396992
vt 0.856118 0.987514
vt 0.253187 0.910026
vt 0.253273 0.910024
vt 0.253191 0.910368
vt 0.253068 0.910370
vt 0.964595 0.349767
vt 0.964622 0.349702
vt 0.964671 0.349653
vt 0.964736 0.349626
vt 0.964806 0.349626
vt 0.964871 0.349653
vt 0.964921 0.349702
vt 0.964948 0.349767
vt 0.964948 0.349838
vt 0.964921 0.349902
vt 0.964871 0.349952
vt 0.964806 0.349979
vt 0.964736 0.349979
vt 0.964671 0.349952
vt 0.964622 0.349902
vt 0.964595 0.349838
vt 0.057018 0.917122
vt 0.056930 0.917122
vt 0.057115 0.917122
vt 0.057208 0.917122
vt 0.399693 0.912487
vt 0.399784 0.912491
vt 0.399595 0.912487
vt 0.399505 0.912491
vt 0.911346 0.659687
vt 0.911265 0.659688
vt 0.911442 0.659686
vt 0.911538 0.659686
vt 0.911620 0.659687
vt 0.911675 0.659688
vt 0.253607 0.906117
vt 0.253679 0.906118
vt 0.253515 0.906117
vt 0.253417 0.906117
vt 0.253328 0.906117
vt 0.253262 0.906118
vt 0.229550 0.955145
vt 0.229735 0.955144
vt 0.229694 0.955530
vt 0.229566 0.955530
vt 0.229373 0.955145
vt 0.229445 0.955530
vt 0.953918 0.415460
vt 0.954091 0.415468
vt 0.954010 0.415861
vt 0.953891 0.415856
vt 0.953733 0.415460
vt 0.953763 0.415856
vt 0.953562 0.415468
vt 0.953645 0.415861
vt 0.940090 0.896108
vt 0.939936 0.896111
vt 0.940038 0.895730
vt 0.940145 0.895728
vt 0.940272 0.896107
vt 0.940270 0.895727
vt 0.940454 0.896107
vt 0.940396 0.895727
vt 0.940609 0.896109
vt 0.940503 0.895728
vt 0.940714 0.896112
vt 0.940575 0.895730
vt 0.890672 0.939266
vt 0.890810 0.939268
vt 0.890690 0.939653
vt 0.890595 0.939652
vt 0.890497 0.939265
vt 0.890475 0.939651
vt 0.890312 0.939265
vt 0.890347 0.939651
vt 0.890144 0.939266
vt 0.890231 0.939652
vt 0.890019 0.939268
vt 0.890145 0.939653
vt 0.229794 0.954469
vt 0.230035 0.954470
vt 0.229900 0.955145
vt 0.229794 0.954168
vt 0.230034 0.954169
vt 0.229778 0.953909
vt 0.229997 0.953910
vt 0.873169 0.987450
vt 0.056920 0.912464
vt 0.056701 0.912462
vt 0.229525 0.954469
vt 0.229526 0.954168
vt 0.229533 0.953909
vt 0.057165 0.912464
vt 0.229268 0.954470
vt 0.229269 0.954170
vt 0.229299 0.953910
vt 0.057399 0.912462
vt 0.953959 0.414769
vt 0.954209 0.414780
vt 0.953959 0.414470
vt 0.954209 0.414481
vt 0.953948 0.414218
vt 0.954176 0.414228
vt 0.399758 0.917085
vt 0.399987 0.917095
vt 0.953689 0.414769
vt 0.953689 0.414470
vt 0.953702 0.414218
vt 0.399513 0.917085
vt 0.953440 0.414780
vt 0.953442 0.414481
vt 0.953476 0.414227
vt 0.399287 0.917095
vt 0.940011 0.896777
vt 0.939787 0.896781
vt 0.940014 0.897078
vt 0.939790 0.897082
vt 0.940039 0.897339
vt 0.939836 0.897343
vt 0.911166 0.655017
vt 0.910963 0.655021
vt 0.940275 0.896775
vt 0.940277 0.897076
vt 0.940280 0.897337
vt 0.911407 0.655015
vt 0.940541 0.896775
vt 0.940542 0.897076
vt 0.940521 0.897337
vt 0.911648 0.655015
vt 0.940766 0.896777
vt 0.940767 0.897078
vt 0.940726 0.897339
vt 0.911853 0.655017
vt 0.940917 0.896781
vt 0.940918 0.897082
vt 0.940864 0.897343
vt 0.911991 0.655021
vt 0.890785 0.938591
vt 0.890985 0.938594
vt 0.890784 0.938290
vt 0.890984 0.938293
vt 0.890754 0.938031
vt 0.890936 0.938033
vt 0.253791 0.910776
vt 0.253973 0.910779
vt 0.890530 0.938590
vt 0.890531 0.938289
vt 0.890522 0.938029
vt 0.253560 0.910775
vt 0.890261 0.938590
vt 0.890262 0.938289
vt 0.890277 0.938029
vt 0.253314 0.910775
vt 0.890016 0.938591
vt 0.890018 0.938290
vt 0.890055 0.938031
vt 0.253092 0.910776
vt 0.889835 0.938594
vt 0.889837 0.938293
vt 0.889890 0.938033
vt 0.252927 0.910779
vt 0.229808 0.955530
vt 0.987170 0.970257
vt 0.947942 0.494051
vt 0.948004 0.494051
vt 0.948031 0.496484
vt 0.947952 0.496484
vt 0.947872 0.494051
vt 0.947863 0.496484
vt 0.947805 0.494051
vt 0.947778 0.496484
vt 0.948346 0.433814
vt 0.948281 0.433812
vt 0.948256 0.431396
vt 0.948339 0.431400
vt 0.948416 0.433814
vt 0.948428 0.431400
vt 0.948481 0.433812
vt 0.948510 0.431396
vt 0.906692 0.939922
vt 0.906634 0.939923
vt 0.906583 0.937489
vt 0.906657 0.937488
vt 0.906761 0.939921
vt 0.906744 0.937487
vt 0.906830 0.939921
vt 0.906831 0.937487
vt 0.906889 0.939922
vt 0.906906 0.937488
vt 0.906928 0.939923
vt 0.906956 0.937489
vt 0.939633 0.816245
vt 0.939685 0.816246
vt 0.939719 0.818679
vt 0.939653 0.818678
vt 0.939567 0.816245
vt 0.939569 0.818677
vt 0.939497 0.816245
vt 0.939480 0.818677
vt 0.939433 0.816245
vt 0.939399 0.818678
vt 0.939386 0.816246
vt 0.939339 0.818679
vt 0.972737 0.785227
vt 0.972736 0.785167
vt 0.972887 0.785217
vt 0.972888 0.785298
vt 0.959731 0.610946
vt 0.959816 0.610944
vt 0.959859 0.611091
vt 0.959793 0.611091
vt 0.588288 0.981308
vt 0.588288 0.981219
vt 0.588439 0.981197
vt 0.588439 0.981318
vt 0.972735 0.784998
vt 0.972736 0.784914
vt 0.972887 0.784872
vt 0.972886 0.784986
vt 0.972735 0.785087
vt 0.972886 0.785107
vt 0.316799 0.972777
vt 0.316798 0.972851
vt 0.316644 0.972821
vt 0.316645 0.972720
vt 0.972737 0.784848
vt 0.972888 0.784782
vt 0.316800 0.972727
vt 0.316647 0.972652
vt 0.316799 0.973026
vt 0.316800 0.973100
vt 0.316647 0.973160
vt 0.316645 0.973059
vt 0.316798 0.972939
vt 0.316644 0.972940
vt 0.759102 0.981313
vt 0.759106 0.981231
vt 0.759250 0.981186
vt 0.759245 0.981298
vt 0.759106 0.981484
vt 0.759102 0.981402
vt 0.759245 0.981420
vt 0.759250 0.981531
vt 0.588288 0.981140
vt 0.588439 0.981089
vt 0.677887 0.968678
vt 0.678013 0.968678
vt 0.677993 0.968824
vt 0.677896 0.968824
vt 0.678126 0.968679
vt 0.678081 0.968825
vt 0.677767 0.968679
vt 0.677803 0.968825
vt 0.967630 0.751661
vt 0.967504 0.751661
vt 0.967517 0.751509
vt 0.967615 0.751509
vt 0.967386 0.751656
vt 0.967426 0.751506
vt 0.967747 0.751656
vt 0.967705 0.751506
vt 0.964925 0.333512
vt 0.964801 0.333513
vt 0.964829 0.333369
vt 0.964925 0.333368
vt 0.964697 0.333515
vt 0.964748 0.333370
vt 0.965050 0.333512
vt 0.965021 0.333368
vt 0.965226 0.333515
vt 0.965155 0.333513
vt 0.965103 0.333369
vt 0.965158 0.333370
vt 0.960176 0.610944
vt 0.960269 0.610946
vt 0.960210 0.611091
vt 0.960137 0.611091
vt 0.959930 0.610944
vt 0.960056 0.610944
vt 0.960045 0.611090
vt 0.959947 0.611090
vt 0.588288 0.981393
vt 0.588439 0.981434
vt 0.678054 0.968327
vt 0.678217 0.968328
vt 0.678053 0.968172
vt 0.678216 0.968173
vt 0.678042 0.968039
vt 0.678190 0.968040
vt 0.417506 0.986419
vt 0.588648 0.981166
vt 0.588648 0.981018
vt 0.677871 0.968327
vt 0.677871 0.968172
vt 0.677876 0.968039
vt 0.588648 0.981332
vt 0.677696 0.968328
vt 0.677697 0.968173
vt 0.677718 0.968040
vt 0.588648 0.981490
vt 0.967477 0.752023
vt 0.967306 0.752016
vt 0.967477 0.752177
vt 0.967307 0.752170
vt 0.967485 0.752306
vt 0.967331 0.752299
vt 0.759442 0.981277
vt 0.759449 0.981123
vt 0.967660 0.752023
vt 0.967660 0.752177
vt 0.967651 0.752306
vt 0.759442 0.981444
vt 0.967829 0.752016
vt 0.967828 0.752170
vt 0.967803 0.752299
vt 0.759449 0.981596
vt 0.964747 0.333859
vt 0.964595 0.333862
vt 0.964749 0.334014
vt 0.964598 0.334017
vt 0.964767 0.334149
vt 0.964629 0.334151
vt 0.316433 0.973105
vt 0.316435 0.973243
vt 0.964927 0.333857
vt 0.964928 0.334013
vt 0.964929 0.334147
vt 0.316431 0.972942
vt 0.965107 0.333857
vt 0.965107 0.334013
vt 0.965092 0.334147
vt 0.316431 0.972779
vt 0.965261 0.333859
vt 0.965260 0.334014
vt 0.965231 0.334149
vt 0.316433 0.972641
vt 0.965364 0.333862
vt 0.965363 0.334017
vt 0.965324 0.334151
vt 0.316435 0.972548
vt 0.960252 0.610594
vt 0.960388 0.610596
vt 0.960251 0.610438
vt 0.960386 0.610440
vt 0.960229 0.610305
vt 0.960352 0.610307
vt 0.973096 0.784813
vt 0.973097 0.784690
vt 0.960079 0.610593
vt 0.960079 0.610437
vt 0.960073 0.610304
vt 0.973095 0.784970
vt 0.959895 0.610593
vt 0.959896 0.610438
vt 0.959907 0.610304
vt 0.973095 0.785135
vt 0.959729 0.610594
vt 0.959731 0.610438
vt 0.959757 0.610305
vt 0.973096 0.785286
vt 0.959606 0.610596
vt 0.959608 0.610440
vt 0.959645 0.610307
vt 0.973097 0.785397
vt 0.961699 0.315877
vt 0.961677 0.316002
vt 0.961379 0.316002
vt 0.961409 0.315824
vt 0.155437 0.916759
vt 0.155565 0.916763
vt 0.155556 0.917058
vt 0.155376 0.917053
vt 0.155687 0.916780
vt 0.155730 0.917083
vt 0.155786 0.916808
vt 0.155871 0.917123
vt 0.073210 0.915794
vt 0.073277 0.915856
vt 0.073152 0.916192
vt 0.073056 0.916105
vt 0.073381 0.915902
vt 0.073298 0.916257
vt 0.073505 0.915925
vt 0.073475 0.916291
vt 0.073632 0.915923
vt 0.073654 0.916287
vt 0.073740 0.915895
vt 0.073809 0.916248
vt 0.916257 0.334124
vt 0.916138 0.334124
vt 0.916162 0.333778
vt 0.916331 0.333778
vt 0.916010 0.334124
vt 0.915980 0.333778
vt 0.915892 0.334124
vt 0.915813 0.333778
vt 0.918459 0.173078
vt 0.918335 0.173095
vt 0.918331 0.172835
vt 0.918507 0.172811
vt 0.961760 0.315770
vt 0.961496 0.315673
vt 0.646730 0.955850
vt 0.646631 0.955777
vt 0.646570 0.955679
vt 0.646557 0.955569
vt 0.646594 0.955466
vt 0.646675 0.955384
vt 0.646787 0.955336
vt 0.646915 0.955329
vt 0.647037 0.955365
vt 0.647136 0.955437
vt 0.647197 0.955536
vt 0.647210 0.955645
vt 0.647173 0.955748
vt 0.647092 0.955831
vt 0.646980 0.955879
vt 0.646853 0.955885
vt 0.922430 0.986341
vt 0.961699 0.316128
vt 0.961410 0.316181
vt 0.735465 0.982819
vt 0.735488 0.982754
vt 0.735530 0.982702
vt 0.735586 0.982671
vt 0.735646 0.982668
vt 0.735701 0.982692
vt 0.735744 0.982738
vt 0.735767 0.982801
vt 0.735767 0.982872
vt 0.735744 0.982937
vt 0.735701 0.982989
vt 0.735646 0.983019
vt 0.735586 0.983023
vt 0.735530 0.982999
vt 0.735488 0.982953
vt 0.735465 0.982889
vt 0.918372 0.176629
vt 0.918287 0.176611
vt 0.918098 0.173070
vt 0.918208 0.173092
vt 0.918469 0.176631
vt 0.918563 0.176618
vt 0.916029 0.338033
vt 0.915940 0.338033
vt 0.916127 0.338033
vt 0.916218 0.338033
vt 0.916289 0.338033
vt 0.916349 0.334124
vt 0.073793 0.912562
vt 0.073890 0.912561
vt 0.073698 0.912544
vt 0.073619 0.912509
vt 0.073568 0.912462
vt 0.155895 0.913040
vt 0.155971 0.913061
vt 0.155802 0.913027
vt 0.155705 0.913024
vt 0.155619 0.913031
vt 0.155325 0.916768
vt 0.155557 0.913048
vt 0.155243 0.916791
vt 0.961760 0.316235
vt 0.961496 0.316332
vt 0.208853 0.954238
vt 0.208669 0.954227
vt 0.208719 0.953820
vt 0.208846 0.953828
vt 0.209034 0.954219
vt 0.208971 0.953815
vt 0.820177 0.948535
vt 0.820006 0.948535
vt 0.820090 0.948152
vt 0.820208 0.948152
vt 0.820362 0.948535
vt 0.820336 0.948152
vt 0.820535 0.948535
vt 0.820455 0.948152
vt 0.647130 0.955056
vt 0.647274 0.955162
vt 0.646953 0.955005
vt 0.646768 0.955014
vt 0.646605 0.955084
vt 0.646488 0.955203
vt 0.292392 0.938370
vt 0.292537 0.938402
vt 0.292423 0.938797
vt 0.292322 0.938775
vt 0.292213 0.938355
vt 0.292199 0.938765
vt 0.292028 0.938361
vt 0.292072 0.938768
vt 0.291866 0.938385
vt 0.291960 0.938785
vt 0.291750 0.938424
vt 0.291880 0.938812
vt 0.208597 0.954924
vt 0.208366 0.954868
vt 0.208511 0.954188
vt 0.208598 0.955198
vt 0.208368 0.955142
vt 0.819929 0.981498
vt 0.820112 0.981521
vt 0.820072 0.981762
vt 0.819884 0.981762
vt 0.926780 0.610951
vt 0.961066 0.315762
vt 0.961025 0.316002
vt 0.208864 0.954940
vt 0.208864 0.955214
vt 0.208862 0.955427
vt 0.208620 0.955412
vt 0.961183 0.315557
vt 0.209126 0.954913
vt 0.209126 0.955187
vt 0.209101 0.955402
vt 0.918563 0.172494
vt 0.918326 0.172527
vt 0.820132 0.949208
vt 0.819884 0.949208
vt 0.820132 0.949509
vt 0.819885 0.949509
vt 0.820145 0.949769
vt 0.819919 0.949769
vt 0.915945 0.333368
vt 0.915720 0.333368
vt 0.820402 0.949208
vt 0.820401 0.949509
vt 0.820391 0.949769
vt 0.916191 0.333368
vt 0.820653 0.949208
vt 0.820652 0.949509
vt 0.820619 0.949769
vt 0.916420 0.333368
vt 0.820669 0.948536
vt 0.820847 0.949208
vt 0.820845 0.949509
vt 0.113152 0.959161
vt 0.113400 0.959112
vt 0.113492 0.959307
vt 0.113253 0.959374
vt 0.073681 0.916720
vt 0.073890 0.916666
vt 0.647016 0.954472
vt 0.647274 0.954547
vt 0.112841 0.958927
vt 0.113098 0.958901
vt 0.112896 0.959187
vt 0.113350 0.958875
vt 0.073439 0.916724
vt 0.646748 0.954486
vt 0.112841 0.958660
vt 0.113098 0.958635
vt 0.113350 0.958632
vt 0.073201 0.916679
vt 0.646511 0.954587
vt 0.112896 0.958428
vt 0.113152 0.958403
vt 0.113400 0.958421
vt 0.073002 0.916591
vt 0.646340 0.954760
vt 0.112997 0.958265
vt 0.113253 0.958241
vt 0.113492 0.958272
vt 0.072874 0.916473
vt 0.292493 0.937670
vt 0.292705 0.937716
vt 0.292494 0.937381
vt 0.292705 0.937427
vt 0.292467 0.937145
vt 0.292660 0.937187
vt 0.155781 0.917442
vt 0.155971 0.917496
vt 0.292233 0.937649
vt 0.292235 0.937360
vt 0.292231 0.937126
vt 0.155547 0.917409
vt 0.291965 0.937657
vt 0.291967 0.937368
vt 0.291987 0.937133
vt 0.155303 0.917401
vt 0.291729 0.937692
vt 0.291732 0.937402
vt 0.291772 0.937164
vt 0.961066 0.316244
vt 0.961183 0.316448
vt 0.291561 0.937749
vt 0.291564 0.937459
vt 0.820112 0.982003
vt 0.819929 0.982026
vt 0.208610 0.953793
vt 0.517516 0.990928
vt 0.035037 0.953283
vt 0.034976 0.953269
vt 0.034923 0.951061
vt 0.035000 0.951079
vt 0.035106 0.953287
vt 0.035088 0.951084
vt 0.035174 0.953279
vt 0.035174 0.951074
vt 0.942808 0.528470
vt 0.942744 0.528470
vt 0.942714 0.526037
vt 0.942796 0.526037
vt 0.942878 0.528470
vt 0.942885 0.526037
vt 0.942944 0.528470
vt 0.942968 0.526037
vt 0.942994 0.528470
vt 0.943032 0.526037
vt 0.629560 0.951312
vt 0.629629 0.951306
vt 0.629629 0.953405
vt 0.629541 0.953414
vt 0.629491 0.951304
vt 0.629454 0.953404
vt 0.629432 0.951284
vt 0.629380 0.953377
vt 0.629393 0.951253
vt 0.629330 0.953339
vt 0.944077 0.593965
vt 0.944131 0.593978
vt 0.944131 0.596314
vt 0.944062 0.596298
vt 0.944009 0.593959
vt 0.943976 0.596290
vt 0.943939 0.593960
vt 0.943888 0.596291
vt 0.943878 0.593969
vt 0.943810 0.596302
vt 0.943834 0.593983
vt 0.943754 0.596320
vt 0.559105 0.971898
vt 0.559134 0.971982
vt 0.558997 0.972037
vt 0.558957 0.971923
vt 0.967491 0.576674
vt 0.967568 0.576710
vt 0.967510 0.576859
vt 0.967451 0.576831
vt 0.559134 0.971730
vt 0.559105 0.971809
vt 0.558957 0.971802
vt 0.558996 0.971694
vt 0.172814 0.981731
vt 0.172814 0.981645
vt 0.172937 0.981598
vt 0.172937 0.981715
vt 0.559188 0.972048
vt 0.559070 0.972127
vt 0.172824 0.981819
vt 0.172950 0.981835
vt 0.229696 0.971204
vt 0.229678 0.971280
vt 0.229506 0.971266
vt 0.229531 0.971162
vt 0.172824 0.981574
vt 0.172950 0.981502
vt 0.229729 0.971150
vt 0.229576 0.971089
vt 0.229696 0.971454
vt 0.229729 0.971525
vt 0.229576 0.971600
vt 0.229531 0.971503
vt 0.229678 0.971368
vt 0.229506 0.971386
vt 0.981035 0.052589
vt 0.981035 0.052671
vt 0.980883 0.052718
vt 0.980882 0.052607
vt 0.981035 0.052417
vt 0.981035 0.052500
vt 0.980882 0.052485
vt 0.980883 0.052373
vt 0.967256 0.576654
vt 0.967381 0.576654
vt 0.967366 0.576815
vt 0.967269 0.576815
vt 0.967134 0.576674
vt 0.967175 0.576831
vt 0.780836 0.966676
vt 0.780710 0.966676
vt 0.780725 0.966531
vt 0.780823 0.966531
vt 0.967034 0.576710
vt 0.967097 0.576859
vt 0.780954 0.966676
vt 0.780914 0.966531
vt 0.155547 0.967988
vt 0.155588 0.967869
vt 0.155715 0.967919
vt 0.155683 0.968011
vt 0.155665 0.967775
vt 0.155774 0.967847
vt 0.155546 0.968114
vt 0.155683 0.968109
vt 0.155665 0.968311
vt 0.155588 0.968227
vt 0.155715 0.968197
vt 0.155774 0.968262
vt 0.961878 0.008386
vt 0.961978 0.008405
vt 0.961925 0.008559
vt 0.961848 0.008544
vt 0.961631 0.008386
vt 0.961756 0.008379
vt 0.961754 0.008539
vt 0.961657 0.008544
vt 0.961521 0.008405
vt 0.961571 0.008559
vt 0.559188 0.971670
vt 0.559070 0.971613
vt 0.967409 0.576277
vt 0.967568 0.576305
vt 0.967399 0.576136
vt 0.967557 0.576165
vt 0.347060 0.983934
vt 0.347163 0.983950
vt 0.347136 0.984113
vt 0.347029 0.984113
vt 0.906300 0.988330
vt 0.558752 0.971793
vt 0.558752 0.971958
vt 0.967227 0.576277
vt 0.967218 0.576136
vt 0.967214 0.576031
vt 0.967378 0.576031
vt 0.558806 0.971644
vt 0.967050 0.576306
vt 0.967042 0.576165
vt 0.967053 0.576057
vt 0.558907 0.971533
vt 0.780679 0.967025
vt 0.780510 0.967025
vt 0.780593 0.966676
vt 0.780679 0.967180
vt 0.780512 0.967180
vt 0.780688 0.967314
vt 0.780536 0.967314
vt 0.980672 0.052631
vt 0.980672 0.052783
vt 0.780862 0.967025
vt 0.780862 0.967180
vt 0.780854 0.967314
vt 0.980672 0.052465
vt 0.781033 0.967025
vt 0.781032 0.967180
vt 0.781009 0.967314
vt 0.980672 0.052311
vt 0.155304 0.967763
vt 0.155415 0.967627
vt 0.781165 0.967025
vt 0.781163 0.967180
vt 0.972415 0.936217
vt 0.972548 0.936186
vt 0.972610 0.936318
vt 0.972484 0.936362
vt 0.229302 0.971571
vt 0.229364 0.971703
vt 0.155243 0.967936
vt 0.972245 0.936054
vt 0.972378 0.936040
vt 0.972282 0.936231
vt 0.972514 0.936026
vt 0.229268 0.971411
vt 0.155243 0.968119
vt 0.972245 0.935873
vt 0.972378 0.935860
vt 0.972514 0.935862
vt 0.229268 0.971247
vt 0.155304 0.968283
vt 0.972282 0.935715
vt 0.972415 0.935703
vt 0.972548 0.935719
vt 0.229302 0.971105
vt 0.155415 0.968405
vt 0.972351 0.935604
vt 0.972484 0.935593
vt 0.972610 0.935619
vt 0.229364 0.971004
vt 0.961937 0.008013
vt 0.962082 0.008041
vt 0.961933 0.007864
vt 0.962077 0.007892
vt 0.961911 0.007746
vt 0.962042 0.007771
vt 0.173108 0.981533
vt 0.173126 0.981401
vt 0.961760 0.008003
vt 0.961757 0.007854
vt 0.961751 0.007737
vt 0.173108 0.981693
vt 0.961578 0.008013
vt 0.961576 0.007864
vt 0.961586 0.007746
vt 0.173126 0.981857
vt 0.961418 0.008041
vt 0.961417 0.007892
vt 0.961442 0.007771
vt 0.558806 0.972114
vt 0.558907 0.972237
vt 0.961443 0.008434
vt 0.961305 0.008082
vt 0.961304 0.007933
vt 0.347163 0.984276
vt 0.347060 0.984292
vt 0.759849 0.911799
vt 0.759722 0.911795
vt 0.759699 0.911427
vt 0.759878 0.911432
vt 0.759493 0.911856
vt 0.759425 0.911911
vt 0.759277 0.911591
vt 0.759374 0.911513
vt 0.629453 0.918171
vt 0.629580 0.918182
vt 0.629607 0.918431
vt 0.629426 0.918416
vt 0.629693 0.918213
vt 0.629767 0.918475
vt 0.964201 0.476257
vt 0.964137 0.476356
vt 0.963868 0.476349
vt 0.963959 0.476208
vt 0.964115 0.476478
vt 0.963837 0.476522
vt 0.964137 0.476604
vt 0.963868 0.476700
vt 0.964201 0.476714
vt 0.963958 0.476857
vt 0.732767 0.644503
vt 0.732856 0.644519
vt 0.732754 0.644869
vt 0.732628 0.644846
vt 0.732973 0.644532
vt 0.732921 0.644888
vt 0.733101 0.644541
vt 0.733102 0.644901
vt 0.733220 0.644544
vt 0.733271 0.644905
vt 0.733312 0.644541
vt 0.733402 0.644900
vt 0.759957 0.911826
vt 0.760032 0.911470
vt 0.347717 0.951947
vt 0.347711 0.952035
vt 0.347657 0.952115
vt 0.347563 0.952175
vt 0.347443 0.952206
vt 0.347314 0.952202
vt 0.347198 0.952166
vt 0.347111 0.952101
vt 0.347067 0.952018
vt 0.347073 0.951930
vt 0.347127 0.951850
vt 0.347221 0.951790
vt 0.347341 0.951760
vt 0.347469 0.951763
vt 0.347586 0.951800
vt 0.347672 0.951864
vt 0.889835 0.988186
vt 0.759598 0.911815
vt 0.759522 0.911455
vt 0.982500 0.132368
vt 0.982500 0.132298
vt 0.982523 0.132234
vt 0.982567 0.132187
vt 0.982625 0.132163
vt 0.982687 0.132165
vt 0.982744 0.132195
vt 0.982788 0.132246
vt 0.982811 0.132312
vt 0.982811 0.132382
vt 0.982788 0.132446
vt 0.982744 0.132493
vt 0.982687 0.132517
vt 0.982624 0.132514
vt 0.982567 0.132485
vt 0.982523 0.132434
vt 0.760039 0.915269
vt 0.759942 0.915267
vt 0.760122 0.915290
vt 0.733438 0.640656
vt 0.733509 0.640654
vt 0.733348 0.640654
vt 0.733250 0.640647
vt 0.733160 0.640637
vt 0.540725 0.919092
vt 0.540806 0.919117
vt 0.540861 0.922534
vt 0.540754 0.922501
vt 0.540628 0.919083
vt 0.540628 0.922489
vt 0.540533 0.919092
vt 0.540502 0.922501
vt 0.540451 0.919117
vt 0.540396 0.922534
vt 0.629794 0.914757
vt 0.629856 0.914794
vt 0.629774 0.918261
vt 0.629708 0.914733
vt 0.629610 0.914725
vt 0.629516 0.914735
vt 0.629330 0.918184
vt 0.759847 0.915282
vt 0.759767 0.915313
vt 0.347503 0.951386
vt 0.347672 0.951440
vt 0.347318 0.951382
vt 0.347143 0.951426
vt 0.317097 0.938929
vt 0.316912 0.938929
vt 0.316938 0.938564
vt 0.317066 0.938564
vt 0.317268 0.938937
vt 0.317184 0.938569
vt 0.173486 0.948873
vt 0.173641 0.948922
vt 0.173537 0.949309
vt 0.173430 0.949276
vt 0.173304 0.948856
vt 0.173304 0.949264
vt 0.173121 0.948873
vt 0.173179 0.949276
vt 0.172968 0.948922
vt 0.173073 0.949309
vt 0.938281 0.869410
vt 0.938158 0.869350
vt 0.938273 0.868971
vt 0.938358 0.869012
vt 0.938447 0.869443
vt 0.938473 0.869035
vt 0.938633 0.869443
vt 0.938601 0.869035
vt 0.938808 0.869410
vt 0.938722 0.869012
vt 0.938948 0.869350
vt 0.938818 0.868971
vt 0.873660 0.954703
vt 0.873477 0.954720
vt 0.873534 0.954447
vt 0.873660 0.954435
vt 0.873842 0.954720
vt 0.873924 0.955218
vt 0.873660 0.955193
vt 0.873923 0.955484
vt 0.873659 0.955459
vt 0.873899 0.955739
vt 0.873659 0.955716
vt 0.839044 0.988138
vt 0.759914 0.910996
vt 0.759672 0.910989
vt 0.347553 0.950754
vt 0.347798 0.950832
vt 0.874148 0.955289
vt 0.874147 0.955554
vt 0.874103 0.955804
vt 0.760122 0.911047
vt 0.347283 0.950747
vt 0.347282 0.950531
vt 0.347551 0.950538
vt 0.316624 0.939886
vt 0.316657 0.940150
vt 0.316482 0.940169
vt 0.316431 0.939907
vt 0.733332 0.645332
vt 0.733509 0.645326
vt 0.347029 0.950812
vt 0.316873 0.939576
vt 0.316874 0.939875
vt 0.316622 0.939587
vt 0.316885 0.940140
vt 0.733104 0.645327
vt 0.317143 0.939576
vt 0.317143 0.939875
vt 0.317131 0.940140
vt 0.732859 0.645310
vt 0.317391 0.939587
vt 0.317391 0.939886
vt 0.317357 0.940150
vt 0.732634 0.645284
vt 0.173568 0.948186
vt 0.173793 0.948257
vt 0.173567 0.947922
vt 0.173792 0.947993
vt 0.317579 0.939907
vt 0.317529 0.940169
vt 0.732464 0.645254
vt 0.173303 0.948161
vt 0.173303 0.947897
vt 0.173303 0.947696
vt 0.173544 0.947719
vt 0.963549 0.476815
vt 0.963671 0.477027
vt 0.173038 0.948186
vt 0.173039 0.947922
vt 0.173062 0.947719
vt 0.963507 0.476574
vt 0.172814 0.948257
vt 0.172816 0.947993
vt 0.172858 0.947784
vt 0.963549 0.476340
vt 0.938171 0.870092
vt 0.937993 0.870004
vt 0.938182 0.870359
vt 0.938004 0.870272
vt 0.938227 0.870568
vt 0.938065 0.870489
vt 0.963671 0.476149
vt 0.938413 0.870139
vt 0.938423 0.870406
vt 0.938448 0.870611
vt 0.629639 0.918726
vt 0.629856 0.918786
vt 0.938683 0.870139
vt 0.938692 0.870406
vt 0.938693 0.870611
vt 0.629395 0.918707
vt 0.938938 0.870092
vt 0.938947 0.870359
vt 0.938925 0.870568
vt 0.759233 0.911105
vt 0.759102 0.911211
vt 0.939141 0.870004
vt 0.873394 0.955218
vt 0.873395 0.955483
vt 0.873170 0.955554
vt 0.873169 0.955289
vt 0.873417 0.955739
vt 0.873213 0.955804
vt 0.759433 0.911027
vt 0.347798 0.951533
vt 0.558752 0.987711
vt 0.155471 0.952134
vt 0.155402 0.952128
vt 0.155405 0.949962
vt 0.155492 0.949970
vt 0.155529 0.952153
vt 0.155566 0.949994
vt 0.434341 0.941102
vt 0.434391 0.941097
vt 0.434391 0.943521
vt 0.434327 0.943526
vt 0.434276 0.941103
vt 0.434245 0.943528
vt 0.434205 0.941102
vt 0.434156 0.943527
vt 0.434141 0.941098
vt 0.434074 0.943522
vt 0.612189 0.950766
vt 0.612247 0.950784
vt 0.612281 0.952912
vt 0.612207 0.952889
vt 0.612120 0.950759
vt 0.612119 0.952881
vt 0.612051 0.950766
vt 0.612032 0.952889
vt 0.611993 0.950784
vt 0.611958 0.952912
vt 0.191528 0.950496
vt 0.191573 0.950521
vt 0.191573 0.952681
vt 0.191516 0.952649
vt 0.191466 0.950480
vt 0.191437 0.952629
vt 0.191396 0.950476
vt 0.191348 0.952624
vt 0.191329 0.950485
vt 0.191263 0.952635
vt 0.155333 0.952134
vt 0.155275 0.952153
vt 0.155243 0.949994
vt 0.155318 0.949970
vt 0.291972 0.971675
vt 0.291972 0.971763
vt 0.291800 0.971778
vt 0.291800 0.971659
vt 0.961061 0.299941
vt 0.961121 0.299893
vt 0.961171 0.300046
vt 0.961124 0.300083
vt 0.292019 0.971518
vt 0.291988 0.971589
vt 0.291822 0.971541
vt 0.291863 0.971444
vt 0.034938 0.984880
vt 0.035027 0.984880
vt 0.035053 0.984978
vt 0.034932 0.984978
vt 0.291988 0.971839
vt 0.291822 0.971882
vt 0.292019 0.971892
vt 0.291864 0.971954
vt 0.939592 0.970549
vt 0.939576 0.970634
vt 0.939434 0.970651
vt 0.939456 0.970536
vt 0.939702 0.970437
vt 0.939636 0.970480
vt 0.939516 0.970442
vt 0.939606 0.970383
vt 0.939636 0.970798
vt 0.939702 0.970852
vt 0.939606 0.970949
vt 0.939516 0.970875
vt 0.939592 0.970721
vt 0.939456 0.970770
vt 0.977938 0.008027
vt 0.977940 0.008110
vt 0.977781 0.008152
vt 0.977778 0.008039
vt 0.977946 0.007856
vt 0.977940 0.007938
vt 0.977781 0.007918
vt 0.977788 0.007806
vt 0.967722 0.768220
vt 0.967842 0.768211
vt 0.967857 0.768362
vt 0.967764 0.768369
vt 0.967945 0.768238
vt 0.967937 0.768383
vt 0.967604 0.768265
vt 0.967673 0.768404
vt 0.964225 0.240945
vt 0.964099 0.240945
vt 0.964112 0.240808
vt 0.964210 0.240808
vt 0.967505 0.768338
vt 0.967597 0.768460
vt 0.964342 0.240950
vt 0.964300 0.240812
vt 0.934884 0.769010
vt 0.935008 0.769022
vt 0.934981 0.769182
vt 0.934885 0.769173
vt 0.935114 0.769055
vt 0.935062 0.769207
vt 0.934760 0.769022
vt 0.934789 0.769182
vt 0.961578 0.299893
vt 0.961657 0.299941
vt 0.961585 0.300083
vt 0.961524 0.300046
vt 0.934655 0.769055
vt 0.934707 0.769207
vt 0.961467 0.299861
vt 0.961438 0.300021
vt 0.961220 0.299861
vt 0.961341 0.299849
vt 0.961341 0.300012
vt 0.961247 0.300021
vt 0.977946 0.008173
vt 0.977788 0.008239
vt 0.967795 0.767869
vt 0.967945 0.767908
vt 0.417761 0.970431
vt 0.417899 0.970432
vt 0.417882 0.970611
vt 0.417744 0.970611
vt 0.418035 0.970449
vt 0.418020 0.970612
vt 0.992263 0.674280
vt 0.291592 0.971475
vt 0.291561 0.971636
vt 0.967621 0.767883
vt 0.417809 0.970279
vt 0.417947 0.970280
vt 0.418079 0.970311
vt 0.291648 0.971342
vt 0.967449 0.767947
vt 0.967408 0.767845
vt 0.967579 0.767780
vt 0.963904 0.241439
vt 0.963927 0.241576
vt 0.963809 0.241588
vt 0.963773 0.241453
vt 0.977560 0.008210
vt 0.977570 0.008329
vt 0.967306 0.768053
vt 0.964072 0.241277
vt 0.964073 0.241431
vt 0.963902 0.241284
vt 0.964081 0.241569
vt 0.977556 0.008056
vt 0.964256 0.241277
vt 0.964256 0.241431
vt 0.964247 0.241569
vt 0.977560 0.007890
vt 0.964425 0.241284
vt 0.964424 0.241439
vt 0.964400 0.241576
vt 0.977570 0.007737
vt 0.935064 0.768650
vt 0.935217 0.768699
vt 0.935063 0.768515
vt 0.935215 0.768563
vt 0.964552 0.241453
vt 0.964516 0.241588
vt 0.939349 0.970981
vt 0.939472 0.971083
vt 0.934883 0.768633
vt 0.934883 0.768498
vt 0.980058 0.241303
vt 0.980153 0.241269
vt 0.980236 0.241412
vt 0.980149 0.241461
vt 0.939267 0.970838
vt 0.934703 0.768650
vt 0.934705 0.768515
vt 0.980026 0.241124
vt 0.980124 0.241106
vt 0.939238 0.970675
vt 0.934551 0.768699
vt 0.934553 0.768563
vt 0.980058 0.240950
vt 0.980153 0.240948
vt 0.939267 0.970518
vt 0.961688 0.299535
vt 0.961803 0.299605
vt 0.961694 0.299397
vt 0.961809 0.299467
vt 0.980149 0.240808
vt 0.980236 0.240820
vt 0.939349 0.970389
vt 0.961527 0.299488
vt 0.961533 0.299351
vt 0.961527 0.299250
vt 0.961673 0.299292
vt 0.939472 0.970309
vt 0.961344 0.299472
vt 0.961352 0.299334
vt 0.961362 0.299235
vt 0.034923 0.985114
vt 0.035089 0.985114
vt 0.961168 0.299488
vt 0.961177 0.299351
vt 0.961203 0.299250
vt 0.291592 0.971941
vt 0.291649 0.972040
vt 0.961026 0.299535
vt 0.417761 0.970791
vt 0.417899 0.970791
vt 0.417947 0.970943
vt 0.417809 0.970944
vt 0.418035 0.970774
vt 0.418079 0.970913
vt 0.291561 0.971799
vt 0.417506 0.970611
vt 0.417518 0.970735
vt 0.912941 0.108703
vt 0.913066 0.108701
vt 0.913067 0.109042
vt 0.912889 0.109044
vt 0.913299 0.108703
vt 0.913370 0.108706
vt 0.913498 0.109048
vt 0.913397 0.109044
vt 0.418044 0.919708
vt 0.418169 0.919694
vt 0.418165 0.919920
vt 0.417988 0.919939
vt 0.418295 0.919707
vt 0.418344 0.919937
vt 0.911029 0.594732
vt 0.910958 0.594728
vt 0.911055 0.594379
vt 0.911155 0.594385
vt 0.910852 0.594726
vt 0.910904 0.594376
vt 0.910726 0.594725
vt 0.910726 0.594375
vt 0.910601 0.594726
vt 0.910547 0.594376
vt 0.910494 0.594728
vt 0.910396 0.594379
vt 0.914684 0.497894
vt 0.914796 0.497912
vt 0.914734 0.498273
vt 0.914574 0.498247
vt 0.914924 0.497922
vt 0.914915 0.498288
vt 0.915046 0.497923
vt 0.915089 0.498289
vt 0.915145 0.497914
vt 0.915230 0.498276
vt 0.912834 0.108706
vt 0.912738 0.109049
vt 0.957112 0.896961
vt 0.957052 0.897054
vt 0.956953 0.897125
vt 0.956831 0.897162
vt 0.956704 0.897160
vt 0.956592 0.897120
vt 0.956511 0.897048
vt 0.956474 0.896953
vt 0.956486 0.896852
vt 0.956546 0.896759
vt 0.956645 0.896689
vt 0.956767 0.896651
vt 0.956894 0.896653
vt 0.957006 0.896693
vt 0.957087 0.896766
vt 0.957124 0.896860
vt 0.208366 0.987041
vt 0.913192 0.108701
vt 0.913246 0.109042
vt 0.979941 0.510268
vt 0.979941 0.510339
vt 0.979914 0.510404
vt 0.979865 0.510453
vt 0.979800 0.510480
vt 0.979730 0.510480
vt 0.979665 0.510453
vt 0.979615 0.510404
vt 0.979588 0.510339
vt 0.979588 0.510268
vt 0.979615 0.510203
vt 0.979665 0.510154
vt 0.979730 0.510127
vt 0.979800 0.510127
vt 0.979865 0.510154
vt 0.979914 0.510204
vt 0.912957 0.104799
vt 0.913053 0.104797
vt 0.912875 0.104801
vt 0.915254 0.494073
vt 0.915330 0.494066
vt 0.915161 0.494073
vt 0.915063 0.494065
vt 0.914977 0.494051
vt 0.910641 0.598634
vt 0.910560 0.598636
vt 0.910737 0.598633
vt 0.910833 0.598634
vt 0.910914 0.598636
vt 0.418281 0.916392
vt 0.418363 0.916419
vt 0.418403 0.919743
vt 0.418185 0.916382
vt 0.418089 0.916393
vt 0.418009 0.916421
vt 0.417938 0.919746
vt 0.913149 0.104797
vt 0.913230 0.104799
vt 0.588439 0.948901
vt 0.588593 0.948897
vt 0.588649 0.949285
vt 0.588542 0.949287
vt 0.956896 0.896305
vt 0.957059 0.896363
vt 0.956712 0.896303
vt 0.780807 0.950703
vt 0.780992 0.950707
vt 0.780975 0.951057
vt 0.780847 0.951054
vt 0.956392 0.896459
vt 0.956535 0.896357
vt 0.759407 0.948158
vt 0.759252 0.948162
vt 0.759355 0.947782
vt 0.759462 0.947780
vt 0.759589 0.948157
vt 0.759588 0.947779
vt 0.759772 0.948159
vt 0.759713 0.947780
vt 0.759926 0.948162
vt 0.759820 0.947782
vt 0.073543 0.950346
vt 0.073699 0.950399
vt 0.073595 0.950782
vt 0.073487 0.950746
vt 0.073360 0.950328
vt 0.073361 0.950734
vt 0.073179 0.950348
vt 0.073236 0.950747
vt 0.073026 0.950402
vt 0.073130 0.950785
vt 0.588958 0.948897
vt 0.589113 0.948900
vt 0.589007 0.949287
vt 0.588900 0.949285
vt 0.588775 0.948896
vt 0.588775 0.949284
vt 0.588512 0.948218
vt 0.588777 0.948216
vt 0.588514 0.947918
vt 0.588778 0.947916
vt 0.588538 0.947659
vt 0.588778 0.947658
vt 0.291561 0.987514
vt 0.912827 0.109450
vt 0.913068 0.109446
vt 0.588288 0.948223
vt 0.588290 0.947922
vt 0.588334 0.947664
vt 0.912623 0.109455
vt 0.956887 0.895727
vt 0.957124 0.895811
vt 0.781276 0.950072
vt 0.781277 0.949776
vt 0.781484 0.949745
vt 0.781484 0.950041
vt 0.781249 0.949510
vt 0.781438 0.949482
vt 0.915140 0.498722
vt 0.915330 0.498705
vt 0.781018 0.950086
vt 0.781170 0.950698
vt 0.781020 0.949790
vt 0.781014 0.949523
vt 0.914905 0.498721
vt 0.780749 0.950080
vt 0.780751 0.949784
vt 0.780770 0.949517
vt 0.914661 0.498701
vt 0.780643 0.950687
vt 0.780510 0.950056
vt 0.780513 0.949760
vt 0.780552 0.949495
vt 0.914445 0.498666
vt 0.759327 0.948824
vt 0.759102 0.948829
vt 0.759329 0.949125
vt 0.759104 0.949130
vt 0.759353 0.949387
vt 0.759148 0.949391
vt 0.910484 0.593961
vt 0.910279 0.593966
vt 0.759593 0.948822
vt 0.759593 0.949123
vt 0.759594 0.949385
vt 0.910726 0.593959
vt 0.759857 0.948824
vt 0.759857 0.949125
vt 0.759835 0.949387
vt 0.910966 0.593961
vt 0.760081 0.948829
vt 0.760081 0.949130
vt 0.760038 0.949391
vt 0.911170 0.593966
vt 0.073625 0.949666
vt 0.073852 0.949742
vt 0.073626 0.949409
vt 0.073852 0.949485
vt 0.073605 0.949215
vt 0.073811 0.949284
vt 0.911306 0.593973
vt 0.073359 0.949640
vt 0.073361 0.949383
vt 0.073363 0.949191
vt 0.418161 0.920187
vt 0.418403 0.920210
vt 0.073095 0.949668
vt 0.073097 0.949411
vt 0.073123 0.949217
vt 0.417921 0.920213
vt 0.072873 0.949747
vt 0.072876 0.949490
vt 0.072921 0.949288
vt 0.913514 0.109450
vt 0.913651 0.109455
vt 0.589042 0.948218
vt 0.589267 0.948223
vt 0.589042 0.947917
vt 0.589266 0.947922
vt 0.589020 0.947659
vt 0.589224 0.947664
vt 0.913309 0.109446
vt 0.661815 0.987535
vt 0.517615 0.940308
vt 0.517684 0.940308
vt 0.517677 0.942739
vt 0.517590 0.942739
vt 0.517557 0.940310
vt 0.517516 0.942741
vt 0.944707 0.655022
vt 0.944761 0.655015
vt 0.944761 0.657413
vt 0.944692 0.657423
vt 0.944640 0.655025
vt 0.944607 0.657426
vt 0.944570 0.655023
vt 0.944519 0.657423
vt 0.944508 0.655016
vt 0.944440 0.657414
vt 0.941716 0.071776
vt 0.941658 0.071777
vt 0.941617 0.069344
vt 0.941691 0.069342
vt 0.941785 0.071776
vt 0.941778 0.069342
vt 0.941854 0.071776
vt 0.941865 0.069342
vt 0.941912 0.071777
vt 0.941939 0.069344
vt 0.955428 0.952693
vt 0.955486 0.952713
vt 0.955499 0.954783
vt 0.955425 0.954757
vt 0.955359 0.952686
vt 0.955337 0.954748
vt 0.955290 0.952693
vt 0.955250 0.954757
vt 0.955232 0.952713
vt 0.955177 0.954783
vt 0.517753 0.940308
vt 0.517811 0.940310
vt 0.517838 0.942741
vt 0.517764 0.942739
vt 0.979795 0.034716
vt 0.979796 0.034629
vt 0.979945 0.034598
vt 0.979944 0.034717
vt 0.964316 0.432037
vt 0.964440 0.432038
vt 0.964412 0.432185
vt 0.964316 0.432185
vt 0.979798 0.034877
vt 0.979796 0.034804
vt 0.979945 0.034836
vt 0.979948 0.034937
vt 0.983429 0.768025
vt 0.983420 0.767938
vt 0.983507 0.767940
vt 0.983519 0.768059
vt 0.979798 0.034555
vt 0.979947 0.034497
vt 0.629377 0.985128
vt 0.629466 0.985128
vt 0.629478 0.985213
vt 0.629357 0.985213
vt 0.374223 0.972721
vt 0.374222 0.972795
vt 0.374067 0.972765
vt 0.374069 0.972664
vt 0.983429 0.767850
vt 0.983519 0.767821
vt 0.374225 0.972672
vt 0.374072 0.972597
vt 0.374223 0.972970
vt 0.374225 0.973044
vt 0.374072 0.973104
vt 0.374069 0.973003
vt 0.374222 0.972883
vt 0.374067 0.972884
vt 0.976776 0.674579
vt 0.976779 0.674664
vt 0.976616 0.674700
vt 0.976611 0.674584
vt 0.976788 0.674411
vt 0.976779 0.674490
vt 0.976616 0.674464
vt 0.976628 0.674356
vt 0.964087 0.432041
vt 0.964192 0.432038
vt 0.964220 0.432185
vt 0.964139 0.432187
vt 0.208717 0.971104
vt 0.208772 0.971000
vt 0.208902 0.971050
vt 0.208859 0.971131
vt 0.208717 0.971352
vt 0.208697 0.971228
vt 0.208844 0.971227
vt 0.208859 0.971323
vt 0.208772 0.971459
vt 0.208902 0.971405
vt 0.759432 0.965008
vt 0.759307 0.965010
vt 0.759334 0.964867
vt 0.759430 0.964866
vt 0.759202 0.965013
vt 0.759252 0.964869
vt 0.759556 0.965008
vt 0.759526 0.964866
vt 0.967004 0.692881
vt 0.967110 0.692917
vt 0.967058 0.693068
vt 0.966975 0.693040
vt 0.759660 0.965010
vt 0.759607 0.964867
vt 0.966879 0.692868
vt 0.966879 0.693030
vt 0.966651 0.692917
vt 0.966756 0.692881
vt 0.966783 0.693040
vt 0.966703 0.693068
vt 0.964546 0.432040
vt 0.964494 0.432187
vt 0.976788 0.674732
vt 0.976628 0.674794
vt 0.964137 0.431685
vt 0.964317 0.431684
vt 0.964138 0.431530
vt 0.964317 0.431529
vt 0.964155 0.431397
vt 0.964318 0.431396
vt 0.802682 0.990267
vt 0.980152 0.034881
vt 0.980151 0.034718
vt 0.963984 0.431688
vt 0.963986 0.431533
vt 0.964017 0.431400
vt 0.980155 0.035018
vt 0.208394 0.971052
vt 0.208474 0.970901
vt 0.978644 0.105318
vt 0.978797 0.105320
vt 0.978816 0.105461
vt 0.978663 0.105459
vt 0.978936 0.105302
vt 0.978953 0.105430
vt 0.976389 0.674751
vt 0.976406 0.674878
vt 0.208366 0.971232
vt 0.978637 0.105143
vt 0.978790 0.105145
vt 0.978930 0.105144
vt 0.976383 0.674592
vt 0.208394 0.971413
vt 0.978644 0.104960
vt 0.978797 0.104964
vt 0.978936 0.104978
vt 0.976389 0.674427
vt 0.208474 0.971567
vt 0.978663 0.104797
vt 0.978816 0.104802
vt 0.978953 0.104831
vt 0.976406 0.674280
vt 0.759255 0.965355
vt 0.759102 0.965359
vt 0.759258 0.965510
vt 0.759105 0.965514
vt 0.759275 0.965645
vt 0.759137 0.965649
vt 0.373855 0.973048
vt 0.373859 0.973186
vt 0.759436 0.965352
vt 0.759437 0.965508
vt 0.759438 0.965643
vt 0.373853 0.972885
vt 0.759616 0.965352
vt 0.759616 0.965508
vt 0.759601 0.965643
vt 0.373853 0.972723
vt 0.759768 0.965355
vt 0.759768 0.965510
vt 0.759738 0.965645
vt 0.373855 0.972585
vt 0.967061 0.692512
vt 0.967215 0.692564
vt 0.967061 0.692379
vt 0.967215 0.692432
vt 0.759869 0.965514
vt 0.759830 0.965649
vt 0.373859 0.972493
vt 0.966880 0.692493
vt 0.966882 0.692361
vt 0.966883 0.692268
vt 0.967047 0.692285
vt 0.983629 0.767944
vt 0.983645 0.767780
vt 0.966701 0.692512
vt 0.966703 0.692379
vt 0.966721 0.692285
vt 0.983645 0.768106
vt 0.966549 0.692564
vt 0.966552 0.692432
vt 0.964649 0.431533
vt 0.964619 0.431400
vt 0.964711 0.431405
vt 0.964751 0.431538
vt 0.629330 0.985330
vt 0.629496 0.985330
vt 0.964497 0.431685
vt 0.964650 0.431688
vt 0.964497 0.431530
vt 0.964481 0.431397
vt 0.980152 0.034555
vt 0.980155 0.034417
vt 0.231897 0.651018
vt 0.231855 0.651138
vt 0.231559 0.651089
vt 0.231618 0.650918
vt 0.231897 0.651381
vt 0.231974 0.651467
vt 0.231728 0.651556
vt 0.231619 0.651434
vt 0.035142 0.918025
vt 0.035256 0.918003
vt 0.035203 0.918254
vt 0.035042 0.918285
vt 0.035383 0.918002
vt 0.035384 0.918253
vt 0.035506 0.918023
vt 0.035558 0.918283
vt 0.612832 0.917427
vt 0.612935 0.917473
vt 0.612859 0.917828
vt 0.612712 0.917764
vt 0.613060 0.917495
vt 0.613035 0.917860
vt 0.613186 0.917490
vt 0.613215 0.917854
vt 0.613295 0.917460
vt 0.613370 0.917811
vt 0.495175 0.911562
vt 0.495068 0.911553
vt 0.495100 0.911185
vt 0.495252 0.911198
vt 0.494942 0.911555
vt 0.494921 0.911188
vt 0.494817 0.911567
vt 0.494743 0.911206
vt 0.494711 0.911589
vt 0.494593 0.911236
vt 0.231974 0.650923
vt 0.231728 0.650784
vt 0.950733 0.222638
vt 0.950617 0.222676
vt 0.950489 0.222683
vt 0.950369 0.222656
vt 0.950275 0.222600
vt 0.950222 0.222524
vt 0.950218 0.222439
vt 0.950262 0.222358
vt 0.950350 0.222293
vt 0.950466 0.222254
vt 0.950594 0.222248
vt 0.950714 0.222275
vt 0.950808 0.222330
vt 0.950861 0.222407
vt 0.950865 0.222492
vt 0.950821 0.222573
vt 0.112842 0.990923
vt 0.231855 0.651266
vt 0.231559 0.651270
vt 0.055900 0.982894
vt 0.055923 0.982828
vt 0.055965 0.982776
vt 0.056020 0.982746
vt 0.056080 0.982743
vt 0.056135 0.982766
vt 0.056178 0.982813
vt 0.056201 0.982876
vt 0.056201 0.982946
vt 0.056178 0.983012
vt 0.056135 0.983064
vt 0.056080 0.983094
vt 0.056020 0.983098
vt 0.055965 0.983074
vt 0.055923 0.983027
vt 0.055900 0.982964
vt 0.839877 0.919299
vt 0.839973 0.919288
vt 0.839961 0.922560
vt 0.839836 0.922573
vt 0.839796 0.919327
vt 0.839729 0.922611
vt 0.495069 0.915395
vt 0.494988 0.915411
vt 0.495165 0.915385
vt 0.495261 0.915384
vt 0.495343 0.915391
vt 0.613374 0.914146
vt 0.613458 0.914123
vt 0.613278 0.914150
vt 0.613183 0.914133
vt 0.613104 0.914098
vt 0.035526 0.914522
vt 0.035620 0.914538
vt 0.035429 0.914523
vt 0.035342 0.914540
vt 0.035280 0.914570
vt 0.035061 0.918065
vt 0.840069 0.919299
vt 0.840150 0.919327
vt 0.840194 0.922611
vt 0.840087 0.922573
vt 0.950732 0.577044
vt 0.950886 0.576989
vt 0.950942 0.577387
vt 0.950835 0.577424
vt 0.399594 0.949913
vt 0.399439 0.949935
vt 0.399544 0.949582
vt 0.399650 0.949567
vt 0.399776 0.949905
vt 0.399776 0.949562
vt 0.950604 0.221865
vt 0.950777 0.221904
vt 0.950418 0.221875
vt 0.950249 0.221930
vt 0.950122 0.222024
vt 0.839712 0.955443
vt 0.839530 0.955424
vt 0.839528 0.955177
vt 0.839654 0.955191
vt 0.646680 0.937791
vt 0.646537 0.937733
vt 0.646669 0.937352
vt 0.646767 0.937392
vt 0.646857 0.937823
vt 0.646890 0.937414
vt 0.647042 0.937823
vt 0.647017 0.937414
vt 0.647207 0.937791
vt 0.647130 0.937392
vt 0.647325 0.937733
vt 0.647213 0.937352
vt 0.951251 0.576989
vt 0.951405 0.577044
vt 0.951300 0.577424
vt 0.951193 0.577387
vt 0.951068 0.576970
vt 0.951067 0.577373
vt 0.950805 0.576313
vt 0.951070 0.576285
vt 0.950807 0.576059
vt 0.951071 0.576031
vt 0.172902 0.964983
vt 0.173081 0.965035
vt 0.173001 0.965266
vt 0.172814 0.965235
vt 0.989249 0.365521
vt 0.231288 0.650801
vt 0.231208 0.651031
vt 0.950581 0.576393
vt 0.950583 0.576138
vt 0.173064 0.964784
vt 0.173229 0.964854
vt 0.231436 0.650619
vt 0.399512 0.950528
vt 0.399287 0.950560
vt 0.399512 0.950822
vt 0.399288 0.950854
vt 0.399535 0.951088
vt 0.399331 0.951117
vt 0.494656 0.910777
vt 0.494453 0.910818
vt 0.399776 0.950516
vt 0.399776 0.950811
vt 0.399776 0.951078
vt 0.494896 0.910753
vt 0.950613 0.221222
vt 0.950865 0.221278
vt 0.400041 0.950528
vt 0.400041 0.950822
vt 0.400017 0.951088
vt 0.495137 0.910749
vt 0.950343 0.221235
vt 0.400266 0.950560
vt 0.400265 0.950854
vt 0.400222 0.951117
vt 0.495343 0.910767
vt 0.950097 0.221317
vt 0.839269 0.955907
vt 0.839271 0.956162
vt 0.839046 0.956242
vt 0.839044 0.955986
vt 0.839295 0.956413
vt 0.839090 0.956485
vt 0.613249 0.918285
vt 0.613458 0.918227
vt 0.949913 0.221453
vt 0.839534 0.955879
vt 0.839535 0.956135
vt 0.839536 0.956387
vt 0.613006 0.918293
vt 0.839798 0.955907
vt 0.839799 0.956162
vt 0.839777 0.956413
vt 0.612768 0.918251
vt 0.646548 0.938475
vt 0.646340 0.938390
vt 0.840023 0.955986
vt 0.840023 0.956242
vt 0.839981 0.956485
vt 0.612569 0.918164
vt 0.646805 0.938520
vt 0.646792 0.938790
vt 0.646535 0.938745
vt 0.646787 0.938998
vt 0.646553 0.938956
vt 0.035385 0.918551
vt 0.035620 0.918591
vt 0.647074 0.938520
vt 0.647060 0.938790
vt 0.647032 0.938998
vt 0.035141 0.918552
vt 0.647313 0.938475
vt 0.647299 0.938745
vt 0.647249 0.938956
vt 0.034923 0.918595
vt 0.647486 0.938391
vt 0.647471 0.938661
vt 0.172902 0.965746
vt 0.173081 0.965732
vt 0.173229 0.965897
vt 0.173064 0.965927
vt 0.231288 0.651497
vt 0.231436 0.651662
vt 0.951335 0.576313
vt 0.951560 0.576393
vt 0.951335 0.576059
vt 0.951559 0.576138
vt 0.172814 0.965504
vt 0.173001 0.965511
vt 0.231208 0.651276
vt 0.316431 0.988717
vt 0.955321 0.843107
vt 0.955390 0.843100
vt 0.955383 0.845137
vt 0.955295 0.845146
vt 0.955262 0.843128
vt 0.955221 0.845173
vt 0.945110 0.676672
vt 0.945051 0.676680
vt 0.945017 0.674294
vt 0.945091 0.674284
vt 0.945179 0.676669
vt 0.945178 0.674280
vt 0.945247 0.676672
vt 0.945266 0.674284
vt 0.945306 0.676680
vt 0.945340 0.674294
vt 0.954718 0.871065
vt 0.954660 0.871086
vt 0.954615 0.869007
vt 0.954689 0.868980
vt 0.954787 0.871058
vt 0.954777 0.868971
vt 0.954856 0.871065
vt 0.954864 0.868980
vt 0.954914 0.871086
vt 0.954938 0.869007
vt 0.951658 0.753732
vt 0.951590 0.753724
vt 0.951525 0.751554
vt 0.951611 0.751563
vt 0.951727 0.753727
vt 0.951699 0.751557
vt 0.951788 0.753711
vt 0.951777 0.751537
vt 0.951832 0.753686
vt 0.951832 0.751505
vt 0.955459 0.843107
vt 0.955517 0.843128
vt 0.955544 0.845173
vt 0.955470 0.845146
vt 0.970780 0.869338
vt 0.970765 0.869425
vt 0.970617 0.869407
vt 0.970637 0.869288
vt 0.967103 0.172719
vt 0.966980 0.172696
vt 0.967021 0.172540
vt 0.967116 0.172558
vt 0.970886 0.869204
vt 0.970822 0.869260
vt 0.970696 0.869183
vt 0.970783 0.869107
vt 0.970822 0.869577
vt 0.970886 0.869618
vt 0.970783 0.869670
vt 0.970696 0.869614
vt 0.970780 0.869509
vt 0.970638 0.869522
vt 0.971661 0.970454
vt 0.971643 0.970530
vt 0.971471 0.970517
vt 0.971496 0.970413
vt 0.191335 0.984409
vt 0.191423 0.984409
vt 0.191426 0.984510
vt 0.191305 0.984510
vt 0.971695 0.970400
vt 0.971543 0.970340
vt 0.971661 0.970704
vt 0.971695 0.970775
vt 0.971542 0.970850
vt 0.971496 0.970753
vt 0.971643 0.970618
vt 0.971471 0.970636
vt 0.976326 0.594260
vt 0.976330 0.594348
vt 0.976165 0.594379
vt 0.976160 0.594260
vt 0.976340 0.594099
vt 0.976330 0.594173
vt 0.976165 0.594141
vt 0.976179 0.594040
vt 0.967336 0.172687
vt 0.967228 0.172716
vt 0.967213 0.172555
vt 0.967296 0.172533
vt 0.967410 0.172637
vt 0.967354 0.172494
vt 0.955532 0.970464
vt 0.955565 0.970347
vt 0.955713 0.970387
vt 0.955688 0.970478
vt 0.955624 0.970257
vt 0.955759 0.970318
vt 0.955532 0.970590
vt 0.955688 0.970576
vt 0.955624 0.970796
vt 0.955564 0.970707
vt 0.955713 0.970666
vt 0.955759 0.970735
vt 0.960266 0.594149
vt 0.960312 0.594086
vt 0.960455 0.594151
vt 0.960419 0.594199
vt 0.960224 0.594371
vt 0.960235 0.594249
vt 0.960395 0.594277
vt 0.960387 0.594371
vt 0.960235 0.594497
vt 0.960395 0.594468
vt 0.960312 0.594684
vt 0.960266 0.594606
vt 0.960419 0.594553
vt 0.960455 0.594613
vt 0.966878 0.172651
vt 0.966943 0.172505
vt 0.976340 0.594422
vt 0.976179 0.594480
vt 0.967254 0.173087
vt 0.967072 0.173091
vt 0.967242 0.173217
vt 0.967062 0.173221
vt 0.974670 0.526172
vt 0.974770 0.526205
vt 0.974716 0.526361
vt 0.974610 0.526343
vt 0.986957 0.843100
vt 0.970520 0.869075
vt 0.970440 0.869220
vt 0.967410 0.173045
vt 0.967397 0.173175
vt 0.974780 0.526037
vt 0.974870 0.526082
vt 0.970640 0.868971
vt 0.611964 0.968844
vt 0.612276 0.968899
vt 0.612298 0.969052
vt 0.611979 0.968949
vt 0.612428 0.968899
vt 0.612450 0.969051
vt 0.612567 0.968882
vt 0.612587 0.969020
vt 0.975936 0.594423
vt 0.975956 0.594561
vt 0.611958 0.968719
vt 0.612268 0.968719
vt 0.612420 0.968719
vt 0.612561 0.968719
vt 0.975929 0.594260
vt 0.955177 0.970435
vt 0.955223 0.970265
vt 0.612276 0.968539
vt 0.612428 0.968540
vt 0.612567 0.968556
vt 0.975936 0.594097
vt 0.955177 0.970619
vt 0.612298 0.968386
vt 0.612450 0.968388
vt 0.612587 0.968418
vt 0.975956 0.593959
vt 0.955223 0.970788
vt 0.977302 0.299748
vt 0.977435 0.299746
vt 0.977489 0.299898
vt 0.977356 0.299901
vt 0.977569 0.299729
vt 0.977618 0.299867
vt 0.971268 0.970822
vt 0.971331 0.970955
vt 0.955310 0.970918
vt 0.977283 0.299567
vt 0.977416 0.299567
vt 0.977552 0.299566
vt 0.971233 0.970662
vt 0.959907 0.594051
vt 0.959974 0.593959
vt 0.977302 0.299387
vt 0.977435 0.299388
vt 0.977569 0.299403
vt 0.971233 0.970498
vt 0.959862 0.594196
vt 0.977356 0.299235
vt 0.977489 0.299236
vt 0.977618 0.299266
vt 0.971268 0.970356
vt 0.959846 0.594373
vt 0.959707 0.594379
vt 0.959723 0.594202
vt 0.959606 0.594386
vt 0.959620 0.594226
vt 0.971331 0.970257
vt 0.959862 0.594555
vt 0.959723 0.594560
vt 0.959620 0.594551
vt 0.191263 0.984649
vt 0.191429 0.984649
vt 0.959907 0.594715
vt 0.959768 0.594718
vt 0.959661 0.594695
vt 0.970520 0.869665
vt 0.970640 0.869742
vt 0.959974 0.594827
vt 0.959835 0.594830
vt 0.974670 0.526690
vt 0.974770 0.526675
vt 0.974870 0.526787
vt 0.974780 0.526812
vt 0.970441 0.869539
vt 0.966894 0.173058
vt 0.966746 0.172992
vt 0.966884 0.173188
vt 0.966737 0.173122
vt 0.974610 0.526525
vt 0.974716 0.526526
vt 0.970412 0.869382
vt 0.912137 0.303055
vt 0.912026 0.303410
vt 0.911914 0.303368
vt 0.912058 0.303026
vt 0.136742 0.914890
vt 0.136713 0.915261
vt 0.136538 0.915234
vt 0.136619 0.914871
vt 0.136396 0.915185
vt 0.136518 0.914837
vt 0.917925 0.693003
vt 0.917894 0.692690
vt 0.918075 0.692677
vt 0.918053 0.692994
vt 0.918235 0.692653
vt 0.918166 0.692977
vt 0.434808 0.959744
vt 0.434581 0.959882
vt 0.434467 0.959749
vt 0.434727 0.959650
vt 0.434405 0.959578
vt 0.434684 0.959530
vt 0.434405 0.959397
vt 0.434684 0.959402
vt 0.434467 0.959232
vt 0.434727 0.959286
vt 0.434581 0.959110
vt 0.434808 0.959200
vt 0.912599 0.303074
vt 0.912683 0.303437
vt 0.912540 0.303456
vt 0.912499 0.303087
vt 0.912365 0.303457
vt 0.912376 0.303088
vt 0.912185 0.303441
vt 0.912249 0.303077
vt 0.957420 0.366347
vt 0.957546 0.366333
vt 0.957670 0.366363
vt 0.957773 0.366432
vt 0.957838 0.366531
vt 0.957855 0.366644
vt 0.957823 0.366753
vt 0.957746 0.366843
vt 0.957636 0.366899
vt 0.957509 0.366913
vt 0.957385 0.366883
vt 0.957283 0.366813
vt 0.957217 0.366714
vt 0.957200 0.366602
vt 0.957232 0.366492
vt 0.957309 0.366403
vt 0.988922 0.723823
vt 0.136981 0.914874
vt 0.137052 0.915238
vt 0.136894 0.915262
vt 0.136869 0.914891
vt 0.982790 0.221427
vt 0.982766 0.221492
vt 0.982722 0.221544
vt 0.982664 0.221573
vt 0.982602 0.221576
vt 0.982544 0.221552
vt 0.982500 0.221505
vt 0.982476 0.221441
vt 0.982476 0.221371
vt 0.982500 0.221306
vt 0.982544 0.221254
vt 0.982602 0.221225
vt 0.982664 0.221222
vt 0.982722 0.221246
vt 0.982766 0.221293
vt 0.982790 0.221357
vt 0.912428 0.299257
vt 0.912368 0.299235
vt 0.912514 0.299274
vt 0.912611 0.299283
vt 0.912705 0.299282
vt 0.912781 0.299272
vt 0.906902 0.921975
vt 0.906885 0.918545
vt 0.906956 0.918494
vt 0.906956 0.921936
vt 0.906820 0.922002
vt 0.906778 0.918581
vt 0.906724 0.922013
vt 0.906653 0.918595
vt 0.906628 0.922006
vt 0.906527 0.918586
vt 0.906547 0.921982
vt 0.906420 0.918554
vt 0.918231 0.696819
vt 0.918318 0.696806
vt 0.918134 0.696826
vt 0.918040 0.696825
vt 0.917803 0.693002
vt 0.136954 0.911236
vt 0.136860 0.911221
vt 0.137051 0.911237
vt 0.137137 0.911223
vt 0.937509 0.414563
vt 0.937473 0.414224
vt 0.937586 0.414241
vt 0.937672 0.414588
vt 0.937325 0.414554
vt 0.937346 0.414218
vt 0.937146 0.414562
vt 0.937223 0.414224
vt 0.937002 0.414588
vt 0.937123 0.414241
vt 0.559052 0.938562
vt 0.559154 0.938951
vt 0.559082 0.939000
vt 0.558948 0.938634
vt 0.559208 0.938515
vt 0.559261 0.938918
vt 0.559391 0.938499
vt 0.559387 0.938907
vt 0.559572 0.938517
vt 0.559513 0.938920
vt 0.559726 0.938566
vt 0.559619 0.938953
vt 0.475930 0.946600
vt 0.475887 0.946197
vt 0.476000 0.946185
vt 0.476094 0.946584
vt 0.475744 0.946604
vt 0.475759 0.946199
vt 0.475567 0.946594
vt 0.475637 0.946193
vt 0.475425 0.946573
vt 0.475538 0.946178
vt 0.956464 0.936730
vt 0.956414 0.937035
vt 0.956287 0.937041
vt 0.956280 0.936738
vt 0.957565 0.366024
vt 0.957381 0.366044
vt 0.957744 0.366068
vt 0.957594 0.365521
vt 0.957855 0.365584
vt 0.937796 0.415204
vt 0.937966 0.415258
vt 0.937958 0.415550
vt 0.937789 0.415496
vt 0.937899 0.415809
vt 0.937745 0.415759
vt 0.939238 0.986557
vt 0.911895 0.303831
vt 0.911743 0.303774
vt 0.937559 0.415167
vt 0.937553 0.415459
vt 0.937529 0.415725
vt 0.912109 0.303873
vt 0.937291 0.415154
vt 0.937285 0.415447
vt 0.937285 0.415714
vt 0.912353 0.303895
vt 0.937032 0.415167
vt 0.937026 0.415459
vt 0.937049 0.415725
vt 0.912589 0.303893
vt 0.936822 0.415204
vt 0.936817 0.415496
vt 0.936858 0.415759
vt 0.912781 0.303868
vt 0.558752 0.937999
vt 0.558904 0.937895
vt 0.558755 0.937734
vt 0.558907 0.937630
vt 0.936688 0.415550
vt 0.936740 0.415809
vt 0.434157 0.959168
vt 0.434312 0.959003
vt 0.559130 0.937826
vt 0.559132 0.937561
vt 0.558950 0.937420
vt 0.559156 0.937358
vt 0.434074 0.959391
vt 0.559396 0.937803
vt 0.559397 0.937538
vt 0.559397 0.937337
vt 0.434074 0.959635
vt 0.559660 0.937830
vt 0.559660 0.937564
vt 0.559638 0.937360
vt 0.434157 0.959865
vt 0.559883 0.937901
vt 0.559883 0.937636
vt 0.559841 0.937425
vt 0.434312 0.960046
vt 0.476232 0.947275
vt 0.475993 0.947299
vt 0.476232 0.947571
vt 0.475993 0.947595
vt 0.476195 0.947818
vt 0.475977 0.947840
vt 0.918101 0.692301
vt 0.918318 0.692268
vt 0.475724 0.947305
vt 0.475725 0.947600
vt 0.475733 0.947845
vt 0.917857 0.692318
vt 0.475466 0.947291
vt 0.475468 0.947587
vt 0.475498 0.947833
vt 0.136443 0.915664
vt 0.136250 0.915599
vt 0.475259 0.947260
vt 0.956271 0.936193
vt 0.956009 0.936166
vt 0.956011 0.935886
vt 0.956272 0.935912
vt 0.956039 0.935624
vt 0.956276 0.935648
vt 0.136679 0.915701
vt 0.956538 0.936180
vt 0.956539 0.935900
vt 0.956520 0.935637
vt 0.136923 0.915703
vt 0.957327 0.365550
vt 0.956771 0.936131
vt 0.956771 0.935851
vt 0.956732 0.935593
vt 0.137137 0.915669
vt 0.955177 0.986393
vt 0.940875 0.787072
vt 0.940863 0.784700
vt 0.940919 0.784716
vt 0.940919 0.787084
vt 0.940813 0.787064
vt 0.940784 0.784691
vt 0.940743 0.787064
vt 0.940696 0.784690
vt 0.940676 0.787070
vt 0.940610 0.784698
vt 0.940621 0.787082
vt 0.940542 0.784713
vt 0.950814 0.154435
vt 0.950804 0.152299
vt 0.950853 0.152264
vt 0.950853 0.154407
vt 0.950756 0.154454
vt 0.950730 0.152324
vt 0.950687 0.154462
vt 0.950642 0.152334
vt 0.950618 0.154457
vt 0.950555 0.152327
vt 0.950559 0.154440
vt 0.950481 0.152306
vt 0.948984 0.333369
vt 0.948947 0.335753
vt 0.948868 0.335759
vt 0.948921 0.333374
vt 0.949054 0.333368
vt 0.949036 0.335752
vt 0.949121 0.333373
vt 0.949121 0.335758
vt 0.951133 0.172509
vt 0.951098 0.174788
vt 0.951012 0.174778
vt 0.951065 0.172501
vt 0.951202 0.172506
vt 0.951186 0.174785
vt 0.951263 0.172494
vt 0.951263 0.174769
vt 0.972150 0.918509
vt 0.971984 0.918556
vt 0.971967 0.918451
vt 0.972138 0.918432
vt 0.974839 0.542579
vt 0.974840 0.542711
vt 0.974744 0.542728
vt 0.974715 0.542600
vt 0.976266 0.610516
vt 0.976100 0.610489
vt 0.976116 0.610382
vt 0.976278 0.610438
vt 0.972150 0.918258
vt 0.971984 0.918214
vt 0.972016 0.918118
vt 0.972174 0.918188
vt 0.971967 0.918331
vt 0.972138 0.918344
vt 0.890260 0.972524
vt 0.890149 0.972603
vt 0.890073 0.972514
vt 0.890204 0.972459
vt 0.399596 0.982852
vt 0.399598 0.982987
vt 0.399477 0.982982
vt 0.399507 0.982849
vt 0.399369 0.982987
vt 0.399428 0.982852
vt 0.890173 0.972287
vt 0.890032 0.972279
vt 0.890073 0.972170
vt 0.890204 0.972206
vt 0.890032 0.972400
vt 0.890173 0.972376
vt 0.976266 0.610690
vt 0.976100 0.610726
vt 0.976094 0.610609
vt 0.976262 0.610605
vt 0.890149 0.972088
vt 0.890260 0.972146
vt 0.972174 0.918564
vt 0.972016 0.918631
vt 0.975068 0.542663
vt 0.975017 0.542776
vt 0.974936 0.542728
vt 0.974964 0.542600
vt 0.494577 0.965415
vt 0.494453 0.965411
vt 0.494453 0.965313
vt 0.494577 0.965289
vt 0.494610 0.965633
vt 0.494480 0.965580
vt 0.494463 0.965504
vt 0.494588 0.965535
vt 0.901826 0.156792
vt 0.901982 0.156754
vt 0.902015 0.156813
vt 0.901868 0.156867
vt 0.901803 0.156559
vt 0.901965 0.156574
vt 0.901965 0.156671
vt 0.901803 0.156683
vt 0.901826 0.156436
vt 0.901982 0.156479
vt 0.966794 0.221390
vt 0.966772 0.221235
vt 0.966859 0.221225
vt 0.966906 0.221378
vt 0.901868 0.156335
vt 0.902015 0.156401
vt 0.966668 0.221394
vt 0.966675 0.221237
vt 0.966450 0.221374
vt 0.966506 0.221222
vt 0.966581 0.221233
vt 0.966547 0.221388
vt 0.974662 0.542776
vt 0.974610 0.542663
vt 0.974838 0.542286
vt 0.975018 0.542318
vt 0.494897 0.965075
vt 0.494929 0.964959
vt 0.495080 0.964957
vt 0.495049 0.965073
vt 0.495216 0.964991
vt 0.495187 0.965097
vt 0.229268 0.987177
vt 0.971797 0.918723
vt 0.971753 0.918621
vt 0.494589 0.965177
vt 0.494880 0.965238
vt 0.495032 0.965235
vt 0.495172 0.965243
vt 0.975870 0.610450
vt 0.975892 0.610304
vt 0.494880 0.965421
vt 0.495032 0.965416
vt 0.495172 0.965409
vt 0.975862 0.610615
vt 0.494898 0.965596
vt 0.495049 0.965591
vt 0.495187 0.965567
vt 0.975870 0.610774
vt 0.494929 0.965738
vt 0.495080 0.965732
vt 0.495216 0.965695
vt 0.975892 0.610903
vt 0.976116 0.610820
vt 0.901522 0.156971
vt 0.901461 0.156862
vt 0.901386 0.156956
vt 0.901325 0.156847
vt 0.089948 0.974672
vt 0.090063 0.974548
vt 0.090146 0.974574
vt 0.090041 0.974686
vt 0.889892 0.972119
vt 0.889996 0.972007
vt 0.901427 0.156704
vt 0.901292 0.156691
vt 0.089886 0.974837
vt 0.089985 0.974836
vt 0.889835 0.972269
vt 0.901427 0.156523
vt 0.901292 0.156511
vt 0.089886 0.975019
vt 0.089985 0.975002
vt 0.889835 0.972434
vt 0.901461 0.156345
vt 0.901325 0.156334
vt 0.089948 0.975190
vt 0.090041 0.975157
vt 0.889892 0.972590
vt 0.901522 0.156199
vt 0.901386 0.156188
vt 0.090063 0.975324
vt 0.090146 0.975279
vt 0.889996 0.972712
vt 0.967002 0.221741
vt 0.966839 0.221759
vt 0.967002 0.221894
vt 0.966840 0.221911
vt 0.966976 0.222020
vt 0.966829 0.222035
vt 0.399435 0.983167
vt 0.399287 0.983173
vt 0.966656 0.221764
vt 0.966658 0.221916
vt 0.966664 0.222040
vt 0.399600 0.983173
vt 0.966481 0.221755
vt 0.966483 0.221908
vt 0.966505 0.222032
vt 0.971753 0.918152
vt 0.971797 0.918022
vt 0.966340 0.221735
vt 0.972642 0.626852
vt 0.972819 0.626878
vt 0.972811 0.627023
vt 0.972635 0.626997
vt 0.972785 0.627160
vt 0.972625 0.627137
vt 0.971730 0.918312
vt 0.972522 0.626581
vt 0.972647 0.626581
vt 0.972460 0.626852
vt 0.972454 0.626997
vt 0.972461 0.627137
vt 0.971730 0.918477
vt 0.974658 0.542318
vt 0.972301 0.626878
vt 0.972295 0.627023
vt 0.972317 0.627160
vt 0.976278 0.610760
vt 0.646340 0.920815
vt 0.647043 0.920816
vt 0.647114 0.921391
vt 0.646411 0.921390
vt 0.647316 0.921878
vt 0.646613 0.921877
vt 0.857014 0.938773
vt 0.856119 0.938773
vt 0.856118 0.938284
vt 0.857013 0.938284
vt 0.856118 0.937708
vt 0.857013 0.937708
vt 0.856118 0.937134
vt 0.857013 0.937134
vt 0.856119 0.936648
vt 0.857014 0.936648
vt 0.937585 0.398743
vt 0.936691 0.398743
vt 0.936688 0.398255
vt 0.937583 0.398255
vt 0.936688 0.397679
vt 0.937582 0.397679
vt 0.936688 0.397105
vt 0.937583 0.397105
vt 0.936691 0.396618
vt 0.937585 0.396618
vt 0.417508 0.935687
vt 0.418403 0.935687
vt 0.418402 0.936177
vt 0.417507 0.936177
vt 0.418401 0.936753
vt 0.417506 0.936753
vt 0.418402 0.937327
vt 0.417507 0.937327
vt 0.418403 0.937812
vt 0.417508 0.937812
vt 0.092767 0.906474
vt 0.092548 0.907016
vt 0.092142 0.907431
vt 0.091613 0.907657
vt 0.091040 0.907658
vt 0.090510 0.907434
vt 0.090105 0.907020
vt 0.089886 0.906479
vt 0.089886 0.905893
vt 0.090105 0.905351
vt 0.090510 0.904936
vt 0.091040 0.904711
vt 0.091613 0.904710
vt 0.092142 0.904933
vt 0.092548 0.905347
vt 0.092767 0.905888
vt 0.646613 0.919752
vt 0.647316 0.919753
vt 0.647114 0.920241
vt 0.646411 0.920240
vt 0.253315 0.943246
vt 0.253524 0.943246
vt 0.253524 0.945133
vt 0.253315 0.945133
vt 0.476921 0.912510
vt 0.476991 0.912310
vt 0.477799 0.912449
vt 0.477605 0.912999
vt 0.476791 0.912668
vt 0.477248 0.913432
vt 0.476621 0.912759
vt 0.476781 0.913682
vt 0.476437 0.912770
vt 0.476276 0.913712
vt 0.476267 0.912698
vt 0.475810 0.913515
vt 0.476137 0.912555
vt 0.475452 0.913123
vt 0.476067 0.912363
vt 0.475259 0.912595
vt 0.476067 0.912151
vt 0.475259 0.912012
vt 0.476137 0.911950
vt 0.475452 0.911462
vt 0.476267 0.911793
vt 0.475810 0.911029
vt 0.476437 0.911702
vt 0.476276 0.910778
vt 0.476621 0.911691
vt 0.476782 0.910749
vt 0.476791 0.911763
vt 0.477248 0.910946
vt 0.476921 0.911905
vt 0.477605 0.911338
vt 0.476991 0.912098
vt 0.477799 0.911866
vt 0.958339 0.069961
vt 0.958268 0.070161
vt 0.958138 0.070319
vt 0.957968 0.070410
vt 0.957784 0.070420
vt 0.957614 0.070349
vt 0.957484 0.070206
vt 0.957414 0.070014
vt 0.957414 0.069801
vt 0.957484 0.069601
vt 0.957614 0.069443
vt 0.957784 0.069352
vt 0.957968 0.069342
vt 0.958138 0.069413
vt 0.958268 0.069556
vt 0.958339 0.069748
vt 0.945448 0.459995
vt 0.945271 0.459994
vt 0.945271 0.458107
vt 0.945448 0.458107
vt 0.253701 0.943245
vt 0.253701 0.945132
vt 0.941617 0.087253
vt 0.941795 0.087252
vt 0.941795 0.089139
vt 0.941617 0.089140
vt 0.292335 0.955867
vt 0.292158 0.955794
vt 0.292158 0.954312
vt 0.292335 0.954385
vt 0.942004 0.087252
vt 0.942004 0.089139
vt 0.291948 0.955768
vt 0.291739 0.955794
vt 0.291739 0.954312
vt 0.291948 0.954286
vt 0.942213 0.087252
vt 0.942213 0.089139
vt 0.291561 0.955868
vt 0.291561 0.954386
vt 0.942390 0.087253
vt 0.942390 0.089140
vt 0.946044 0.459994
vt 0.945866 0.459995
vt 0.945866 0.458107
vt 0.946044 0.458107
vt 0.252927 0.943245
vt 0.253106 0.943246
vt 0.253106 0.945133
vt 0.252927 0.945132
vt 0.945657 0.459995
vt 0.945657 0.458107
vt 0.520245 0.907532
vt 0.517516 0.907415
vt 0.520245 0.907842
vt 0.517517 0.907725
vt 0.751462 0.482337
vt 0.748732 0.482334
vt 0.748724 0.482107
vt 0.751454 0.482110
vt 0.748721 0.481179
vt 0.751451 0.481182
vt 0.751462 0.458480
vt 0.748732 0.458477
vt 0.517516 0.904923
vt 0.520244 0.905040
vt 0.517516 0.904577
vt 0.520244 0.904694
vt 0.517517 0.904323
vt 0.520245 0.904440
vt 0.753279 0.526042
vt 0.755423 0.526037
vt 0.747887 0.398204
vt 0.747887 0.420905
vt 0.747814 0.421833
vt 0.747615 0.422061
vt 0.747343 0.422146
vt 0.746799 0.422149
vt 0.745762 0.422156
vt 0.745153 0.422160
vt 0.744848 0.422069
vt 0.744625 0.421818
vt 0.744544 0.420780
vt 0.744544 0.398227
vt 0.520478 0.559647
vt 0.520130 0.558154
vt 0.521391 0.558153
vt 0.521401 0.559630
vt 0.522753 0.558154
vt 0.522736 0.559631
vt 0.304489 0.528066
vt 0.304486 0.526600
vt 0.305725 0.526674
vt 0.305763 0.528104
vt 0.307093 0.526674
vt 0.306846 0.528104
vt 0.308224 0.526600
vt 0.307741 0.528045
vt 0.667024 0.570916
vt 0.667262 0.572411
vt 0.665938 0.572413
vt 0.665976 0.570918
vt 0.664610 0.572413
vt 0.664924 0.570918
vt 0.663634 0.572411
vt 0.664151 0.570916
vt 0.394009 0.629054
vt 0.394551 0.630545
vt 0.393596 0.630540
vt 0.393254 0.629050
vt 0.392277 0.630538
vt 0.392209 0.629048
vt 0.393257 0.636617
vt 0.392267 0.636616
vt 0.390946 0.630540
vt 0.391154 0.629050
vt 0.389959 0.630545
vt 0.390373 0.629054
vt 0.015215 0.797344
vt 0.013211 0.798501
vt 0.010898 0.798501
vt 0.008894 0.797344
vt 0.007737 0.795340
vt 0.007737 0.793026
vt 0.008894 0.791023
vt 0.010898 0.789865
vt 0.013211 0.789865
vt 0.015215 0.791022
vt 0.016372 0.793026
vt 0.016372 0.795340
vt 0.518991 0.672091
vt 0.521116 0.672091
vt 0.393973 0.636621
vt 0.664944 0.578485
vt 0.664211 0.578483
vt 0.665941 0.578485
vt 0.666934 0.578483
vt 0.306924 0.520566
vt 0.307773 0.520511
vt 0.305898 0.520566
vt 0.391267 0.636617
vt 0.390527 0.636621
vt 0.520540 0.552080
vt 0.521487 0.552080
vt 0.304968 0.520511
vt 0.522510 0.552080
vt 0.523414 0.672091
vt 0.390009 0.516593
vt 0.388346 0.516602
vt 0.392254 0.516590
vt 0.394478 0.516593
vt 0.396087 0.516602
vt 0.663621 0.458482
vt 0.661974 0.458477
vt 0.665860 0.458482
vt 0.668091 0.458477
vt 0.306690 0.640142
vt 0.308596 0.640018
vt 0.304383 0.640142
vt 0.302294 0.640018
vt 0.650321 0.155565
vt 0.652206 0.007738
vt 0.654106 0.007737
vt 0.653650 0.155564
vt 0.656159 0.007738
vt 0.657248 0.155565
vt 0.622358 0.173593
vt 0.619144 0.320793
vt 0.617277 0.320681
vt 0.619087 0.173398
vt 0.615215 0.320681
vt 0.615475 0.173398
vt 0.613511 0.320793
vt 0.612490 0.173593
vt 0.612569 0.606302
vt 0.613930 0.458481
vt 0.615924 0.458477
vt 0.616063 0.606294
vt 0.617925 0.458477
vt 0.619569 0.606294
vt 0.619397 0.458481
vt 0.622147 0.606302
vt 0.597016 0.173417
vt 0.594402 0.321253
vt 0.592965 0.321246
vt 0.594497 0.173403
vt 0.590976 0.321243
vt 0.591013 0.173398
vt 0.588970 0.321246
vt 0.587498 0.173403
vt 0.587484 0.321253
vt 0.584894 0.173417
vt 0.358739 0.740638
vt 0.355602 0.742450
vt 0.351978 0.742450
vt 0.348841 0.740638
vt 0.347029 0.737500
vt 0.347029 0.733877
vt 0.348841 0.730739
vt 0.351978 0.728927
vt 0.355602 0.728927
vt 0.358739 0.730739
vt 0.360551 0.733877
vt 0.360551 0.737500
vt 0.102240 0.609358
vt 0.104308 0.609358
vt 0.106861 0.618887
vt 0.099687 0.618888
vt 0.369524 0.601694
vt 0.369524 0.608846
vt 0.347539 0.609459
vt 0.347539 0.600018
vt 0.107133 0.604465
vt 0.106099 0.602674
vt 0.113075 0.595698
vt 0.116662 0.601912
vt 0.104308 0.601640
vt 0.106861 0.592111
vt 0.102240 0.601640
vt 0.099687 0.592111
vt 0.100449 0.602674
vt 0.093473 0.595698
vt 0.099415 0.604465
vt 0.089886 0.601912
vt 0.099415 0.606533
vt 0.089886 0.609087
vt 0.100449 0.608324
vt 0.093473 0.615300
vt 0.106099 0.608324
vt 0.107133 0.606533
vt 0.116662 0.609086
vt 0.113075 0.615300
vt 0.691429 0.046860
vt 0.692362 0.046860
vt 0.692367 0.047612
vt 0.691105 0.047612
vt 0.558376 0.145071
vt 0.558366 0.138111
vt 0.580920 0.138035
vt 0.580933 0.147223
vt 0.017072 0.655930
vt 0.010481 0.655932
vt 0.007737 0.633350
vt 0.016438 0.633348
vt 0.494610 0.596384
vt 0.494596 0.601491
vt 0.472000 0.599322
vt 0.472020 0.592582
vt 0.369138 0.595783
vt 0.347029 0.592215
vt 0.558403 0.150228
vt 0.580968 0.154030
vt 0.024198 0.655932
vt 0.025844 0.633350
vt 0.558376 0.131212
vt 0.558403 0.126224
vt 0.580968 0.122344
vt 0.580933 0.128929
vt 0.494596 0.608433
vt 0.494610 0.615351
vt 0.472020 0.617618
vt 0.472000 0.608486
vt 0.369138 0.615323
vt 0.347029 0.618009
vt 0.155962 0.581094
vt 0.154669 0.580347
vt 0.158657 0.565461
vt 0.166859 0.570197
vt 0.153175 0.580347
vt 0.149187 0.565461
vt 0.151882 0.581094
vt 0.140985 0.570197
vt 0.151135 0.582388
vt 0.136250 0.578399
vt 0.151135 0.583881
vt 0.136250 0.587870
vt 0.151882 0.585175
vt 0.140985 0.596072
vt 0.153175 0.585922
vt 0.149187 0.600808
vt 0.154669 0.585922
vt 0.158658 0.600808
vt 0.155962 0.585175
vt 0.166859 0.596072
vt 0.156709 0.583881
vt 0.171595 0.587870
vt 0.156709 0.582388
vt 0.171595 0.578399
vt 0.348284 0.673360
vt 0.349549 0.673358
vt 0.349543 0.679617
vt 0.348462 0.679619
vt 0.689524 0.343725
vt 0.688564 0.343726
vt 0.688450 0.343050
vt 0.689749 0.343048
vt 0.348603 0.672614
vt 0.349538 0.672612
vt 0.595765 0.668153
vt 0.594879 0.668153
vt 0.594472 0.667403
vt 0.595670 0.667403
vt 0.873828 0.920581
vt 0.874077 0.921512
vt 0.873507 0.921835
vt 0.873169 0.920575
vt 0.959136 0.526206
vt 0.959136 0.527170
vt 0.958506 0.527341
vt 0.958506 0.526037
vt 0.957865 0.088388
vt 0.957865 0.087424
vt 0.958505 0.087252
vt 0.958505 0.088556
vt 0.596722 0.668153
vt 0.596966 0.667403
vt 0.874077 0.919650
vt 0.873507 0.919315
vt 0.693291 0.046858
vt 0.693625 0.047609
vt 0.802682 0.958552
vt 0.802683 0.957588
vt 0.803315 0.957412
vt 0.803315 0.958717
vt 0.350465 0.672614
vt 0.350803 0.673360
vt 0.295720 0.900824
vt 0.295163 0.901789
vt 0.294198 0.902346
vt 0.293083 0.902346
vt 0.292118 0.901789
vt 0.291561 0.900824
vt 0.291561 0.899710
vt 0.292118 0.898745
vt 0.293083 0.898188
vt 0.294198 0.898188
vt 0.295163 0.898745
vt 0.295720 0.899710
vt 0.594700 0.661147
vt 0.595724 0.661146
vt 0.690177 0.047609
vt 0.691293 0.053867
vt 0.690500 0.053865
vt 0.690824 0.342976
vt 0.689671 0.336789
vt 0.690588 0.336728
vt 0.347347 0.673365
vt 0.347662 0.679623
vt 0.596831 0.661147
vt 0.351710 0.673365
vt 0.351390 0.679623
vt 0.350615 0.679619
vt 0.693446 0.053865
vt 0.692371 0.053867
vt 0.687272 0.342981
vt 0.687554 0.336732
vt 0.688560 0.336791
vt 0.349552 0.633483
vt 0.350988 0.633485
vt 0.688105 0.382730
vt 0.686756 0.382652
vt 0.687694 0.343676
vt 0.692327 0.007740
vt 0.693767 0.007737
vt 0.352026 0.633491
vt 0.351135 0.672617
vt 0.597095 0.707276
vt 0.595612 0.707276
vt 0.347029 0.633491
vt 0.348103 0.633485
vt 0.347910 0.672617
vt 0.690824 0.382645
vt 0.689593 0.382728
vt 0.690318 0.343672
vt 0.689819 0.007737
vt 0.690882 0.007740
vt 0.690744 0.046858
vt 0.594239 0.707276
vt 0.648777 0.900434
vt 0.649669 0.900949
vt 0.650184 0.901841
vt 0.650184 0.902871
vt 0.649669 0.903763
vt 0.648777 0.904278
vt 0.647748 0.904278
vt 0.646855 0.903763
vt 0.646340 0.902871
vt 0.646340 0.901841
vt 0.646855 0.900949
vt 0.647748 0.900434
vt 0.679592 0.593959
vt 0.679592 0.645894
vt 0.677696 0.645895
vt 0.677696 0.593961
vt 0.561735 0.387059
vt 0.561735 0.438150
vt 0.560007 0.437973
vt 0.560008 0.386882
vt 0.558031 0.438011
vt 0.558031 0.386920
vt 0.556560 0.438251
vt 0.556560 0.387160
vt 0.679996 0.225334
vt 0.679996 0.173400
vt 0.681885 0.173398
vt 0.681885 0.225333
vt 0.683779 0.173400
vt 0.683779 0.225334
vt 0.367501 0.678633
vt 0.367501 0.634094
vt 0.369104 0.633489
vt 0.369104 0.678028
vt 0.371093 0.633483
vt 0.371093 0.678023
vt 0.482952 0.816175
vt 0.484844 0.815560
vt 0.486735 0.816175
vt 0.487904 0.817784
vt 0.487904 0.819773
vt 0.486735 0.821382
vt 0.484844 0.821996
vt 0.482952 0.821382
vt 0.481783 0.819773
vt 0.481783 0.817784
vt 0.372707 0.634080
vt 0.372707 0.678620
vt 0.681479 0.593961
vt 0.681479 0.645896
vt 0.092289 0.860483
vt 0.093774 0.861093
vt 0.094692 0.862699
vt 0.094692 0.864688
vt 0.093774 0.866300
vt 0.092289 0.866919
vt 0.090804 0.866309
vt 0.089886 0.864702
vt 0.089886 0.862713
vt 0.090804 0.861102
vt 0.669395 0.336728
vt 0.669395 0.417836
vt 0.667499 0.417838
vt 0.667499 0.336730
vt 0.418600 0.568590
vt 0.418600 0.648381
vt 0.416872 0.648201
vt 0.416872 0.568411
vt 0.414895 0.648237
vt 0.414895 0.568447
vt 0.413424 0.648475
vt 0.413424 0.568685
vt 0.074412 0.592111
vt 0.074412 0.673219
vt 0.072523 0.673221
vt 0.072523 0.592112
vt 0.070629 0.673219
vt 0.070629 0.592111
vt 0.326348 0.662390
vt 0.326348 0.592830
vt 0.327951 0.592223
vt 0.327951 0.661783
vt 0.329940 0.592215
vt 0.329940 0.661775
vt 0.460128 0.816175
vt 0.462020 0.815560
vt 0.463911 0.816175
vt 0.465080 0.817784
vt 0.465080 0.819772
vt 0.463911 0.821382
vt 0.462020 0.821996
vt 0.460128 0.821382
vt 0.458959 0.819772
vt 0.458959 0.817784
vt 0.331555 0.592810
vt 0.331555 0.662370
vt 0.671282 0.336730
vt 0.671282 0.417838
vt 0.521336 0.866532
vt 0.519731 0.866532
vt 0.518272 0.865395
vt 0.517516 0.863556
vt 0.517752 0.861716
vt 0.518891 0.860579
vt 0.520496 0.860579
vt 0.521956 0.861716
vt 0.522711 0.863555
vt 0.522475 0.865395
vt 0.091432 0.634362
vt 0.091432 0.685060
vt 0.089886 0.685061
vt 0.089886 0.634363
vt 0.496063 0.633238
vt 0.496063 0.683113
vt 0.494654 0.682967
vt 0.494654 0.633093
vt 0.493042 0.682998
vt 0.493042 0.633123
vt 0.491842 0.683192
vt 0.491842 0.633318
vt 0.108445 0.685061
vt 0.108445 0.634363
vt 0.109986 0.634362
vt 0.109986 0.685060
vt 0.111531 0.634363
vt 0.111531 0.685061
vt 0.689819 0.113321
vt 0.689819 0.069842
vt 0.691126 0.069347
vt 0.691126 0.112826
vt 0.692749 0.069342
vt 0.692749 0.112821
vt 0.745391 0.442883
vt 0.743849 0.442382
vt 0.742895 0.441070
vt 0.742895 0.439448
vt 0.743849 0.438136
vt 0.745391 0.437634
vt 0.746934 0.438136
vt 0.747887 0.439448
vt 0.747887 0.441070
vt 0.746934 0.442382
vt 0.694065 0.069828
vt 0.694065 0.113307
vt 0.092971 0.634364
vt 0.092971 0.685061
vt 0.688954 0.442968
vt 0.687644 0.442968
vt 0.686454 0.442041
vt 0.685838 0.440541
vt 0.686031 0.439040
vt 0.686959 0.438113
vt 0.688269 0.438113
vt 0.689459 0.439040
vt 0.690075 0.440541
vt 0.689882 0.442041
vt 0.238137 0.745079
vt 0.238807 0.755232
vt 0.235916 0.754778
vt 0.236394 0.744808
vt 0.173662 0.811934
vt 0.176429 0.811969
vt 0.176429 0.821911
vt 0.172814 0.822096
vt 0.770897 0.544623
vt 0.771032 0.544586
vt 0.772540 0.548131
vt 0.772400 0.548169
vt 0.774544 0.080663
vt 0.774410 0.080624
vt 0.775609 0.069342
vt 0.775743 0.069381
vt 0.236292 0.744796
vt 0.238704 0.733644
vt 0.238807 0.733656
vt 0.739494 0.184164
vt 0.739494 0.194934
vt 0.739389 0.194934
vt 0.739389 0.184165
vt 0.775724 0.087865
vt 0.775590 0.087826
vt 0.772221 0.526073
vt 0.772356 0.526037
vt 0.772540 0.537269
vt 0.772404 0.537306
vt 0.506662 0.144731
vt 0.496329 0.144783
vt 0.496108 0.134644
vt 0.506662 0.133961
vt 0.734330 0.194379
vt 0.733385 0.184247
vt 0.739493 0.173398
vt 0.733554 0.173685
vt 0.506662 0.155496
vt 0.496318 0.155343
vt 0.739388 0.173398
vt 0.235808 0.754766
vt 0.489113 0.156418
vt 0.485707 0.156669
vt 0.485889 0.145325
vt 0.489257 0.145211
vt 0.731438 0.661646
vt 0.731999 0.672867
vt 0.730168 0.672731
vt 0.729430 0.661370
vt 0.736410 0.662792
vt 0.736410 0.673354
vt 0.775743 0.091446
vt 0.775609 0.091407
vt 0.488702 0.135187
vt 0.735524 0.683478
vt 0.730284 0.682860
vt 0.758281 0.080502
vt 0.758935 0.090413
vt 0.756114 0.089970
vt 0.756580 0.080238
vt 0.589115 0.815033
vt 0.591817 0.815068
vt 0.591817 0.824773
vt 0.588288 0.824954
vt 0.774672 0.673333
vt 0.774759 0.673326
vt 0.776231 0.676786
vt 0.776139 0.676794
vt 0.777884 0.251830
vt 0.777798 0.251822
vt 0.778968 0.240808
vt 0.779055 0.240817
vt 0.756507 0.080229
vt 0.758861 0.069342
vt 0.758935 0.069351
vt 0.597095 0.733261
vt 0.597095 0.743774
vt 0.597020 0.743773
vt 0.597020 0.733260
vt 0.779036 0.258861
vt 0.778949 0.258853
vt 0.775964 0.655225
vt 0.776051 0.655218
vt 0.776231 0.666183
vt 0.776144 0.666190
vt 0.542593 0.144474
vt 0.532505 0.144526
vt 0.532290 0.134627
vt 0.542593 0.133961
vt 0.592054 0.743232
vt 0.591131 0.733341
vt 0.597094 0.722751
vt 0.591296 0.723031
vt 0.542593 0.154984
vt 0.532495 0.154834
vt 0.597019 0.722751
vt 0.756035 0.089962
vt 0.525462 0.155883
vt 0.522136 0.156129
vt 0.522315 0.145054
vt 0.525602 0.144943
vt 0.732899 0.528322
vt 0.733446 0.539276
vt 0.731659 0.539143
vt 0.730939 0.528052
vt 0.737753 0.529440
vt 0.737753 0.539751
vt 0.779055 0.262357
vt 0.778968 0.262348
vt 0.525060 0.135158
vt 0.736888 0.549634
vt 0.731772 0.549031
vt 0.033753 0.535550
vt 0.031747 0.514675
vt 0.055154 0.518763
vt 0.050266 0.534458
vt 0.015839 0.533268
vt 0.007737 0.507642
vt 0.007737 0.578319
vt 0.011547 0.554420
vt 0.031977 0.554418
vt 0.031747 0.571894
vt 0.050320 0.549972
vt 0.055154 0.565649
vt 0.477707 0.550331
vt 0.494902 0.552739
vt 0.499816 0.566311
vt 0.475970 0.569435
vt 0.460309 0.554600
vt 0.452158 0.577107
vt 0.452158 0.515489
vt 0.475970 0.519550
vt 0.475957 0.534032
vt 0.455991 0.536247
vt 0.499816 0.525435
vt 0.494953 0.539201
vt 0.699932 0.593959
vt 0.697166 0.617790
vt 0.696953 0.617792
vt 0.699719 0.593961
vt 0.699932 0.641573
vt 0.699719 0.641575
vt 0.215258 0.334545
vt 0.215279 0.355985
vt 0.215066 0.355985
vt 0.215045 0.334545
vt 0.707997 0.334505
vt 0.706463 0.358841
vt 0.706298 0.358867
vt 0.707832 0.334530
vt 0.714112 0.256704
vt 0.714182 0.240808
vt 0.714394 0.240809
vt 0.714325 0.256704
vt 0.714182 0.288470
vt 0.714145 0.272469
vt 0.714358 0.272469
vt 0.714394 0.288470
vt 0.707997 0.382704
vt 0.707832 0.382730
vt 0.215298 0.380225
vt 0.215086 0.380225
vt 0.215298 0.308378
vt 0.215086 0.308378
vt 0.473667 0.464907
vt 0.476016 0.492251
vt 0.452516 0.480190
vt 0.457284 0.464458
vt 0.494691 0.465213
vt 0.503516 0.500015
vt 0.503516 0.410385
vt 0.497505 0.444156
vt 0.475421 0.444359
vt 0.475284 0.418814
vt 0.457112 0.448946
vt 0.452158 0.433306
vt 0.541335 0.491984
vt 0.524144 0.490434
vt 0.519351 0.476818
vt 0.543286 0.466798
vt 0.561800 0.489152
vt 0.570623 0.458477
vt 0.570623 0.536605
vt 0.542726 0.531385
vt 0.542924 0.509307
vt 0.564574 0.507277
vt 0.518990 0.517693
vt 0.523975 0.503970
vt 0.213415 0.599954
vt 0.209121 0.627932
vt 0.208908 0.627934
vt 0.213203 0.599955
vt 0.213415 0.651666
vt 0.213203 0.651668
vt 0.310088 0.424923
vt 0.310602 0.446356
vt 0.310390 0.446356
vt 0.309875 0.424923
vt 0.046492 0.593793
vt 0.042378 0.619422
vt 0.042216 0.619464
vt 0.046330 0.593835
vt 0.171313 0.632178
vt 0.171382 0.616282
vt 0.171595 0.616282
vt 0.171525 0.632178
vt 0.171382 0.663944
vt 0.171345 0.647942
vt 0.171558 0.647942
vt 0.171595 0.663944
vt 0.046482 0.646519
vt 0.046320 0.646561
vt 0.310632 0.480548
vt 0.310420 0.480548
vt 0.310632 0.389447
vt 0.310420 0.389447
vt 0.096025 0.534886
vt 0.094067 0.514507
vt 0.116917 0.518498
vt 0.112145 0.533820
vt 0.078538 0.532658
vt 0.070629 0.507642
vt 0.070629 0.576636
vt 0.074348 0.553307
vt 0.094291 0.553304
vt 0.094067 0.570365
vt 0.112198 0.548964
vt 0.116917 0.564268
vt 0.347931 0.542729
vt 0.331145 0.540378
vt 0.326348 0.527129
vt 0.349627 0.524079
vt 0.364915 0.538562
vt 0.372872 0.516590
vt 0.372872 0.576741
vt 0.349627 0.572777
vt 0.349639 0.558640
vt 0.369130 0.556478
vt 0.326348 0.567032
vt 0.331095 0.553593
vt 0.702161 0.173398
vt 0.699461 0.196662
vt 0.699254 0.196663
vt 0.701954 0.173400
vt 0.702161 0.219879
vt 0.701954 0.219880
vt 0.662182 0.619503
vt 0.662203 0.640433
vt 0.661995 0.640433
vt 0.661974 0.619503
vt 0.711198 0.069342
vt 0.709701 0.093099
vt 0.709540 0.093124
vt 0.711037 0.069367
vt 0.717636 0.188916
vt 0.717703 0.173398
vt 0.717911 0.173398
vt 0.717843 0.188916
vt 0.717703 0.219925
vt 0.717668 0.204305
vt 0.717875 0.204305
vt 0.717911 0.219925
vt 0.711198 0.116394
vt 0.711037 0.116420
vt 0.662221 0.664096
vt 0.662014 0.664096
vt 0.662221 0.593959
vt 0.662014 0.593959
vt 0.950691 0.769207
vt 0.791918 0.655748
vt 0.792036 0.676794
vt 0.791823 0.676636
vt 0.791705 0.655589
vt 0.215334 0.395699
vt 0.215475 0.395788
vt 0.215475 0.418902
vt 0.215334 0.418813
vt 0.155440 0.984105
vt 0.155243 0.984185
vt 0.155243 0.983959
vt 0.155440 0.983880
vt 0.215045 0.418899
vt 0.215045 0.395786
vt 0.980651 0.268528
vt 0.980457 0.268440
vt 0.980499 0.267879
vt 0.980651 0.267948
vt 0.985005 0.396606
vt 0.985053 0.396606
vt 0.985142 0.396834
vt 0.984976 0.396834
vt 0.517540 0.974747
vt 0.517825 0.974733
vt 0.517825 0.975445
vt 0.517516 0.975453
vt 0.494453 0.981301
vt 0.494647 0.981212
vt 0.494647 0.981793
vt 0.494603 0.981813
vt 0.791823 0.655015
vt 0.792036 0.655173
vt 0.794529 0.240827
vt 0.794921 0.240808
vt 0.794921 0.262086
vt 0.794529 0.262105
vt 0.274863 0.822677
vt 0.274863 0.808574
vt 0.275061 0.808653
vt 0.275061 0.822756
vt 0.253285 0.977608
vt 0.252927 0.977608
vt 0.252960 0.977105
vt 0.253169 0.976973
vt 0.645454 0.643072
vt 0.645454 0.621795
vt 0.645846 0.621776
vt 0.645846 0.643053
vt 0.694688 0.983949
vt 0.694688 0.983634
vt 0.694900 0.983635
vt 0.694900 0.983950
vt 0.046492 0.646105
vt 0.046386 0.646132
vt 0.046278 0.645915
vt 0.046384 0.645888
vt 0.982050 0.203832
vt 0.981837 0.203842
vt 0.981911 0.203306
vt 0.982050 0.203300
vt 0.645700 0.643693
vt 0.645484 0.643566
vt 0.740701 0.368956
vt 0.740701 0.334504
vt 0.740786 0.334702
vt 0.740786 0.369154
vt 0.726436 0.007737
vt 0.726579 0.007816
vt 0.726579 0.046947
vt 0.726436 0.046868
vt 0.726443 0.047108
vt 0.726300 0.047030
vt 0.458480 0.984403
vt 0.458480 0.984610
vt 0.458285 0.984554
vt 0.458285 0.984403
vt 0.726300 0.007899
vt 0.985633 0.414218
vt 0.985784 0.414218
vt 0.985784 0.414426
vt 0.985633 0.414425
vt 0.611958 0.984734
vt 0.611958 0.984527
vt 0.612153 0.984527
vt 0.612153 0.984678
vt 0.982689 0.708313
vt 0.982689 0.708098
vt 0.982892 0.708102
vt 0.982892 0.708318
vt 0.740658 0.369234
vt 0.740573 0.369036
vt 0.742231 0.008072
vt 0.742462 0.041849
vt 0.742285 0.041848
vt 0.742054 0.008071
vt 0.465626 0.742571
vt 0.465429 0.742638
vt 0.465429 0.710783
vt 0.465626 0.710717
vt 0.273707 0.984959
vt 0.273707 0.985167
vt 0.273543 0.985166
vt 0.273543 0.984958
vt 0.983511 0.751860
vt 0.983304 0.751860
vt 0.983304 0.751506
vt 0.983450 0.751506
vt 0.039803 0.706196
vt 0.039608 0.740189
vt 0.039451 0.740187
vt 0.039646 0.706194
vt 0.007797 0.981958
vt 0.007943 0.981958
vt 0.007944 0.982122
vt 0.007798 0.982122
vt 0.007945 0.982476
vt 0.007737 0.982476
vt 0.039803 0.740537
vt 0.039646 0.740535
vt 0.742285 0.007737
vt 0.742462 0.007738
vt 0.219820 0.734158
vt 0.209423 0.734159
vt 0.208908 0.733644
vt 0.220334 0.733644
vt 0.209423 0.744556
vt 0.208908 0.745070
vt 0.219820 0.744555
vt 0.220334 0.745069
vt 0.683565 0.567607
vt 0.693962 0.567607
vt 0.693962 0.578004
vt 0.683565 0.578003
vt 0.894805 0.593959
vt 0.894805 0.604187
vt 0.893976 0.604203
vt 0.893976 0.593976
vt 0.559586 0.896641
vt 0.559586 0.904804
vt 0.558752 0.904803
vt 0.558752 0.896640
vt 0.890764 0.843100
vt 0.890764 0.853497
vt 0.889930 0.853497
vt 0.889930 0.843100
vt 0.780510 0.810665
vt 0.785363 0.811499
vt 0.785365 0.814313
vt 0.780512 0.813947
vt 0.785365 0.817463
vt 0.780512 0.817620
vt 0.785363 0.820467
vt 0.780510 0.821124
vt 0.810547 0.267879
vt 0.815493 0.268618
vt 0.815364 0.271553
vt 0.810395 0.271302
vt 0.815364 0.274712
vt 0.810395 0.274986
vt 0.815493 0.277613
vt 0.810547 0.278369
vt 0.481783 0.759735
vt 0.486635 0.760688
vt 0.486644 0.763303
vt 0.481794 0.762784
vt 0.486649 0.766398
vt 0.481800 0.766393
vt 0.486649 0.769500
vt 0.481800 0.770010
vt 0.486644 0.772138
vt 0.481794 0.773087
vt 0.486635 0.773910
vt 0.481783 0.775153
vt 0.465605 0.773794
vt 0.460746 0.772712
vt 0.460758 0.770372
vt 0.465618 0.771065
vt 0.460765 0.767398
vt 0.465626 0.767596
vt 0.460765 0.764242
vt 0.465626 0.763917
vt 0.209477 0.898628
vt 0.209477 0.901391
vt 0.208480 0.901389
vt 0.208480 0.898627
vt 0.460758 0.761386
vt 0.465618 0.760587
vt 0.460746 0.759264
vt 0.465605 0.758112
vt 0.008973 0.709714
vt 0.011257 0.707430
vt 0.014242 0.706194
vt 0.017472 0.706194
vt 0.020456 0.707430
vt 0.022740 0.709715
vt 0.023976 0.712699
vt 0.023976 0.715929
vt 0.022740 0.718914
vt 0.020456 0.721198
vt 0.017472 0.722434
vt 0.014242 0.722434
vt 0.011257 0.721198
vt 0.008973 0.718913
vt 0.007737 0.715929
vt 0.007737 0.712699
vt 0.448003 0.136664
vt 0.444319 0.136664
vt 0.444238 0.136268
vt 0.448080 0.136268
vt 0.673121 0.143661
vt 0.674531 0.147064
vt 0.674193 0.147289
vt 0.672723 0.143740
vt 0.012147 0.688914
vt 0.015550 0.690323
vt 0.015473 0.690720
vt 0.011924 0.689250
vt 0.440916 0.138074
vt 0.440689 0.137738
vt 0.677136 0.149669
vt 0.676909 0.150006
vt 0.019234 0.690323
vt 0.019314 0.690720
vt 0.438311 0.140679
vt 0.437973 0.140454
vt 0.022637 0.688914
vt 0.022863 0.689250
vt 0.436901 0.144082
vt 0.436503 0.144004
vt 0.025242 0.686309
vt 0.025579 0.686533
vt 0.436901 0.147766
vt 0.436503 0.147845
vt 0.026651 0.682905
vt 0.027050 0.682984
vt 0.438311 0.151170
vt 0.437973 0.151395
vt 0.026651 0.679221
vt 0.027049 0.679142
vt 0.440916 0.153775
vt 0.440689 0.154111
vt 0.153755 0.670739
vt 0.155165 0.667336
vt 0.155563 0.667414
vt 0.154093 0.670964
vt 0.180112 0.796459
vt 0.172816 0.796459
vt 0.172814 0.793177
vt 0.180111 0.793177
vt 0.172814 0.789505
vt 0.180111 0.789505
vt 0.172816 0.786001
vt 0.180112 0.786001
vt 0.712634 0.781262
vt 0.719888 0.781273
vt 0.719737 0.784696
vt 0.712482 0.784685
vt 0.719737 0.788380
vt 0.712482 0.788368
vt 0.719888 0.791763
vt 0.712634 0.791751
vt 0.646340 0.744773
vt 0.653637 0.744767
vt 0.653648 0.747817
vt 0.646351 0.747822
vt 0.653654 0.751425
vt 0.646357 0.751431
vt 0.653654 0.755043
vt 0.646357 0.755048
vt 0.653648 0.758119
vt 0.646351 0.758125
vt 0.653637 0.760185
vt 0.646340 0.760191
vt 0.434095 0.742073
vt 0.441392 0.742075
vt 0.441378 0.744804
vt 0.434081 0.744802
vt 0.441370 0.748272
vt 0.434074 0.748270
vt 0.441370 0.751951
vt 0.434074 0.751949
vt 0.441378 0.755282
vt 0.434081 0.755280
vt 0.441392 0.757756
vt 0.434095 0.757755
vt 0.025242 0.675818
vt 0.025579 0.675593
vt 0.444319 0.155184
vt 0.444239 0.155581
vt 0.155165 0.663652
vt 0.155563 0.663573
vt 0.022637 0.673213
vt 0.022863 0.672877
vt 0.448003 0.155184
vt 0.448080 0.155581
vt 0.153755 0.660248
vt 0.154093 0.660023
vt 0.019233 0.671803
vt 0.019314 0.671407
vt 0.451406 0.153775
vt 0.451629 0.154111
vt 0.151150 0.657643
vt 0.151376 0.657307
vt 0.015550 0.671803
vt 0.015472 0.671407
vt 0.454011 0.151170
vt 0.454346 0.151395
vt 0.147747 0.656234
vt 0.147827 0.655837
vt 0.012147 0.673213
vt 0.011923 0.672877
vt 0.144063 0.656234
vt 0.143986 0.655837
vt 0.009542 0.675818
vt 0.009207 0.675593
vt 0.680539 0.151079
vt 0.680458 0.151476
vt 0.809990 0.308974
vt 0.804073 0.309693
vt 0.804072 0.306411
vt 0.809989 0.306096
vt 0.804072 0.302739
vt 0.809989 0.302876
vt 0.804073 0.299235
vt 0.809990 0.299803
vt 0.229401 0.796385
vt 0.235179 0.795763
vt 0.235027 0.799186
vt 0.229268 0.799387
vt 0.235027 0.802869
vt 0.229268 0.802617
vt 0.235179 0.806252
vt 0.229401 0.805583
vt 0.347029 0.758756
vt 0.352948 0.757924
vt 0.352959 0.760973
vt 0.347039 0.761430
vt 0.352965 0.764582
vt 0.347044 0.764594
vt 0.352965 0.768199
vt 0.347044 0.767766
vt 0.352959 0.771276
vt 0.347039 0.770464
vt 0.352948 0.773342
vt 0.347029 0.772276
vt 0.524903 0.765902
vt 0.518990 0.766834
vt 0.519004 0.764105
vt 0.524915 0.763509
vt 0.519012 0.760637
vt 0.524922 0.760468
vt 0.519012 0.756957
vt 0.524922 0.757241
vt 0.519004 0.753627
vt 0.524915 0.754321
vt 0.518990 0.751152
vt 0.524903 0.752151
vt 0.815205 0.347141
vt 0.816555 0.347141
vt 0.816569 0.349722
vt 0.815220 0.349721
vt 0.815197 0.343668
vt 0.816547 0.343668
vt 0.815197 0.339831
vt 0.816547 0.339831
vt 0.815205 0.336214
vt 0.816555 0.336214
vt 0.815220 0.333368
vt 0.816569 0.333368
vt 0.819895 0.798615
vt 0.821245 0.798614
vt 0.821234 0.800769
vt 0.819884 0.800770
vt 0.819901 0.795407
vt 0.821251 0.795406
vt 0.819901 0.791635
vt 0.821251 0.791633
vt 0.819895 0.787872
vt 0.821245 0.787871
vt 0.819884 0.784691
vt 0.821234 0.784690
vt 0.112841 0.834056
vt 0.114184 0.834058
vt 0.114341 0.837586
vt 0.112999 0.837584
vt 0.112841 0.830215
vt 0.114184 0.830217
vt 0.112999 0.826645
vt 0.114341 0.826647
vt 0.867521 0.211425
vt 0.868870 0.211425
vt 0.868869 0.215079
vt 0.867519 0.215079
vt 0.867521 0.207596
vt 0.868870 0.207596
vt 0.867519 0.204173
vt 0.868869 0.204173
vt 0.808502 0.083115
vt 0.809997 0.083115
vt 0.810012 0.085696
vt 0.808517 0.085695
vt 0.808494 0.079642
vt 0.809990 0.079642
vt 0.808494 0.075804
vt 0.809990 0.075805
vt 0.808502 0.072188
vt 0.809997 0.072188
vt 0.808517 0.069342
vt 0.810012 0.069342
vt 0.817381 0.146087
vt 0.818876 0.146086
vt 0.818865 0.148241
vt 0.817370 0.148242
vt 0.817387 0.142879
vt 0.818882 0.142878
vt 0.817387 0.139107
vt 0.818882 0.139106
vt 0.817381 0.135344
vt 0.818876 0.135343
vt 0.817370 0.132164
vt 0.818865 0.132162
vt 0.831762 0.438807
vt 0.833248 0.438810
vt 0.833406 0.442337
vt 0.831919 0.442335
vt 0.831762 0.434966
vt 0.833248 0.434968
vt 0.831919 0.431396
vt 0.833406 0.431399
vt 0.839124 0.727477
vt 0.837628 0.727477
vt 0.837630 0.723823
vt 0.839125 0.723823
vt 0.839124 0.731307
vt 0.837628 0.731306
vt 0.839125 0.734729
vt 0.837630 0.734729
vt 0.673121 0.139977
vt 0.672723 0.139898
vt 0.451406 0.138074
vt 0.451629 0.137738
vt 0.674531 0.136573
vt 0.674193 0.136349
vt 0.454011 0.140679
vt 0.454345 0.140455
vt 0.677136 0.133969
vt 0.676909 0.133633
vt 0.455421 0.144082
vt 0.455816 0.144004
vt 0.680539 0.132559
vt 0.680458 0.132162
vt 0.455421 0.147766
vt 0.455816 0.147845
vt 0.151150 0.673344
vt 0.151376 0.673680
vt 0.684223 0.132559
vt 0.684299 0.132162
vt 0.147747 0.674754
vt 0.147827 0.675150
vt 0.687626 0.133969
vt 0.687848 0.133633
vt 0.144063 0.674754
vt 0.143986 0.675150
vt 0.690231 0.136573
vt 0.690565 0.136349
vt 0.140660 0.673344
vt 0.140436 0.673680
vt 0.691640 0.139977
vt 0.692035 0.139898
vt 0.138055 0.670739
vt 0.137720 0.670963
vt 0.691640 0.143661
vt 0.692035 0.143740
vt 0.136645 0.667336
vt 0.136250 0.667414
vt 0.690231 0.147064
vt 0.690565 0.147289
vt 0.009542 0.686309
vt 0.009207 0.686533
vt 0.136645 0.663652
vt 0.136250 0.663573
vt 0.687626 0.149669
vt 0.687849 0.150006
vt 0.008132 0.682905
vt 0.007737 0.682984
vt 0.138055 0.660248
vt 0.137720 0.660023
vt 0.684223 0.151079
vt 0.684300 0.151476
vt 0.008132 0.679221
vt 0.007737 0.679142
vt 0.140660 0.657643
vt 0.140436 0.657307
vt 0.445948 0.712770
vt 0.443396 0.711713
vt 0.443594 0.710717
vt 0.446512 0.711926
vt 0.440633 0.711713
vt 0.440435 0.710717
vt 0.438081 0.712770
vt 0.437516 0.711926
vt 0.436127 0.714724
vt 0.435283 0.714159
vt 0.435070 0.717276
vt 0.434074 0.717078
vt 0.435070 0.720039
vt 0.434074 0.720237
vt 0.436128 0.722591
vt 0.435283 0.723156
vt 0.438081 0.724545
vt 0.437517 0.725389
vt 0.440633 0.725602
vt 0.440435 0.726598
vt 0.443396 0.725602
vt 0.443594 0.726598
vt 0.445948 0.724545
vt 0.446512 0.725389
vt 0.447901 0.722591
vt 0.448746 0.723156
vt 0.448958 0.720039
vt 0.449955 0.720237
vt 0.448958 0.717276
vt 0.449955 0.717078
vt 0.447901 0.714724
vt 0.448746 0.714159
vt 0.732236 0.083231
vt 0.729683 0.082173
vt 0.727730 0.080220
vt 0.726673 0.077667
vt 0.726673 0.074905
vt 0.727730 0.072352
vt 0.729683 0.070399
vt 0.732236 0.069342
vt 0.734998 0.069342
vt 0.737550 0.070399
vt 0.739504 0.072353
vt 0.740561 0.074905
vt 0.740561 0.077668
vt 0.739504 0.080220
vt 0.737550 0.082173
vt 0.734998 0.083231
vt 0.834457 0.566322
vt 0.834457 0.563562
vt 0.835460 0.563563
vt 0.835460 0.566322
vt 0.209363 0.896091
vt 0.208366 0.896090
vt 0.834463 0.568819
vt 0.835466 0.568820
vt 0.374860 0.854185
vt 0.374869 0.856472
vt 0.373865 0.856472
vt 0.373857 0.854185
vt 0.834473 0.570675
vt 0.835476 0.570675
vt 0.374856 0.848766
vt 0.374856 0.851479
vt 0.373853 0.851479
vt 0.373853 0.848766
vt 0.906614 0.874353
vt 0.906616 0.876814
vt 0.905613 0.876814
vt 0.905611 0.874353
vt 0.374860 0.846459
vt 0.373857 0.846459
vt 0.906614 0.871599
vt 0.905611 0.871599
vt 0.374869 0.844909
vt 0.373865 0.844910
vt 0.906616 0.868971
vt 0.905613 0.868971
vt 0.834463 0.560961
vt 0.834473 0.558915
vt 0.835476 0.558915
vt 0.835466 0.560962
vt 0.209363 0.903958
vt 0.208366 0.903956
vt 0.061556 0.821236
vt 0.056703 0.820402
vt 0.056701 0.817588
vt 0.061555 0.817954
vt 0.056701 0.814439
vt 0.061555 0.814281
vt 0.056703 0.811434
vt 0.061556 0.810778
vt 0.517667 0.808284
vt 0.522614 0.809022
vt 0.522484 0.811958
vt 0.517516 0.811707
vt 0.522484 0.815117
vt 0.517516 0.815390
vt 0.522614 0.818017
vt 0.517667 0.818773
vt 0.595997 0.774667
vt 0.591146 0.773713
vt 0.591136 0.771098
vt 0.595986 0.771617
vt 0.591131 0.768004
vt 0.595980 0.768008
vt 0.591131 0.764901
vt 0.595980 0.764391
vt 0.591136 0.762263
vt 0.595986 0.761315
vt 0.591146 0.760491
vt 0.595997 0.759248
vt 0.612590 0.758705
vt 0.617449 0.759786
vt 0.617437 0.762127
vt 0.612577 0.761434
vt 0.617431 0.765101
vt 0.612569 0.764902
vt 0.617431 0.768256
vt 0.612569 0.768581
vt 0.229268 0.901758
vt 0.229268 0.898996
vt 0.230265 0.898997
vt 0.230265 0.901759
vt 0.617437 0.771112
vt 0.612577 0.771912
vt 0.617449 0.773234
vt 0.612590 0.774386
vt 0.722512 0.144882
vt 0.720228 0.147166
vt 0.717244 0.148402
vt 0.714014 0.148402
vt 0.711030 0.147166
vt 0.708745 0.144882
vt 0.707509 0.141897
vt 0.707509 0.138667
vt 0.708745 0.135683
vt 0.711030 0.133399
vt 0.714014 0.132163
vt 0.717244 0.132163
vt 0.720228 0.133399
vt 0.722512 0.135683
vt 0.723749 0.138667
vt 0.723749 0.141898
vt 0.378428 0.136664
vt 0.374745 0.136664
vt 0.374664 0.136268
vt 0.378506 0.136268
vt 0.434473 0.687427
vt 0.435882 0.690831
vt 0.435544 0.691056
vt 0.434074 0.687506
vt 0.573655 0.677707
vt 0.570251 0.676297
vt 0.570328 0.675900
vt 0.573878 0.677371
vt 0.371341 0.138074
vt 0.371115 0.137738
vt 0.438487 0.693436
vt 0.438260 0.693772
vt 0.566568 0.676297
vt 0.566487 0.675900
vt 0.368737 0.140679
vt 0.368399 0.140455
vt 0.563164 0.677707
vt 0.562938 0.677371
vt 0.367327 0.144083
vt 0.366929 0.144004
vt 0.560560 0.680311
vt 0.560222 0.680087
vt 0.367327 0.147766
vt 0.366929 0.147845
vt 0.559150 0.683715
vt 0.558752 0.683636
vt 0.368737 0.151170
vt 0.368399 0.151395
vt 0.559150 0.687399
vt 0.558752 0.687478
vt 0.371342 0.153774
vt 0.371115 0.154111
vt 0.419221 0.151170
vt 0.420631 0.147767
vt 0.421029 0.147845
vt 0.419559 0.151395
vt 0.089886 0.786174
vt 0.097183 0.786175
vt 0.097184 0.789457
vt 0.089887 0.789456
vt 0.097184 0.793129
vt 0.089887 0.793128
vt 0.097183 0.796633
vt 0.089886 0.796632
vt 0.056853 0.784802
vt 0.064107 0.784814
vt 0.063956 0.788237
vt 0.056701 0.788226
vt 0.063956 0.791920
vt 0.056701 0.791909
vt 0.064107 0.795303
vt 0.056853 0.795292
vt 0.759198 0.676788
vt 0.751901 0.676794
vt 0.751890 0.673744
vt 0.759187 0.673739
vt 0.751884 0.670136
vt 0.759181 0.670130
vt 0.751884 0.666518
vt 0.759181 0.666513
vt 0.751890 0.663442
vt 0.759187 0.663436
vt 0.751901 0.661376
vt 0.759198 0.661370
vt 0.756913 0.609643
vt 0.749616 0.609641
vt 0.749630 0.606912
vt 0.756926 0.606914
vt 0.749637 0.603444
vt 0.756934 0.603446
vt 0.749637 0.599764
vt 0.756934 0.599766
vt 0.749630 0.596434
vt 0.756926 0.596436
vt 0.749616 0.593959
vt 0.756913 0.593961
vt 0.560560 0.690802
vt 0.560222 0.691027
vt 0.374745 0.155184
vt 0.374664 0.155581
vt 0.420631 0.144083
vt 0.421029 0.144004
vt 0.563164 0.693407
vt 0.562938 0.693743
vt 0.378429 0.155184
vt 0.378506 0.155581
vt 0.419221 0.140679
vt 0.419559 0.140455
vt 0.566568 0.694817
vt 0.566487 0.695214
vt 0.381832 0.153774
vt 0.382055 0.154111
vt 0.416616 0.138074
vt 0.416842 0.137738
vt 0.570251 0.694817
vt 0.570329 0.695214
vt 0.384437 0.151170
vt 0.384771 0.151395
vt 0.413213 0.136665
vt 0.413293 0.136268
vt 0.573655 0.693407
vt 0.573878 0.693743
vt 0.409529 0.136665
vt 0.409451 0.136268
vt 0.576259 0.690802
vt 0.576594 0.691027
vt 0.441890 0.694845
vt 0.441809 0.695242
vt 0.291561 0.800497
vt 0.297479 0.799777
vt 0.297480 0.803059
vt 0.291563 0.803374
vt 0.297480 0.806732
vt 0.291563 0.806595
vt 0.297479 0.810235
vt 0.291561 0.809667
vt 0.439852 0.807968
vt 0.434074 0.808591
vt 0.434225 0.805167
vt 0.439985 0.804966
vt 0.434225 0.801484
vt 0.439985 0.801736
vt 0.434074 0.798101
vt 0.439852 0.798770
vt 0.062637 0.768496
vt 0.056718 0.769328
vt 0.056707 0.766279
vt 0.062627 0.765822
vt 0.056701 0.762670
vt 0.062622 0.762658
vt 0.056701 0.759053
vt 0.062622 0.759486
vt 0.056707 0.755976
vt 0.062627 0.756788
vt 0.056718 0.753910
vt 0.062637 0.754976
vt 0.760538 0.721282
vt 0.766451 0.720350
vt 0.766437 0.723078
vt 0.760526 0.723675
vt 0.766430 0.726547
vt 0.760520 0.726716
vt 0.766430 0.730226
vt 0.760520 0.729943
vt 0.766437 0.733557
vt 0.760526 0.732863
vt 0.766451 0.736031
vt 0.760538 0.735033
vt 0.815677 0.217946
vt 0.817027 0.217946
vt 0.817041 0.220527
vt 0.815691 0.220526
vt 0.815669 0.214473
vt 0.817019 0.214473
vt 0.815669 0.210636
vt 0.817019 0.210636
vt 0.815677 0.207019
vt 0.817027 0.207019
vt 0.815691 0.204173
vt 0.817041 0.204174
vt 0.818230 0.410543
vt 0.819580 0.410542
vt 0.819569 0.412697
vt 0.818219 0.412698
vt 0.818236 0.407335
vt 0.819586 0.407334
vt 0.818236 0.403563
vt 0.819586 0.403562
vt 0.818230 0.399800
vt 0.819580 0.399798
vt 0.818219 0.396619
vt 0.819569 0.396618
vt 0.836321 0.755035
vt 0.834979 0.755033
vt 0.834821 0.751506
vt 0.836163 0.751508
vt 0.836321 0.758877
vt 0.834979 0.758875
vt 0.836163 0.762447
vt 0.834821 0.762445
vt 0.869150 0.135817
vt 0.867800 0.135817
vt 0.867802 0.132163
vt 0.869152 0.132163
vt 0.869150 0.139646
vt 0.867800 0.139646
vt 0.869152 0.143069
vt 0.867802 0.143069
vt 0.809397 0.539810
vt 0.810892 0.539810
vt 0.810907 0.542391
vt 0.809411 0.542390
vt 0.809389 0.536336
vt 0.810884 0.536337
vt 0.809389 0.532499
vt 0.810884 0.532500
vt 0.809397 0.528883
vt 0.810892 0.528883
vt 0.809411 0.526037
vt 0.810907 0.526037
vt 0.817481 0.572840
vt 0.818977 0.572838
vt 0.818965 0.574994
vt 0.817470 0.574995
vt 0.817487 0.569632
vt 0.818983 0.569630
vt 0.817487 0.565859
vt 0.818983 0.565858
vt 0.817481 0.562096
vt 0.818977 0.562095
vt 0.817470 0.558916
vt 0.818965 0.558915
vt 0.830968 0.275290
vt 0.832454 0.275292
vt 0.832612 0.278820
vt 0.831126 0.278818
vt 0.830968 0.271449
vt 0.832454 0.271451
vt 0.831126 0.267879
vt 0.832612 0.267881
vt 0.841224 0.819899
vt 0.839729 0.819899
vt 0.839731 0.816245
vt 0.841226 0.816245
vt 0.841224 0.823728
vt 0.839729 0.823728
vt 0.841226 0.827151
vt 0.839731 0.827151
vt 0.434473 0.683743
vt 0.434074 0.683665
vt 0.381832 0.138074
vt 0.382055 0.137738
vt 0.435882 0.680340
vt 0.435544 0.680116
vt 0.384437 0.140679
vt 0.384771 0.140455
vt 0.438487 0.677735
vt 0.438260 0.677399
vt 0.385846 0.144082
vt 0.386241 0.144004
vt 0.441890 0.676325
vt 0.441809 0.675929
vt 0.385846 0.147766
vt 0.386241 0.147845
vt 0.416616 0.153775
vt 0.416842 0.154111
vt 0.445574 0.676325
vt 0.445651 0.675929
vt 0.413213 0.155185
vt 0.413293 0.155581
vt 0.448977 0.677735
vt 0.449200 0.677399
vt 0.409529 0.155185
vt 0.409451 0.155581
vt 0.451582 0.680340
vt 0.451916 0.680116
vt 0.406126 0.153775
vt 0.405902 0.154111
vt 0.452992 0.683743
vt 0.453386 0.683665
vt 0.403521 0.151170
vt 0.403186 0.151395
vt 0.452992 0.687427
vt 0.453386 0.687506
vt 0.402111 0.147767
vt 0.401716 0.147845
vt 0.451582 0.690831
vt 0.451916 0.691056
vt 0.576259 0.680311
vt 0.576594 0.680087
vt 0.402111 0.144083
vt 0.401716 0.144004
vt 0.448977 0.693436
vt 0.449200 0.693772
vt 0.577669 0.683715
vt 0.578064 0.683636
vt 0.403521 0.140679
vt 0.403186 0.140455
vt 0.445574 0.694845
vt 0.445651 0.695242
vt 0.577669 0.687399
vt 0.578064 0.687478
vt 0.406126 0.138074
vt 0.405902 0.137738
vt 0.658214 0.715465
vt 0.655662 0.714408
vt 0.655860 0.713411
vt 0.658779 0.714620
vt 0.652900 0.714408
vt 0.652701 0.713411
vt 0.650347 0.715465
vt 0.649783 0.714620
vt 0.648394 0.717418
vt 0.647549 0.716854
vt 0.647337 0.719971
vt 0.646340 0.719772
vt 0.647337 0.722733
vt 0.646340 0.722932
vt 0.648394 0.725286
vt 0.647549 0.725850
vt 0.650347 0.727239
vt 0.649783 0.728084
vt 0.652900 0.728296
vt 0.652702 0.729293
vt 0.655662 0.728296
vt 0.655860 0.729293
vt 0.658215 0.727239
vt 0.658779 0.728084
vt 0.660168 0.725286
vt 0.661013 0.725850
vt 0.661225 0.722733
vt 0.662221 0.722932
vt 0.661225 0.719971
vt 0.662221 0.719772
vt 0.660168 0.717418
vt 0.661012 0.716854
vt 0.183692 0.726802
vt 0.185645 0.728755
vt 0.186702 0.731308
vt 0.186702 0.734070
vt 0.185645 0.736623
vt 0.183692 0.738576
vt 0.181139 0.739634
vt 0.178377 0.739634
vt 0.175825 0.738576
vt 0.173871 0.736623
vt 0.172814 0.734070
vt 0.172814 0.731308
vt 0.173871 0.728755
vt 0.175825 0.726802
vt 0.178377 0.725745
vt 0.181140 0.725745
vt 0.834357 0.139570
vt 0.834357 0.136810
vt 0.835360 0.136810
vt 0.835360 0.139570
vt 0.229382 0.904295
vt 0.230379 0.904296
vt 0.834363 0.142067
vt 0.835366 0.142067
vt 0.855607 0.733099
vt 0.855615 0.735385
vt 0.854612 0.735386
vt 0.854604 0.733099
vt 0.834373 0.143923
vt 0.835376 0.143923
vt 0.855603 0.727679
vt 0.855603 0.730392
vt 0.854600 0.730393
vt 0.854600 0.727680
vt 0.373854 0.900750
vt 0.373853 0.898289
vt 0.374856 0.898289
vt 0.374857 0.900750
vt 0.855607 0.725372
vt 0.854604 0.725373
vt 0.373854 0.903504
vt 0.374857 0.903504
vt 0.855615 0.723823
vt 0.854612 0.723824
vt 0.373853 0.906132
vt 0.374856 0.906132
vt 0.834363 0.134209
vt 0.834373 0.132163
vt 0.835376 0.132163
vt 0.835366 0.134209
vt 0.229382 0.896428
vt 0.230379 0.896430
vt 0.817299 0.723823
vt 0.822153 0.724656
vt 0.822154 0.727471
vt 0.817301 0.727105
vt 0.822154 0.730620
vt 0.817301 0.730777
vt 0.822153 0.733625
vt 0.817299 0.734281
vt 0.811341 0.431396
vt 0.816287 0.432135
vt 0.816157 0.435071
vt 0.811189 0.434820
vt 0.816157 0.438229
vt 0.811189 0.438503
vt 0.816287 0.441130
vt 0.811341 0.441886
vt 0.213774 0.775963
vt 0.208923 0.775009
vt 0.208913 0.772394
vt 0.213763 0.772913
vt 0.208908 0.769300
vt 0.213757 0.769305
vt 0.208908 0.766197
vt 0.213757 0.765687
vt 0.208913 0.763560
vt 0.213763 0.762611
vt 0.208923 0.761787
vt 0.213774 0.760544
vt 0.677717 0.758474
vt 0.682575 0.759556
vt 0.682564 0.761896
vt 0.677703 0.761203
vt 0.682557 0.764870
vt 0.677696 0.764671
vt 0.682557 0.768025
vt 0.677696 0.768351
vt 0.856503 0.901337
vt 0.856503 0.898574
vt 0.857501 0.898576
vt 0.857501 0.901338
vt 0.682564 0.770881
vt 0.677703 0.771681
vt 0.682575 0.773004
vt 0.677717 0.774156
vt 0.104889 0.713255
vt 0.102605 0.715539
vt 0.099621 0.716775
vt 0.096390 0.716775
vt 0.093406 0.715539
vt 0.091122 0.713255
vt 0.089886 0.710271
vt 0.089886 0.707041
vt 0.091122 0.704056
vt 0.093406 0.701772
vt 0.096390 0.700536
vt 0.099621 0.700536
vt 0.102605 0.701772
vt 0.104889 0.704056
vt 0.106125 0.707041
vt 0.106125 0.710271
vt 0.220408 0.667539
vt 0.216725 0.667539
vt 0.216644 0.667142
vt 0.220486 0.667142
vt 0.702478 0.501080
vt 0.701069 0.497676
vt 0.701407 0.497451
vt 0.702877 0.501001
vt 0.698468 0.460283
vt 0.695065 0.458874
vt 0.695142 0.458477
vt 0.698691 0.459947
vt 0.213321 0.668949
vt 0.213095 0.668612
vt 0.698464 0.495071
vt 0.698691 0.494735
vt 0.691381 0.458874
vt 0.691301 0.458477
vt 0.210716 0.671553
vt 0.210379 0.671329
vt 0.687978 0.460283
vt 0.687752 0.459947
vt 0.209307 0.674957
vt 0.208909 0.674878
vt 0.685373 0.462888
vt 0.685035 0.462663
vt 0.209307 0.678641
vt 0.208909 0.678720
vt 0.683963 0.466291
vt 0.683565 0.466213
vt 0.210716 0.682044
vt 0.210379 0.682269
vt 0.683963 0.469975
vt 0.683565 0.470054
vt 0.213321 0.684649
vt 0.213095 0.684985
vt 0.401094 0.668361
vt 0.399685 0.671764
vt 0.399287 0.671685
vt 0.400757 0.668136
vt 0.735465 0.786285
vt 0.742761 0.786285
vt 0.742763 0.789567
vt 0.735466 0.789567
vt 0.742763 0.793240
vt 0.735466 0.793239
vt 0.742761 0.796743
vt 0.735465 0.796743
vt 0.787765 0.795191
vt 0.780510 0.795180
vt 0.780662 0.791757
vt 0.787916 0.791768
vt 0.780662 0.788073
vt 0.787916 0.788085
vt 0.780510 0.784690
vt 0.787765 0.784702
vt 0.314349 0.744014
vt 0.321646 0.744008
vt 0.321656 0.747058
vt 0.314360 0.747064
vt 0.321662 0.750666
vt 0.314366 0.750672
vt 0.321662 0.754283
vt 0.314366 0.754290
vt 0.321656 0.757360
vt 0.314360 0.757366
vt 0.321646 0.759427
vt 0.314349 0.759432
vt 0.749637 0.625117
vt 0.756934 0.625119
vt 0.756920 0.627848
vt 0.749624 0.627846
vt 0.756913 0.631316
vt 0.749616 0.631315
vt 0.756913 0.634996
vt 0.749616 0.634994
vt 0.756920 0.638326
vt 0.749624 0.638324
vt 0.756934 0.640801
vt 0.749637 0.640799
vt 0.685373 0.473379
vt 0.685035 0.473603
vt 0.216725 0.686059
vt 0.216644 0.686455
vt 0.399685 0.675448
vt 0.399287 0.675527
vt 0.687978 0.475984
vt 0.687752 0.476320
vt 0.220408 0.686059
vt 0.220486 0.686456
vt 0.401094 0.678851
vt 0.400757 0.679076
vt 0.691381 0.477393
vt 0.691301 0.477790
vt 0.223812 0.684649
vt 0.224035 0.684985
vt 0.403699 0.681456
vt 0.403473 0.681793
vt 0.695065 0.477393
vt 0.695142 0.477790
vt 0.226417 0.682044
vt 0.226751 0.682269
vt 0.407103 0.682866
vt 0.407022 0.683263
vt 0.698468 0.475984
vt 0.698691 0.476320
vt 0.410786 0.682866
vt 0.410864 0.683263
vt 0.701073 0.473379
vt 0.701407 0.473604
vt 0.695061 0.493662
vt 0.695142 0.493265
vt 0.316431 0.800497
vt 0.322348 0.799778
vt 0.322350 0.803059
vt 0.316433 0.803375
vt 0.322350 0.806732
vt 0.316433 0.806595
vt 0.322348 0.810236
vt 0.316431 0.809667
vt 0.373986 0.797517
vt 0.379764 0.796894
vt 0.379612 0.800318
vt 0.373853 0.800519
vt 0.379612 0.804001
vt 0.373853 0.803749
vt 0.379764 0.807384
vt 0.373986 0.806715
vt 0.136250 0.755304
vt 0.142169 0.754472
vt 0.142180 0.757522
vt 0.136259 0.757978
vt 0.142185 0.761130
vt 0.136265 0.761142
vt 0.142185 0.764748
vt 0.136265 0.764314
vt 0.142180 0.767824
vt 0.136259 0.767012
vt 0.142169 0.769890
vt 0.136250 0.768824
vt 0.712501 0.751038
vt 0.718414 0.750106
vt 0.718400 0.752835
vt 0.712489 0.753431
vt 0.718392 0.756303
vt 0.712482 0.756472
vt 0.718392 0.759982
vt 0.712482 0.759699
vt 0.718400 0.763313
vt 0.712489 0.762619
vt 0.718414 0.765787
vt 0.712501 0.764789
vt 0.814834 0.048190
vt 0.816184 0.048190
vt 0.816198 0.050771
vt 0.814849 0.050770
vt 0.814826 0.044716
vt 0.816176 0.044717
vt 0.814826 0.040879
vt 0.816176 0.040880
vt 0.814834 0.037262
vt 0.816184 0.037263
vt 0.814849 0.034417
vt 0.816198 0.034417
vt 0.824513 0.668940
vt 0.825863 0.668939
vt 0.825852 0.671094
vt 0.824502 0.671095
vt 0.824519 0.665732
vt 0.825869 0.665731
vt 0.824519 0.661959
vt 0.825869 0.661958
vt 0.824513 0.658196
vt 0.825863 0.658195
vt 0.824502 0.655016
vt 0.825852 0.655015
vt 0.646340 0.833920
vt 0.647682 0.833922
vt 0.647840 0.837450
vt 0.646498 0.837447
vt 0.646340 0.830078
vt 0.647682 0.830081
vt 0.646498 0.826509
vt 0.647840 0.826511
vt 0.867732 0.699521
vt 0.869081 0.699521
vt 0.869080 0.703175
vt 0.867730 0.703175
vt 0.867732 0.695691
vt 0.869081 0.695691
vt 0.867730 0.692268
vt 0.869080 0.692269
vt 0.807518 0.668788
vt 0.809013 0.668788
vt 0.809027 0.671369
vt 0.807532 0.671368
vt 0.807510 0.665314
vt 0.809005 0.665315
vt 0.807510 0.661477
vt 0.809005 0.661478
vt 0.807518 0.657861
vt 0.809013 0.657861
vt 0.807532 0.655015
vt 0.809027 0.655015
vt 0.817311 0.706193
vt 0.818806 0.706192
vt 0.818795 0.708347
vt 0.817299 0.708348
vt 0.817317 0.702985
vt 0.818812 0.702984
vt 0.817317 0.699213
vt 0.818812 0.699212
vt 0.817311 0.695450
vt 0.818806 0.695448
vt 0.817299 0.692270
vt 0.818795 0.692268
vt 0.831673 0.041828
vt 0.833159 0.041830
vt 0.833317 0.045358
vt 0.831831 0.045355
vt 0.831673 0.037987
vt 0.833159 0.037989
vt 0.831831 0.034417
vt 0.833317 0.034419
vt 0.838782 0.630235
vt 0.837286 0.630235
vt 0.837288 0.626581
vt 0.838783 0.626581
vt 0.838782 0.634065
vt 0.837286 0.634065
vt 0.838783 0.637487
vt 0.837288 0.637487
vt 0.702478 0.504764
vt 0.702877 0.504842
vt 0.223812 0.668949
vt 0.224035 0.668612
vt 0.701069 0.508167
vt 0.701407 0.508391
vt 0.226417 0.671553
vt 0.226751 0.671329
vt 0.698464 0.510772
vt 0.698691 0.511108
vt 0.227826 0.674957
vt 0.228221 0.674878
vt 0.695061 0.512182
vt 0.695142 0.512578
vt 0.227826 0.678641
vt 0.228221 0.678720
vt 0.403699 0.665756
vt 0.403473 0.665420
vt 0.691377 0.512182
vt 0.691300 0.512578
vt 0.407102 0.664346
vt 0.407022 0.663949
vt 0.687974 0.510772
vt 0.687751 0.511108
vt 0.410786 0.664346
vt 0.410864 0.663949
vt 0.685369 0.508167
vt 0.685035 0.508391
vt 0.414190 0.665756
vt 0.414413 0.665420
vt 0.683959 0.504763
vt 0.683565 0.504842
vt 0.416794 0.668361
vt 0.417129 0.668136
vt 0.683959 0.501080
vt 0.683565 0.501000
vt 0.418204 0.671764
vt 0.418600 0.671685
vt 0.685369 0.497676
vt 0.685035 0.497451
vt 0.701073 0.462888
vt 0.701407 0.462664
vt 0.418204 0.675448
vt 0.418600 0.675527
vt 0.687974 0.495071
vt 0.687751 0.494735
vt 0.702482 0.466292
vt 0.702878 0.466213
vt 0.416794 0.678851
vt 0.417130 0.679076
vt 0.691377 0.493662
vt 0.691300 0.493265
vt 0.702482 0.469975
vt 0.702878 0.470055
vt 0.414190 0.681456
vt 0.414413 0.681793
vt 0.562759 0.724516
vt 0.565311 0.725573
vt 0.565113 0.726570
vt 0.562195 0.725361
vt 0.568074 0.725573
vt 0.568272 0.726570
vt 0.570626 0.724516
vt 0.571191 0.725361
vt 0.572580 0.722562
vt 0.573424 0.723127
vt 0.573637 0.720010
vt 0.574633 0.720208
vt 0.573637 0.717247
vt 0.574633 0.717049
vt 0.572579 0.714695
vt 0.573424 0.714131
vt 0.570626 0.712741
vt 0.571190 0.711897
vt 0.568074 0.711684
vt 0.568272 0.710688
vt 0.565311 0.711684
vt 0.565113 0.710688
vt 0.562759 0.712741
vt 0.562195 0.711897
vt 0.560806 0.714695
vt 0.559961 0.714131
vt 0.559749 0.717247
vt 0.558752 0.717049
vt 0.559749 0.720010
vt 0.558752 0.720208
vt 0.560806 0.722562
vt 0.559961 0.723127
vt 0.732236 0.112594
vt 0.729683 0.111537
vt 0.727730 0.109583
vt 0.726673 0.107031
vt 0.726673 0.104268
vt 0.727730 0.101716
vt 0.729683 0.099762
vt 0.732235 0.098705
vt 0.734998 0.098705
vt 0.737550 0.099762
vt 0.739504 0.101716
vt 0.740561 0.104268
vt 0.740561 0.107031
vt 0.739504 0.109583
vt 0.737550 0.111537
vt 0.734998 0.112594
vt 0.834756 0.179901
vt 0.834756 0.177142
vt 0.835759 0.177142
vt 0.835759 0.179901
vt 0.856617 0.903874
vt 0.857614 0.903875
vt 0.834761 0.182399
vt 0.835764 0.182399
vt 0.803690 0.855090
vt 0.803698 0.857377
vt 0.802695 0.857378
vt 0.802687 0.855090
vt 0.834772 0.184254
vt 0.835775 0.184255
vt 0.803686 0.849670
vt 0.803686 0.852384
vt 0.802682 0.852385
vt 0.802682 0.849671
vt 0.317434 0.903570
vt 0.317436 0.906031
vt 0.316432 0.906031
vt 0.316431 0.903570
vt 0.803690 0.847363
vt 0.802687 0.847364
vt 0.317434 0.900816
vt 0.316431 0.900816
vt 0.803698 0.845814
vt 0.802695 0.845815
vt 0.317436 0.898188
vt 0.316432 0.898188
vt 0.834761 0.174541
vt 0.834772 0.172494
vt 0.835775 0.172494
vt 0.835764 0.174541
vt 0.856617 0.896007
vt 0.857614 0.896008
vt 0.136250 0.810441
vt 0.141103 0.811274
vt 0.141105 0.814089
vt 0.136252 0.813723
vt 0.141105 0.817238
vt 0.136252 0.817395
vt 0.141103 0.820243
vt 0.136250 0.820899
vt 0.712634 0.807237
vt 0.717580 0.807976
vt 0.717451 0.810911
vt 0.712482 0.810660
vt 0.717451 0.814070
vt 0.712482 0.814344
vt 0.717580 0.816971
vt 0.712634 0.817727
vt 0.404153 0.774906
vt 0.399301 0.773952
vt 0.399292 0.771337
vt 0.404142 0.771856
vt 0.399287 0.768243
vt 0.404136 0.768248
vt 0.399287 0.765140
vt 0.404136 0.764630
vt 0.399292 0.762502
vt 0.404142 0.761554
vt 0.399301 0.760730
vt 0.404153 0.759487
vt 0.034945 0.756011
vt 0.039803 0.757093
vt 0.039791 0.759433
vt 0.034931 0.758740
vt 0.039785 0.762407
vt 0.034923 0.762209
vt 0.039785 0.765563
vt 0.034923 0.765888
vt 0.889835 0.901056
vt 0.889835 0.898294
vt 0.890832 0.898296
vt 0.890832 0.901058
vt 0.039791 0.768419
vt 0.034931 0.769219
vt 0.039803 0.770541
vt 0.034945 0.771693
vt 0.223912 0.714649
vt 0.221627 0.716933
vt 0.218643 0.718169
vt 0.215413 0.718169
vt 0.212429 0.716933
vt 0.210145 0.714649
vt 0.208908 0.711665
vt 0.208908 0.708435
vt 0.210145 0.705450
vt 0.212429 0.703166
vt 0.215413 0.701930
vt 0.218643 0.701930
vt 0.221627 0.703166
vt 0.223912 0.705450
vt 0.225148 0.708435
vt 0.225148 0.711665
vt 0.266499 0.651016
vt 0.262816 0.651016
vt 0.262735 0.650620
vt 0.266577 0.650620
vt 0.310475 0.685679
vt 0.309065 0.682276
vt 0.309403 0.682051
vt 0.310874 0.685600
vt 0.692598 0.663176
vt 0.689195 0.661766
vt 0.689272 0.661370
vt 0.692822 0.662840
vt 0.259412 0.652426
vt 0.259186 0.652090
vt 0.306460 0.679671
vt 0.306687 0.679335
vt 0.685512 0.661766
vt 0.685431 0.661370
vt 0.256807 0.655031
vt 0.256470 0.654807
vt 0.682108 0.663176
vt 0.681882 0.662840
vt 0.255398 0.658434
vt 0.255000 0.658356
vt 0.679503 0.665781
vt 0.679166 0.665556
vt 0.255398 0.662118
vt 0.255000 0.662197
vt 0.678094 0.669184
vt 0.677696 0.669106
vt 0.256808 0.665522
vt 0.256470 0.665747
vt 0.678094 0.672868
vt 0.677696 0.672947
vt 0.259412 0.668127
vt 0.259186 0.668463
vt 0.630074 0.676434
vt 0.631484 0.673031
vt 0.631882 0.673110
vt 0.630412 0.676659
vt 0.788417 0.431396
vt 0.795713 0.431397
vt 0.795715 0.434679
vt 0.788418 0.434678
vt 0.795715 0.438351
vt 0.788418 0.438351
vt 0.795713 0.441855
vt 0.788417 0.441854
vt 0.517667 0.782308
vt 0.524922 0.782320
vt 0.524770 0.785743
vt 0.517516 0.785732
vt 0.524770 0.789426
vt 0.517516 0.789415
vt 0.524922 0.792809
vt 0.517667 0.792798
vt 0.298875 0.759427
vt 0.291578 0.759433
vt 0.291567 0.756383
vt 0.298864 0.756377
vt 0.291561 0.752774
vt 0.298858 0.752769
vt 0.291561 0.749157
vt 0.298858 0.749151
vt 0.291567 0.746081
vt 0.298864 0.746075
vt 0.291578 0.744014
vt 0.298875 0.744008
vt 0.743863 0.302845
vt 0.751159 0.302847
vt 0.751146 0.305576
vt 0.743849 0.305574
vt 0.751138 0.309045
vt 0.743842 0.309043
vt 0.751138 0.312724
vt 0.743842 0.312722
vt 0.751146 0.316055
vt 0.743849 0.316053
vt 0.751159 0.318529
vt 0.743863 0.318527
vt 0.679504 0.676272
vt 0.679166 0.676497
vt 0.262816 0.669536
vt 0.262735 0.669933
vt 0.631484 0.669347
vt 0.631882 0.669268
vt 0.682108 0.678876
vt 0.681882 0.679213
vt 0.266499 0.669536
vt 0.266577 0.669933
vt 0.630074 0.665944
vt 0.630412 0.665719
vt 0.685512 0.680286
vt 0.685431 0.680683
vt 0.269903 0.668127
vt 0.270126 0.668463
vt 0.627469 0.663339
vt 0.627695 0.663002
vt 0.689195 0.680286
vt 0.689273 0.680683
vt 0.272508 0.665522
vt 0.272842 0.665747
vt 0.624066 0.661929
vt 0.624146 0.661532
vt 0.692599 0.678876
vt 0.692822 0.679213
vt 0.620382 0.661929
vt 0.620305 0.661532
vt 0.695203 0.676271
vt 0.695538 0.676497
vt 0.303057 0.678262
vt 0.303138 0.677865
vt 0.803520 0.008457
vt 0.809438 0.007737
vt 0.809439 0.011019
vt 0.803522 0.011334
vt 0.809439 0.014692
vt 0.803522 0.014555
vt 0.809438 0.018195
vt 0.803520 0.017627
vt 0.558885 0.794909
vt 0.564663 0.794286
vt 0.564511 0.797709
vt 0.558752 0.797911
vt 0.564511 0.801393
vt 0.558752 0.801141
vt 0.564663 0.804776
vt 0.558885 0.804107
vt 0.178750 0.769694
vt 0.172831 0.770526
vt 0.172820 0.767477
vt 0.178740 0.767020
vt 0.172814 0.763868
vt 0.178735 0.763856
vt 0.172814 0.760251
vt 0.178735 0.760684
vt 0.172820 0.757174
vt 0.178740 0.757986
vt 0.172831 0.755108
vt 0.178750 0.756174
vt 0.255018 0.749926
vt 0.260931 0.748994
vt 0.260917 0.751723
vt 0.255006 0.752319
vt 0.260910 0.755191
vt 0.255000 0.755360
vt 0.260910 0.758871
vt 0.255000 0.758587
vt 0.260917 0.762201
vt 0.255006 0.761507
vt 0.260931 0.764676
vt 0.255018 0.763677
vt 0.814788 0.507824
vt 0.816138 0.507824
vt 0.816152 0.510405
vt 0.814802 0.510404
vt 0.814780 0.504351
vt 0.816130 0.504351
vt 0.814780 0.500513
vt 0.816130 0.500514
vt 0.814788 0.496897
vt 0.816138 0.496897
vt 0.814802 0.494051
vt 0.816152 0.494051
vt 0.819270 0.174649
vt 0.817920 0.174650
vt 0.817932 0.172495
vt 0.819281 0.172494
vt 0.819264 0.177857
vt 0.817914 0.177858
vt 0.819264 0.181630
vt 0.817914 0.181631
vt 0.819270 0.185393
vt 0.817920 0.185394
vt 0.819281 0.188573
vt 0.817932 0.188574
vt 0.835060 0.404030
vt 0.836402 0.404032
vt 0.836560 0.407560
vt 0.835218 0.407557
vt 0.835060 0.400188
vt 0.836402 0.400190
vt 0.835218 0.396618
vt 0.836560 0.396621
vt 0.865835 0.438648
vt 0.867185 0.438648
vt 0.867183 0.442302
vt 0.865833 0.442302
vt 0.865835 0.434819
vt 0.867185 0.434819
vt 0.865833 0.431396
vt 0.867183 0.431396
vt 0.541905 0.788514
vt 0.540410 0.788514
vt 0.540396 0.785933
vt 0.541891 0.785934
vt 0.541913 0.791988
vt 0.540418 0.791987
vt 0.541913 0.795825
vt 0.540418 0.795824
vt 0.541905 0.799442
vt 0.540410 0.799441
vt 0.541891 0.802287
vt 0.540396 0.802287
vt 0.819335 0.753661
vt 0.817840 0.753662
vt 0.817851 0.751507
vt 0.819346 0.751506
vt 0.819329 0.756869
vt 0.817834 0.756870
vt 0.819329 0.760641
vt 0.817834 0.760643
vt 0.819335 0.764404
vt 0.817840 0.764405
vt 0.819346 0.767585
vt 0.817851 0.767586
vt 0.833271 0.497581
vt 0.831784 0.497579
vt 0.831626 0.494051
vt 0.833113 0.494053
vt 0.833271 0.501422
vt 0.831784 0.501420
vt 0.833113 0.504992
vt 0.831626 0.504990
vt 0.838786 0.369174
vt 0.837291 0.369174
vt 0.837293 0.365520
vt 0.838788 0.365521
vt 0.838786 0.373004
vt 0.837291 0.373004
vt 0.838788 0.376427
vt 0.837293 0.376427
vt 0.310475 0.689363
vt 0.310874 0.689442
vt 0.269903 0.652426
vt 0.270126 0.652090
vt 0.309065 0.692767
vt 0.309404 0.692991
vt 0.272508 0.655031
vt 0.272842 0.654807
vt 0.306461 0.695372
vt 0.306687 0.695708
vt 0.273917 0.658435
vt 0.274312 0.658356
vt 0.303057 0.696781
vt 0.303138 0.697178
vt 0.273917 0.662118
vt 0.274312 0.662198
vt 0.627470 0.679039
vt 0.627695 0.679375
vt 0.299374 0.696781
vt 0.299297 0.697178
vt 0.624066 0.680449
vt 0.624146 0.680845
vt 0.295970 0.695372
vt 0.295748 0.695708
vt 0.620382 0.680449
vt 0.620305 0.680845
vt 0.293366 0.692767
vt 0.293031 0.692991
vt 0.616979 0.679039
vt 0.616756 0.679375
vt 0.291956 0.689363
vt 0.291561 0.689442
vt 0.614374 0.676434
vt 0.614039 0.676659
vt 0.291956 0.685679
vt 0.291561 0.685600
vt 0.612965 0.673031
vt 0.612569 0.673110
vt 0.293365 0.682276
vt 0.293031 0.682051
vt 0.695203 0.665781
vt 0.695538 0.665556
vt 0.612965 0.669347
vt 0.612569 0.669268
vt 0.295970 0.679671
vt 0.295748 0.679335
vt 0.696613 0.669184
vt 0.697008 0.669106
vt 0.614374 0.665944
vt 0.614039 0.665719
vt 0.299373 0.678262
vt 0.299297 0.677865
vt 0.696613 0.672868
vt 0.697008 0.672947
vt 0.616979 0.663339
vt 0.616756 0.663002
vt 0.303435 0.714706
vt 0.300883 0.713649
vt 0.301081 0.712652
vt 0.304000 0.713861
vt 0.298120 0.713649
vt 0.297922 0.712652
vt 0.295568 0.714706
vt 0.295004 0.713861
vt 0.293615 0.716659
vt 0.292770 0.716095
vt 0.292558 0.719212
vt 0.291561 0.719013
vt 0.292558 0.721974
vt 0.291561 0.722172
vt 0.293615 0.724527
vt 0.292770 0.725091
vt 0.295568 0.726480
vt 0.295004 0.727325
vt 0.298121 0.727537
vt 0.297923 0.728534
vt 0.300883 0.727537
vt 0.301081 0.728534
vt 0.303436 0.726480
vt 0.304000 0.727325
vt 0.305389 0.724527
vt 0.306234 0.725091
vt 0.306446 0.721974
vt 0.307442 0.722172
vt 0.306446 0.719212
vt 0.307442 0.719013
vt 0.305389 0.716659
vt 0.306233 0.716095
vt 0.141813 0.738997
vt 0.139261 0.737940
vt 0.137307 0.735986
vt 0.136250 0.733434
vt 0.136250 0.730671
vt 0.137307 0.728119
vt 0.139261 0.726166
vt 0.141813 0.725108
vt 0.144575 0.725108
vt 0.147128 0.726166
vt 0.149081 0.728119
vt 0.150138 0.730672
vt 0.150138 0.733434
vt 0.149081 0.735986
vt 0.147128 0.737940
vt 0.144575 0.738997
vt 0.834286 0.699675
vt 0.834286 0.696916
vt 0.835289 0.696916
vt 0.835289 0.699676
vt 0.889949 0.903593
vt 0.890946 0.903595
vt 0.834292 0.702173
vt 0.835295 0.702173
vt 0.857687 0.851901
vt 0.857695 0.854188
vt 0.856692 0.854189
vt 0.856684 0.851902
vt 0.834302 0.704029
vt 0.835305 0.704029
vt 0.857682 0.846482
vt 0.857682 0.849195
vt 0.856679 0.849196
vt 0.856679 0.846483
vt 0.803686 0.904576
vt 0.803687 0.907037
vt 0.802684 0.907037
vt 0.802682 0.904576
vt 0.857687 0.844175
vt 0.856684 0.844176
vt 0.803686 0.901822
vt 0.802682 0.901821
vt 0.857695 0.842625
vt 0.856692 0.842626
vt 0.803687 0.899194
vt 0.802684 0.899194
vt 0.834292 0.694315
vt 0.834302 0.692268
vt 0.835305 0.692269
vt 0.835295 0.694315
vt 0.889949 0.895727
vt 0.890946 0.895728
vt 0.791737 0.107107
vt 0.791737 0.116688
vt 0.783520 0.116662
vt 0.783520 0.107081
vt 0.399287 0.799968
vt 0.399287 0.790386
vt 0.406809 0.790380
vt 0.406809 0.799961
vt 0.568175 0.769286
vt 0.568175 0.778812
vt 0.558752 0.778626
vt 0.558752 0.769100
vt 0.089886 0.761119
vt 0.099467 0.761119
vt 0.099467 0.770700
vt 0.089886 0.770700
vt 0.726702 0.432388
vt 0.726702 0.441968
vt 0.717121 0.441968
vt 0.717121 0.432387
vt 0.907764 0.626581
vt 0.907764 0.634058
vt 0.907064 0.634060
vt 0.907064 0.626583
vt 0.767614 0.116257
vt 0.767614 0.107539
vt 0.768045 0.107107
vt 0.768045 0.116688
vt 0.758896 0.107538
vt 0.758465 0.107107
vt 0.758896 0.116256
vt 0.758465 0.116688
vt 0.355747 0.788816
vt 0.355747 0.797534
vt 0.347029 0.797535
vt 0.347029 0.788817
vt 0.902022 0.558915
vt 0.902022 0.567491
vt 0.901327 0.567505
vt 0.901327 0.558929
vt 0.908654 0.723823
vt 0.908654 0.730668
vt 0.907955 0.730668
vt 0.907955 0.723823
vt 0.630029 0.890533
vt 0.630029 0.899251
vt 0.629330 0.899251
vt 0.629330 0.890533
vt 0.007737 0.774391
vt 0.007737 0.764810
vt 0.017313 0.764809
vt 0.017313 0.774390
vt 0.229268 0.780288
vt 0.229268 0.770707
vt 0.238807 0.770706
vt 0.238807 0.780287
vt 0.776330 0.702188
vt 0.776330 0.692662
vt 0.785182 0.692268
vt 0.785182 0.701794
vt 0.144326 0.785385
vt 0.144326 0.794966
vt 0.136250 0.794945
vt 0.136250 0.785364
vt 0.735465 0.761229
vt 0.745045 0.761229
vt 0.745045 0.770810
vt 0.735465 0.770810
vt 0.274242 0.890906
vt 0.274242 0.899619
vt 0.273543 0.899619
vt 0.273543 0.890906
vt 0.763793 0.431828
vt 0.763793 0.440546
vt 0.763362 0.440977
vt 0.763362 0.431396
vt 0.772511 0.440546
vt 0.772943 0.440977
vt 0.772511 0.431828
vt 0.772942 0.431396
vt 0.677696 0.789630
vt 0.686414 0.789630
vt 0.686414 0.798348
vt 0.677696 0.798348
vt 0.906891 0.816275
vt 0.906891 0.824338
vt 0.906196 0.824307
vt 0.906196 0.816245
vt 0.901710 0.204173
vt 0.901710 0.212853
vt 0.901010 0.212853
vt 0.901010 0.204173
vt 0.908093 0.784690
vt 0.908093 0.792039
vt 0.907394 0.792041
vt 0.907394 0.784692
vt 0.120463 0.361591
vt 0.007737 0.361591
vt 0.008457 0.248625
vt 0.119755 0.248625
vt 0.252927 0.861781
vt 0.256516 0.862397
vt 0.256517 0.864479
vt 0.252928 0.864208
vt 0.256517 0.866807
vt 0.252928 0.866924
vt 0.256516 0.869029
vt 0.252927 0.869515
vt 0.819996 0.839476
vt 0.823654 0.840022
vt 0.823558 0.842193
vt 0.819884 0.842007
vt 0.823558 0.844529
vt 0.819884 0.844731
vt 0.823654 0.846674
vt 0.819996 0.847233
vt 0.821812 0.637983
vt 0.818225 0.637278
vt 0.818218 0.635344
vt 0.821804 0.635728
vt 0.818214 0.633056
vt 0.821800 0.633059
vt 0.818214 0.630762
vt 0.821800 0.630384
vt 0.818218 0.628811
vt 0.821804 0.628109
vt 0.818225 0.627500
vt 0.821812 0.626581
vt 0.818224 0.365521
vt 0.821817 0.366320
vt 0.821808 0.368051
vt 0.818214 0.367539
vt 0.821803 0.370250
vt 0.818208 0.370103
vt 0.821803 0.372584
vt 0.818208 0.372824
vt 0.908078 0.369462
vt 0.908078 0.367419
vt 0.908816 0.367420
vt 0.908816 0.369463
vt 0.821808 0.374696
vt 0.818214 0.375287
vt 0.821817 0.376265
vt 0.818224 0.377117
vt 0.688790 0.740396
vt 0.687101 0.742085
vt 0.684894 0.742999
vt 0.682506 0.742999
vt 0.680299 0.742085
vt 0.678610 0.740396
vt 0.677696 0.738189
vt 0.677696 0.735801
vt 0.678610 0.733594
vt 0.680299 0.731905
vt 0.682506 0.730991
vt 0.684894 0.730991
vt 0.687101 0.731905
vt 0.688790 0.733594
vt 0.689704 0.735801
vt 0.689704 0.738189
vt 0.726856 0.489484
vt 0.724131 0.489484
vt 0.724072 0.489191
vt 0.726913 0.489191
vt 0.726468 0.726129
vt 0.725426 0.723612
vt 0.725676 0.723445
vt 0.726763 0.726070
vt 0.530011 0.722732
vt 0.527494 0.721689
vt 0.527551 0.721396
vt 0.530176 0.722483
vt 0.721615 0.490526
vt 0.721447 0.490278
vt 0.723500 0.721686
vt 0.723668 0.721437
vt 0.524770 0.721689
vt 0.524711 0.721396
vt 0.719689 0.492453
vt 0.719439 0.492287
vt 0.522253 0.722732
vt 0.522086 0.722483
vt 0.718646 0.494969
vt 0.718352 0.494911
vt 0.520327 0.724658
vt 0.520077 0.724492
vt 0.718646 0.497693
vt 0.718352 0.497752
vt 0.519285 0.727175
vt 0.518990 0.727117
vt 0.719689 0.500210
vt 0.719439 0.500377
vt 0.519285 0.729899
vt 0.518990 0.729957
vt 0.721615 0.502137
vt 0.721447 0.502385
vt 0.267944 0.730258
vt 0.268987 0.727741
vt 0.269281 0.727799
vt 0.268194 0.730424
vt 0.677696 0.813823
vt 0.683091 0.813823
vt 0.683093 0.816250
vt 0.677697 0.816249
vt 0.683093 0.818966
vt 0.677697 0.818965
vt 0.683091 0.821557
vt 0.677696 0.821556
vt 0.680108 0.313467
vt 0.685473 0.313476
vt 0.685361 0.316007
vt 0.679996 0.315999
vt 0.685361 0.318731
vt 0.679996 0.318723
vt 0.685473 0.321232
vt 0.680108 0.321224
vt 0.208366 0.791441
vt 0.213762 0.791437
vt 0.213770 0.793692
vt 0.208374 0.793697
vt 0.213774 0.796360
vt 0.208379 0.796365
vt 0.213774 0.799036
vt 0.208379 0.799040
vt 0.213770 0.801311
vt 0.208374 0.801315
vt 0.213762 0.802839
vt 0.208366 0.802843
vt 0.797344 0.626581
vt 0.802740 0.626583
vt 0.802729 0.628600
vt 0.797334 0.628599
vt 0.802724 0.631165
vt 0.797328 0.631164
vt 0.802724 0.633886
vt 0.797328 0.633885
vt 0.802729 0.636349
vt 0.797334 0.636348
vt 0.802740 0.638179
vt 0.797344 0.638177
vt 0.520327 0.732416
vt 0.520077 0.732582
vt 0.724131 0.503179
vt 0.724072 0.503472
vt 0.268987 0.725017
vt 0.269281 0.724958
vt 0.522253 0.734342
vt 0.522086 0.734591
vt 0.726856 0.503179
vt 0.726913 0.503472
vt 0.267944 0.722500
vt 0.268194 0.722334
vt 0.524770 0.735384
vt 0.524711 0.735678
vt 0.729372 0.502137
vt 0.729537 0.502385
vt 0.266018 0.720574
vt 0.266185 0.720325
vt 0.527494 0.735384
vt 0.527551 0.735678
vt 0.731298 0.500210
vt 0.731546 0.500377
vt 0.263501 0.719531
vt 0.263561 0.719238
vt 0.530011 0.734342
vt 0.530176 0.734591
vt 0.260777 0.719531
vt 0.260720 0.719238
vt 0.531937 0.732416
vt 0.532184 0.732582
vt 0.720983 0.720643
vt 0.721043 0.720350
vt 0.034923 0.818350
vt 0.039299 0.817818
vt 0.039300 0.820244
vt 0.034924 0.820478
vt 0.039300 0.822960
vt 0.034924 0.822859
vt 0.039299 0.825551
vt 0.034923 0.825131
vt 0.819982 0.816705
vt 0.824255 0.816245
vt 0.824143 0.818776
vt 0.819884 0.818925
vt 0.824143 0.821500
vt 0.819884 0.821313
vt 0.824255 0.824001
vt 0.819982 0.823507
vt 0.255000 0.809189
vt 0.259376 0.808574
vt 0.259384 0.810829
vt 0.255007 0.811167
vt 0.259389 0.813497
vt 0.255010 0.813506
vt 0.259389 0.816172
vt 0.255010 0.815852
vt 0.259384 0.818447
vt 0.255007 0.817847
vt 0.259376 0.819975
vt 0.255000 0.819187
vt 0.810409 0.241498
vt 0.814781 0.240808
vt 0.814771 0.242826
vt 0.810400 0.243267
vt 0.814766 0.245391
vt 0.810395 0.245516
vt 0.814766 0.248112
vt 0.810395 0.247902
vt 0.814771 0.250575
vt 0.810400 0.250062
vt 0.814781 0.252405
vt 0.810409 0.251666
vt 0.826387 0.536222
vt 0.827385 0.536222
vt 0.827395 0.538130
vt 0.826397 0.538130
vt 0.826381 0.533653
vt 0.827379 0.533653
vt 0.826381 0.530816
vt 0.827379 0.530816
vt 0.826387 0.528141
vt 0.827385 0.528141
vt 0.826397 0.526037
vt 0.827395 0.526037
vt 0.832052 0.343665
vt 0.833050 0.343664
vt 0.833042 0.345258
vt 0.832044 0.345259
vt 0.832057 0.341293
vt 0.833055 0.341292
vt 0.832057 0.338503
vt 0.833055 0.338502
vt 0.832052 0.335721
vt 0.833050 0.335720
vt 0.832044 0.333369
vt 0.833042 0.333368
vt 0.899136 0.338848
vt 0.900129 0.338850
vt 0.900245 0.341459
vt 0.899253 0.341457
vt 0.899136 0.336008
vt 0.900129 0.336009
vt 0.899253 0.333368
vt 0.900245 0.333370
vt 0.541394 0.898245
vt 0.540396 0.898245
vt 0.540397 0.895543
vt 0.541395 0.895543
vt 0.541394 0.901077
vt 0.540396 0.901077
vt 0.541395 0.903608
vt 0.540397 0.903608
vt 0.826602 0.071250
vt 0.825497 0.071250
vt 0.825486 0.069342
vt 0.826592 0.069342
vt 0.826608 0.073819
vt 0.825502 0.073818
vt 0.826608 0.076656
vt 0.825502 0.076656
vt 0.826602 0.079331
vt 0.825497 0.079330
vt 0.826592 0.081435
vt 0.825486 0.081435
vt 0.828519 0.115095
vt 0.829625 0.115094
vt 0.829617 0.116687
vt 0.828511 0.116688
vt 0.828524 0.112722
vt 0.829630 0.112721
vt 0.828524 0.109933
vt 0.829630 0.109932
vt 0.828519 0.107150
vt 0.829625 0.107149
vt 0.828511 0.104798
vt 0.829617 0.104797
vt 0.612569 0.896013
vt 0.613668 0.896015
vt 0.613785 0.898624
vt 0.612686 0.898622
vt 0.612569 0.893173
vt 0.613668 0.893175
vt 0.612686 0.890533
vt 0.613785 0.890535
vt 0.902327 0.694970
vt 0.901222 0.694970
vt 0.901223 0.692268
vt 0.902328 0.692268
vt 0.902327 0.697802
vt 0.901222 0.697802
vt 0.902328 0.700333
vt 0.901223 0.700333
vt 0.726468 0.728853
vt 0.726763 0.728911
vt 0.729372 0.490526
vt 0.729537 0.490278
vt 0.725426 0.731369
vt 0.725676 0.731535
vt 0.731298 0.492453
vt 0.731546 0.492287
vt 0.723500 0.733296
vt 0.723668 0.733544
vt 0.732341 0.494969
vt 0.732633 0.494911
vt 0.720983 0.734338
vt 0.721043 0.734631
vt 0.732341 0.497694
vt 0.732633 0.497752
vt 0.266018 0.732184
vt 0.266185 0.732432
vt 0.718259 0.734338
vt 0.718202 0.734631
vt 0.263501 0.733226
vt 0.263561 0.733520
vt 0.715743 0.733296
vt 0.715578 0.733544
vt 0.260777 0.733226
vt 0.260720 0.733520
vt 0.713817 0.731369
vt 0.713569 0.731535
vt 0.258261 0.732184
vt 0.258096 0.732432
vt 0.712774 0.728853
vt 0.712482 0.728911
vt 0.256335 0.730258
vt 0.256087 0.730424
vt 0.712774 0.726128
vt 0.712482 0.726070
vt 0.255292 0.727741
vt 0.255000 0.727799
vt 0.713817 0.723612
vt 0.713569 0.723445
vt 0.531937 0.724658
vt 0.532184 0.724492
vt 0.255292 0.725017
vt 0.255000 0.724958
vt 0.715743 0.721685
vt 0.715578 0.721437
vt 0.532979 0.727175
vt 0.533271 0.727117
vt 0.256335 0.722500
vt 0.256087 0.722334
vt 0.718259 0.720643
vt 0.718202 0.720349
vt 0.532979 0.729899
vt 0.533271 0.729958
vt 0.258261 0.720574
vt 0.258095 0.720325
vt 0.484746 0.742742
vt 0.486634 0.743524
vt 0.486487 0.744260
vt 0.484329 0.743366
vt 0.488677 0.743524
vt 0.488823 0.744261
vt 0.490564 0.742742
vt 0.490981 0.743367
vt 0.492008 0.741297
vt 0.492633 0.741715
vt 0.492790 0.739410
vt 0.493527 0.739556
vt 0.492790 0.737367
vt 0.493527 0.737220
vt 0.492008 0.735480
vt 0.492633 0.735062
vt 0.490564 0.734035
vt 0.490981 0.733410
vt 0.488677 0.733253
vt 0.488823 0.732516
vt 0.486634 0.733253
vt 0.486487 0.732516
vt 0.484746 0.734035
vt 0.484329 0.733410
vt 0.483302 0.735479
vt 0.482677 0.735062
vt 0.482520 0.737367
vt 0.481783 0.737220
vt 0.482520 0.739410
vt 0.481783 0.739556
vt 0.483302 0.741297
vt 0.482677 0.741715
vt 0.051041 0.662950
vt 0.052928 0.663732
vt 0.054372 0.665176
vt 0.055154 0.667064
vt 0.055154 0.669107
vt 0.054373 0.670994
vt 0.052928 0.672439
vt 0.051041 0.673221
vt 0.048998 0.673221
vt 0.047111 0.672439
vt 0.045666 0.670994
vt 0.044884 0.669107
vt 0.044884 0.667064
vt 0.045666 0.665176
vt 0.047111 0.663732
vt 0.048998 0.662950
vt 0.192763 0.893467
vt 0.192763 0.895507
vt 0.192021 0.895507
vt 0.192021 0.893466
vt 0.908162 0.371338
vt 0.908899 0.371339
vt 0.192759 0.891620
vt 0.192017 0.891619
vt 0.902037 0.139022
vt 0.902043 0.140713
vt 0.901301 0.140713
vt 0.901295 0.139022
vt 0.192751 0.890247
vt 0.192009 0.890247
vt 0.902034 0.135014
vt 0.902034 0.137021
vt 0.901292 0.137021
vt 0.901292 0.135015
vt 0.909167 0.073322
vt 0.909168 0.075142
vt 0.908426 0.075142
vt 0.908425 0.073321
vt 0.902037 0.133309
vt 0.901295 0.133309
vt 0.909167 0.071285
vt 0.908425 0.071285
vt 0.902043 0.132162
vt 0.901301 0.132163
vt 0.909168 0.069342
vt 0.908426 0.069342
vt 0.192759 0.897430
vt 0.192751 0.898944
vt 0.192009 0.898944
vt 0.192017 0.897430
vt 0.908162 0.365521
vt 0.908899 0.365522
vt 0.763362 0.415914
vt 0.763362 0.398204
vt 0.767878 0.398212
vt 0.767878 0.415922
vt 0.645347 0.173887
vt 0.645196 0.174343
vt 0.643812 0.173854
vt 0.643963 0.173398
vt 0.427318 0.410585
vt 0.427223 0.411058
vt 0.426003 0.410816
vt 0.426098 0.410343
vt 0.663292 0.319006
vt 0.663157 0.318543
vt 0.664387 0.318188
vt 0.664522 0.318651
vt 0.607813 0.147099
vt 0.607816 0.146616
vt 0.609400 0.146627
vt 0.609396 0.147110
vt 0.317923 0.921506
vt 0.317923 0.923089
vt 0.316431 0.923090
vt 0.316431 0.921506
vt 0.414644 0.481998
vt 0.413424 0.481756
vt 0.662050 0.243849
vt 0.660821 0.244204
vt 0.663292 0.173753
vt 0.664522 0.173398
vt 0.639216 0.246951
vt 0.637832 0.246462
vt 0.598178 0.074600
vt 0.599762 0.074611
vt 0.560244 0.920278
vt 0.560244 0.921862
vt 0.558752 0.921862
vt 0.558752 0.920278
vt 0.645347 0.320839
vt 0.643963 0.320351
vt 0.607816 0.007737
vt 0.609400 0.007749
vt 0.427318 0.552937
vt 0.426098 0.552694
vt 0.646475 0.605375
vt 0.646500 0.605449
vt 0.644786 0.605983
vt 0.644762 0.605910
vt 0.634847 0.149372
vt 0.634845 0.149449
vt 0.633349 0.149417
vt 0.633351 0.149340
vt 0.595568 0.458552
vt 0.595589 0.458477
vt 0.597095 0.458903
vt 0.597074 0.458978
vt 0.211587 0.439621
vt 0.211570 0.439546
vt 0.212716 0.439287
vt 0.212733 0.439363
vt 0.624874 0.075505
vt 0.626370 0.075537
vt 0.209862 0.921257
vt 0.208366 0.921257
vt 0.208366 0.919432
vt 0.209862 0.919432
vt 0.208908 0.515607
vt 0.210054 0.515348
vt 0.212733 0.584221
vt 0.211587 0.584479
vt 0.637622 0.532681
vt 0.639335 0.532147
vt 0.587603 0.532808
vt 0.586097 0.532382
vt 0.856118 0.919349
vt 0.857615 0.919349
vt 0.857615 0.921174
vt 0.856118 0.921174
vt 0.633351 0.007737
vt 0.634847 0.007769
vt 0.597095 0.605925
vt 0.595589 0.605498
vt 0.644786 0.459012
vt 0.646500 0.458477
vt 0.646340 0.785065
vt 0.646340 0.775669
vt 0.655710 0.775666
vt 0.655710 0.785061
vt 0.316431 0.784303
vt 0.316431 0.774907
vt 0.325814 0.774907
vt 0.325814 0.784303
vt 0.779518 0.017502
vt 0.779518 0.008161
vt 0.788046 0.007737
vt 0.788046 0.017079
vt 0.595997 0.790163
vt 0.595997 0.799559
vt 0.588288 0.799537
vt 0.588288 0.790141
vt 0.434074 0.773231
vt 0.443470 0.773231
vt 0.443470 0.782627
vt 0.434074 0.782627
vt 0.873855 0.895315
vt 0.873855 0.903841
vt 0.873169 0.903841
vt 0.873169 0.895315
vt 0.300534 0.783880
vt 0.300534 0.775330
vt 0.300957 0.774907
vt 0.300957 0.784303
vt 0.291984 0.775330
vt 0.291561 0.774907
vt 0.291984 0.783880
vt 0.291561 0.784303
vt 0.612569 0.789861
vt 0.621119 0.789861
vt 0.621119 0.798411
vt 0.612569 0.798411
vt 0.906919 0.843134
vt 0.906919 0.850904
vt 0.906238 0.850870
vt 0.906238 0.843100
vt 0.840415 0.895276
vt 0.840415 0.903814
vt 0.839729 0.903814
vt 0.839729 0.895276
vt 0.434759 0.901614
vt 0.434759 0.908629
vt 0.434074 0.908631
vt 0.434074 0.901616
vt 0.476368 0.680994
vt 0.476368 0.682938
vt 0.472000 0.682877
vt 0.472000 0.680934
vt 0.476368 0.633153
vt 0.472000 0.633093
vt 0.136379 0.421403
vt 0.136250 0.366096
vt 0.136379 0.310787
vt 0.136381 0.308378
vt 0.136381 0.423813
vt 0.452158 0.655781
vt 0.456526 0.655770
vt 0.537091 0.426399
vt 0.541047 0.423366
vt 0.535310 0.417426
vt 0.539287 0.413962
vt 0.541085 0.423440
vt 0.537112 0.426351
vt 0.383110 0.719008
vt 0.383119 0.709882
vt 0.381501 0.707428
vt 0.381161 0.715383
vt 0.383299 0.725798
vt 0.380855 0.722494
vt 0.293200 0.022355
vt 0.291201 0.020064
vt 0.291289 0.013487
vt 0.293079 0.015480
vt 0.732614 0.609875
vt 0.734071 0.609812
vt 0.734084 0.616092
vt 0.732770 0.616148
vt 0.535638 0.432594
vt 0.540444 0.430398
vt 0.532501 0.437021
vt 0.537208 0.435325
vt 0.535739 0.432557
vt 0.540378 0.430285
vt 0.537412 0.435255
vt 0.532493 0.437025
vt 0.383253 0.702825
vt 0.383299 0.697697
vt 0.381910 0.695097
vt 0.381689 0.700851
vt 0.536757 0.437831
vt 0.531883 0.441189
vt 0.532099 0.439656
vt 0.732867 0.620766
vt 0.734142 0.620759
vt 0.734054 0.625137
vt 0.733159 0.625163
vt 0.527338 0.441098
vt 0.532051 0.439539
vt 0.291311 0.007737
vt 0.292927 0.010338
vt 0.695560 0.894186
vt 0.695487 0.889714
vt 0.696216 0.893244
vt 0.696216 0.897519
vt 0.528160 0.441031
vt 0.528552 0.442384
vt 0.528177 0.441133
vt 0.527330 0.441080
vt 0.523544 0.442961
vt 0.917465 0.209174
vt 0.917184 0.204213
vt 0.917465 0.204173
vt 0.523536 0.443003
vt 0.905274 0.400527
vt 0.905277 0.396618
vt 0.904926 0.401526
vt 0.905277 0.405432
vt 0.694688 0.894295
vt 0.695911 0.897560
vt 0.756366 0.365598
vt 0.762400 0.365568
vt 0.762379 0.368185
vt 0.756304 0.368214
vt 0.762368 0.371576
vt 0.756267 0.371606
vt 0.762368 0.375227
vt 0.756261 0.375257
vt 0.762379 0.378582
vt 0.756286 0.378611
vt 0.762400 0.381128
vt 0.756340 0.381158
vt 0.783488 0.186599
vt 0.777537 0.186572
vt 0.777208 0.183357
vt 0.783114 0.183385
vt 0.777128 0.179725
vt 0.782982 0.179753
vt 0.777310 0.176228
vt 0.783114 0.176257
vt 0.777726 0.173398
vt 0.783488 0.173428
vt 0.793915 0.538986
vt 0.788047 0.538973
vt 0.788025 0.535578
vt 0.793867 0.535591
vt 0.788014 0.531928
vt 0.793849 0.531941
vt 0.788017 0.528577
vt 0.793867 0.528590
vt 0.788032 0.526037
vt 0.793915 0.526049
vt 0.113650 0.800776
vt 0.118667 0.800773
vt 0.117943 0.804162
vt 0.112887 0.804165
vt 0.650970 0.696549
vt 0.648949 0.693975
vt 0.647856 0.690606
vt 0.647856 0.686955
vt 0.648949 0.683577
vt 0.650970 0.680988
vt 0.653610 0.679581
vt 0.656467 0.679570
vt 0.659107 0.680958
vt 0.661128 0.683532
vt 0.662221 0.686901
vt 0.662221 0.690552
vt 0.661128 0.693929
vt 0.659107 0.696519
vt 0.656467 0.697926
vt 0.653610 0.697937
vt 0.117943 0.807813
vt 0.112841 0.807815
vt 0.118667 0.811170
vt 0.113521 0.811171
vt 0.825282 0.017384
vt 0.825009 0.015041
vt 0.827498 0.014996
vt 0.827771 0.017339
vt 0.362893 0.702944
vt 0.361875 0.700485
vt 0.363984 0.699076
vt 0.365380 0.702450
vt 0.362893 0.705606
vt 0.365380 0.706101
vt 0.361875 0.708065
vt 0.363984 0.709474
vt 0.359994 0.709947
vt 0.361402 0.712056
vt 0.357535 0.710966
vt 0.358030 0.713453
vt 0.354874 0.710965
vt 0.354380 0.713453
vt 0.352416 0.709947
vt 0.351007 0.712056
vt 0.350534 0.708065
vt 0.348426 0.709474
vt 0.349516 0.705606
vt 0.347029 0.706101
vt 0.349516 0.702944
vt 0.347029 0.702449
vt 0.350534 0.700485
vt 0.348426 0.699076
vt 0.352416 0.698603
vt 0.351007 0.696494
vt 0.354874 0.697585
vt 0.354380 0.695097
vt 0.357535 0.697585
vt 0.358030 0.695097
vt 0.359994 0.698603
vt 0.361402 0.696495
vt 0.759136 0.895514
vt 0.759111 0.893767
vt 0.762615 0.893749
vt 0.762640 0.895497
vt 0.896319 0.458505
vt 0.895793 0.460981
vt 0.893625 0.460954
vt 0.894151 0.458477
vt 0.824914 0.012393
vt 0.827402 0.012348
vt 0.895793 0.463642
vt 0.893625 0.463615
vt 0.825009 0.009845
vt 0.827498 0.009799
vt 0.349625 0.813010
vt 0.349583 0.814917
vt 0.347052 0.814916
vt 0.347094 0.813009
vt 0.896319 0.466082
vt 0.894151 0.466055
vt 0.825282 0.007782
vt 0.827771 0.007737
vt 0.349560 0.817390
vt 0.347029 0.817389
vt 0.832563 0.213616
vt 0.832528 0.211141
vt 0.835059 0.211129
vt 0.835094 0.213603
vt 0.349560 0.820051
vt 0.347029 0.820050
vt 0.832515 0.208480
vt 0.835047 0.208467
vt 0.349583 0.822496
vt 0.347052 0.822495
vt 0.832528 0.206038
vt 0.835059 0.206025
vt 0.349625 0.824353
vt 0.347094 0.824352
vt 0.832563 0.204186
vt 0.835094 0.204173
vt 0.741280 0.246559
vt 0.740561 0.244823
vt 0.742228 0.243709
vt 0.743246 0.246168
vt 0.741280 0.248438
vt 0.743246 0.248830
vt 0.740561 0.250175
vt 0.742228 0.251289
vt 0.739233 0.251504
vt 0.740346 0.253171
vt 0.737497 0.252223
vt 0.737888 0.254189
vt 0.735618 0.252223
vt 0.735227 0.254189
vt 0.733882 0.251504
vt 0.732768 0.253170
vt 0.732553 0.250175
vt 0.730887 0.251288
vt 0.731834 0.248438
vt 0.729869 0.248829
vt 0.731834 0.246559
vt 0.729869 0.246168
vt 0.732553 0.244823
vt 0.730887 0.243709
vt 0.733882 0.243494
vt 0.732768 0.241827
vt 0.735618 0.242775
vt 0.735227 0.240808
vt 0.737497 0.242775
vt 0.737888 0.240808
vt 0.739233 0.243494
vt 0.740346 0.241827
vt 0.296274 0.882586
vt 0.295121 0.882695
vt 0.295121 0.877154
vt 0.296274 0.877045
vt 0.591792 0.843522
vt 0.591792 0.845401
vt 0.588288 0.845400
vt 0.588288 0.843521
vt 0.759102 0.891888
vt 0.762606 0.891870
vt 0.591808 0.847127
vt 0.588304 0.847126
vt 0.759111 0.890163
vt 0.762615 0.890146
vt 0.591838 0.848439
vt 0.588334 0.848437
vt 0.759136 0.888856
vt 0.762640 0.888838
vt 0.886007 0.403461
vt 0.885814 0.401806
vt 0.889259 0.401744
vt 0.889451 0.403398
vt 0.011110 0.890661
vt 0.010739 0.892410
vt 0.007737 0.892372
vt 0.008108 0.890623
vt 0.885746 0.399937
vt 0.889191 0.399874
vt 0.010739 0.894289
vt 0.007737 0.894251
vt 0.885814 0.398137
vt 0.889259 0.398075
vt 0.591838 0.840429
vt 0.591808 0.841776
vt 0.588304 0.841775
vt 0.588334 0.840428
vt 0.011110 0.896012
vt 0.008108 0.895974
vt 0.886007 0.396681
vt 0.889451 0.396618
vt 0.381860 0.776042
vt 0.381360 0.774835
vt 0.382580 0.774020
vt 0.383299 0.775756
vt 0.381860 0.777349
vt 0.383299 0.777635
vt 0.381360 0.778556
vt 0.382580 0.779372
vt 0.380436 0.779480
vt 0.381251 0.780701
vt 0.379229 0.779980
vt 0.379515 0.781420
vt 0.377923 0.779980
vt 0.377636 0.781420
vt 0.376716 0.779480
vt 0.375901 0.780701
vt 0.375792 0.778556
vt 0.374572 0.779372
vt 0.375292 0.777349
vt 0.373853 0.777635
vt 0.375292 0.776042
vt 0.373853 0.775756
vt 0.375792 0.774835
vt 0.374572 0.774020
vt 0.376716 0.773911
vt 0.375901 0.772691
vt 0.377923 0.773411
vt 0.377636 0.771971
vt 0.379229 0.773411
vt 0.379515 0.771972
vt 0.380436 0.773911
vt 0.381251 0.772691
vt 0.308362 0.657041
vt 0.308862 0.658248
vt 0.308862 0.659555
vt 0.308362 0.660762
vt 0.307439 0.661686
vt 0.306232 0.662186
vt 0.304925 0.662186
vt 0.303718 0.661686
vt 0.302794 0.660762
vt 0.302294 0.659555
vt 0.302294 0.658248
vt 0.302794 0.657041
vt 0.303718 0.656117
vt 0.304925 0.655617
vt 0.306232 0.655617
vt 0.307439 0.656117
vt 0.476479 0.890447
vt 0.477786 0.890425
vt 0.477786 0.895253
vt 0.476479 0.895275
vt 0.293821 0.882713
vt 0.293821 0.877172
vt 0.478979 0.890146
vt 0.478979 0.894974
vt 0.292571 0.882639
vt 0.291561 0.882483
vt 0.291561 0.876942
vt 0.292571 0.877098
vt 0.766634 0.278092
vt 0.767570 0.278113
vt 0.767570 0.283749
vt 0.766634 0.283728
vt 0.892604 0.371178
vt 0.891389 0.371189
vt 0.891389 0.365553
vt 0.892604 0.365542
vt 0.768784 0.278124
vt 0.768784 0.283760
vt 0.890082 0.371189
vt 0.890082 0.365553
vt 0.770090 0.278125
vt 0.770090 0.283761
vt 0.888883 0.371178
vt 0.888883 0.365542
vt 0.771291 0.278114
vt 0.771291 0.283750
vt 0.887974 0.371156
vt 0.887974 0.365520
vt 0.772202 0.278093
vt 0.772202 0.283729
vt 0.475259 0.890210
vt 0.475259 0.895037
vt 0.756366 0.334534
vt 0.762400 0.334504
vt 0.762379 0.337121
vt 0.756304 0.337150
vt 0.762368 0.340512
vt 0.756267 0.340542
vt 0.762368 0.344163
vt 0.756261 0.344193
vt 0.762379 0.347517
vt 0.756286 0.347547
vt 0.762400 0.350064
vt 0.756340 0.350094
vt 0.780354 0.509268
vt 0.774403 0.509241
vt 0.774074 0.506026
vt 0.779980 0.506054
vt 0.773994 0.502394
vt 0.779848 0.502422
vt 0.774176 0.498897
vt 0.779980 0.498925
vt 0.774592 0.496067
vt 0.780354 0.496096
vt 0.260900 0.793100
vt 0.255033 0.793087
vt 0.255010 0.789692
vt 0.260852 0.789705
vt 0.255000 0.786041
vt 0.260835 0.786054
vt 0.255002 0.782690
vt 0.260852 0.782703
vt 0.255018 0.780150
vt 0.260900 0.780163
vt 0.808020 0.106293
vt 0.813037 0.106290
vt 0.812313 0.109680
vt 0.807256 0.109682
vt 0.615683 0.713299
vt 0.613663 0.710724
vt 0.612569 0.707355
vt 0.612569 0.703704
vt 0.613662 0.700327
vt 0.615683 0.697737
vt 0.618323 0.696330
vt 0.621181 0.696320
vt 0.623821 0.697707
vt 0.625841 0.700281
vt 0.626935 0.703650
vt 0.626935 0.707302
vt 0.625841 0.710679
vt 0.623821 0.713268
vt 0.621181 0.714675
vt 0.618323 0.714686
vt 0.812313 0.113331
vt 0.807211 0.113332
vt 0.813037 0.116687
vt 0.807891 0.116688
vt 0.208735 0.827964
vt 0.208462 0.825621
vt 0.210950 0.825576
vt 0.211223 0.827919
vt 0.175301 0.702423
vt 0.176319 0.704882
vt 0.174211 0.706291
vt 0.172814 0.702918
vt 0.175301 0.699761
vt 0.172814 0.699267
vt 0.176319 0.697303
vt 0.174211 0.695893
vt 0.178201 0.695421
vt 0.176792 0.693312
vt 0.180659 0.694402
vt 0.180165 0.691914
vt 0.183320 0.694402
vt 0.183815 0.691914
vt 0.185779 0.695421
vt 0.187187 0.693312
vt 0.187660 0.697303
vt 0.189768 0.695894
vt 0.188678 0.699762
vt 0.191165 0.699267
vt 0.188678 0.702423
vt 0.191165 0.702918
vt 0.187660 0.704882
vt 0.189768 0.706291
vt 0.185779 0.706764
vt 0.187187 0.708873
vt 0.183320 0.707783
vt 0.183815 0.710270
vt 0.180659 0.707783
vt 0.180165 0.710270
vt 0.178201 0.706764
vt 0.176792 0.708873
vt 0.891984 0.661691
vt 0.891959 0.659944
vt 0.895463 0.659926
vt 0.895488 0.661674
vt 0.896546 0.007765
vt 0.896021 0.010242
vt 0.893852 0.010214
vt 0.894378 0.007737
vt 0.208366 0.822974
vt 0.210854 0.822929
vt 0.896021 0.012903
vt 0.893852 0.012875
vt 0.208462 0.820425
vt 0.210950 0.820380
vt 0.738061 0.812219
vt 0.738019 0.814126
vt 0.735487 0.814125
vt 0.735530 0.812218
vt 0.896546 0.015343
vt 0.894378 0.015315
vt 0.208735 0.818363
vt 0.211223 0.818317
vt 0.737996 0.816598
vt 0.735465 0.816597
vt 0.434122 0.833508
vt 0.434086 0.831033
vt 0.436617 0.831021
vt 0.436653 0.833495
vt 0.737996 0.819259
vt 0.735465 0.819259
vt 0.434074 0.828372
vt 0.436605 0.828359
vt 0.738019 0.821705
vt 0.735487 0.821704
vt 0.434086 0.825930
vt 0.436617 0.825917
vt 0.738061 0.823561
vt 0.735530 0.823560
vt 0.434122 0.824078
vt 0.436653 0.824065
vt 0.741280 0.275414
vt 0.740561 0.273678
vt 0.742227 0.272564
vt 0.743246 0.275023
vt 0.741280 0.277294
vt 0.743246 0.277685
vt 0.740561 0.279030
vt 0.742227 0.280144
vt 0.739232 0.280359
vt 0.740346 0.282026
vt 0.737497 0.281078
vt 0.737888 0.283044
vt 0.735618 0.281078
vt 0.735227 0.283044
vt 0.733882 0.280359
vt 0.732768 0.282025
vt 0.732553 0.279030
vt 0.730887 0.280143
vt 0.731834 0.277293
vt 0.729869 0.277684
vt 0.731834 0.275414
vt 0.729869 0.275023
vt 0.732553 0.273678
vt 0.730887 0.272564
vt 0.733882 0.272349
vt 0.732768 0.270682
vt 0.735618 0.271630
vt 0.735227 0.269663
vt 0.737497 0.271630
vt 0.737888 0.269663
vt 0.739232 0.272349
vt 0.740346 0.270682
vt 0.316431 0.877070
vt 0.317584 0.876961
vt 0.317584 0.882502
vt 0.316431 0.882611
vt 0.350533 0.842920
vt 0.350533 0.844800
vt 0.347029 0.844799
vt 0.347029 0.842919
vt 0.891950 0.658065
vt 0.895454 0.658047
vt 0.350549 0.846526
vt 0.347045 0.846525
vt 0.891959 0.656340
vt 0.895463 0.656322
vt 0.350579 0.847837
vt 0.347075 0.847836
vt 0.891984 0.655032
vt 0.895488 0.655015
vt 0.090147 0.889235
vt 0.089954 0.887581
vt 0.093398 0.887518
vt 0.093591 0.889173
vt 0.402660 0.891662
vt 0.402289 0.893411
vt 0.399287 0.893372
vt 0.399658 0.891623
vt 0.089886 0.885711
vt 0.093331 0.885649
vt 0.402289 0.895289
vt 0.399287 0.895251
vt 0.089954 0.883911
vt 0.093398 0.883849
vt 0.350579 0.839828
vt 0.350549 0.841175
vt 0.347045 0.841174
vt 0.347075 0.839827
vt 0.402660 0.897012
vt 0.399658 0.896974
vt 0.090147 0.882455
vt 0.093591 0.882393
vt 0.780415 0.632801
vt 0.779915 0.631594
vt 0.781135 0.630779
vt 0.781854 0.632515
vt 0.780415 0.634108
vt 0.781854 0.634394
vt 0.779915 0.635315
vt 0.781135 0.636131
vt 0.778991 0.636239
vt 0.779806 0.637460
vt 0.777784 0.636739
vt 0.778071 0.638179
vt 0.776478 0.636739
vt 0.776192 0.638179
vt 0.775271 0.636239
vt 0.774456 0.637460
vt 0.774347 0.635315
vt 0.773127 0.636131
vt 0.773847 0.634108
vt 0.772408 0.634394
vt 0.773847 0.632801
vt 0.772408 0.632515
vt 0.774347 0.631594
vt 0.773127 0.630779
vt 0.775271 0.630670
vt 0.774456 0.629450
vt 0.776478 0.630170
vt 0.776192 0.628731
vt 0.777784 0.630170
vt 0.778071 0.628731
vt 0.778991 0.630670
vt 0.779806 0.629450
vt 0.090386 0.817253
vt 0.089886 0.816046
vt 0.089886 0.814739
vt 0.090386 0.813531
vt 0.091310 0.812607
vt 0.092517 0.812107
vt 0.093823 0.812107
vt 0.095030 0.812608
vt 0.095954 0.813531
vt 0.096454 0.814739
vt 0.096454 0.816046
vt 0.095954 0.817253
vt 0.095030 0.818177
vt 0.093823 0.818677
vt 0.092517 0.818677
vt 0.091310 0.818177
vt 0.495674 0.890447
vt 0.496980 0.890425
vt 0.496980 0.895253
vt 0.495674 0.895275
vt 0.318885 0.876942
vt 0.318885 0.882483
vt 0.498173 0.890146
vt 0.498173 0.894974
vt 0.320135 0.877017
vt 0.321144 0.877173
vt 0.321144 0.882714
vt 0.320135 0.882558
vt 0.729430 0.698952
vt 0.730366 0.698973
vt 0.730366 0.704609
vt 0.729430 0.704588
vt 0.892481 0.729480
vt 0.891265 0.729491
vt 0.891265 0.723856
vt 0.892481 0.723844
vt 0.731580 0.698985
vt 0.731580 0.704621
vt 0.889959 0.729492
vt 0.889959 0.723856
vt 0.732887 0.698985
vt 0.732887 0.704621
vt 0.888760 0.729480
vt 0.888760 0.723844
vt 0.734087 0.698974
vt 0.734087 0.704610
vt 0.887851 0.729459
vt 0.887851 0.723823
vt 0.734999 0.698954
vt 0.734999 0.704590
vt 0.494453 0.890210
vt 0.494453 0.895038
vt 0.758524 0.132193
vt 0.764557 0.132163
vt 0.764567 0.134754
vt 0.758492 0.134784
vt 0.764572 0.138132
vt 0.758471 0.138162
vt 0.764572 0.141783
vt 0.758465 0.141813
vt 0.764567 0.145151
vt 0.758474 0.145181
vt 0.764557 0.147724
vt 0.758498 0.147754
vt 0.652172 0.811034
vt 0.647033 0.810937
vt 0.646340 0.807551
vt 0.651439 0.807649
vt 0.646385 0.803900
vt 0.651439 0.803998
vt 0.647161 0.800540
vt 0.652172 0.800637
vt 0.777874 0.367689
vt 0.783783 0.367714
vt 0.783773 0.370299
vt 0.777906 0.370274
vt 0.783770 0.373673
vt 0.777929 0.373648
vt 0.783773 0.377324
vt 0.777938 0.377299
vt 0.783783 0.380696
vt 0.777933 0.380671
vt 0.758544 0.038930
vt 0.764276 0.038803
vt 0.763884 0.041678
vt 0.758120 0.041806
vt 0.763747 0.045195
vt 0.757937 0.045323
vt 0.258978 0.702367
vt 0.256397 0.699785
vt 0.255000 0.696412
vt 0.255000 0.692760
vt 0.256397 0.689387
vt 0.258978 0.686805
vt 0.262351 0.685408
vt 0.266001 0.685408
vt 0.269374 0.686805
vt 0.271955 0.689386
vt 0.273352 0.692760
vt 0.273352 0.696411
vt 0.271955 0.699784
vt 0.269374 0.702366
vt 0.266001 0.703764
vt 0.262351 0.703764
vt 0.763884 0.048819
vt 0.758022 0.048948
vt 0.764276 0.051998
vt 0.758364 0.052127
vt 0.057235 0.896988
vt 0.056701 0.894520
vt 0.058858 0.894506
vt 0.059391 0.896974
vt 0.485975 0.702204
vt 0.484511 0.704096
vt 0.482870 0.702698
vt 0.484879 0.700102
vt 0.487888 0.701172
vt 0.487503 0.698687
vt 0.489958 0.701157
vt 0.490343 0.698667
vt 0.491871 0.702162
vt 0.492967 0.700045
vt 0.493335 0.704034
vt 0.494976 0.702613
vt 0.494128 0.706487
vt 0.496063 0.705979
vt 0.494128 0.709148
vt 0.496063 0.709630
vt 0.493335 0.711613
vt 0.494976 0.713010
vt 0.491871 0.713505
vt 0.492967 0.715606
vt 0.489958 0.714537
vt 0.490343 0.717022
vt 0.487888 0.714552
vt 0.487503 0.717042
vt 0.485975 0.713547
vt 0.484879 0.715663
vt 0.484511 0.711675
vt 0.482870 0.713096
vt 0.483719 0.709222
vt 0.481783 0.709730
vt 0.483719 0.706560
vt 0.481783 0.706079
vt 0.136254 0.894410
vt 0.136250 0.892673
vt 0.139755 0.892680
vt 0.139759 0.894417
vt 0.670083 0.435412
vt 0.669985 0.437978
vt 0.667499 0.438013
vt 0.667597 0.435448
vt 0.056701 0.891859
vt 0.058858 0.891844
vt 0.670083 0.440619
vt 0.667597 0.440654
vt 0.057235 0.889409
vt 0.059391 0.889395
vt 0.010300 0.813975
vt 0.010280 0.815864
vt 0.007748 0.815864
vt 0.007768 0.813975
vt 0.670364 0.442933
vt 0.667878 0.442968
vt 0.291581 0.835173
vt 0.291567 0.833289
vt 0.294098 0.833294
vt 0.294113 0.835178
vt 0.010269 0.818326
vt 0.007737 0.818326
vt 0.291561 0.830829
vt 0.294093 0.830834
vt 0.010269 0.820988
vt 0.007737 0.820988
vt 0.291567 0.828167
vt 0.294098 0.828172
vt 0.010280 0.823443
vt 0.007748 0.823443
vt 0.291581 0.825710
vt 0.294113 0.825715
vt 0.010300 0.825319
vt 0.007768 0.825319
vt 0.670364 0.433312
vt 0.667878 0.433348
vt 0.736508 0.213115
vt 0.735474 0.214451
vt 0.734177 0.213347
vt 0.735642 0.211454
vt 0.737859 0.212387
vt 0.737554 0.210423
vt 0.739321 0.212376
vt 0.739625 0.210408
vt 0.740671 0.213086
vt 0.741538 0.211413
vt 0.741705 0.214407
vt 0.743002 0.213285
vt 0.742265 0.216140
vt 0.743794 0.215738
vt 0.742265 0.218019
vt 0.743794 0.218399
vt 0.741705 0.219759
vt 0.743002 0.220864
vt 0.740671 0.221095
vt 0.741538 0.222756
vt 0.739321 0.221824
vt 0.739625 0.223788
vt 0.737859 0.221834
vt 0.737554 0.223803
vt 0.736508 0.221125
vt 0.735641 0.222798
vt 0.735474 0.219803
vt 0.734177 0.220926
vt 0.734915 0.218071
vt 0.733385 0.218473
vt 0.734915 0.216192
vt 0.733385 0.215811
vt 0.172814 0.890496
vt 0.174029 0.890247
vt 0.174029 0.895047
vt 0.172814 0.895296
vt 0.616074 0.843776
vt 0.616074 0.845655
vt 0.612569 0.845655
vt 0.612569 0.843776
vt 0.136254 0.890794
vt 0.139759 0.890800
vt 0.616082 0.847389
vt 0.612577 0.847389
vt 0.136264 0.889058
vt 0.139769 0.889065
vt 0.616096 0.848713
vt 0.612591 0.848713
vt 0.521225 0.882006
vt 0.521027 0.883489
vt 0.517585 0.883538
vt 0.517783 0.882055
vt 0.035300 0.899048
vt 0.034924 0.897305
vt 0.037909 0.897285
vt 0.038285 0.899028
vt 0.520957 0.885301
vt 0.517516 0.885350
vt 0.034924 0.895426
vt 0.037909 0.895406
vt 0.521027 0.887166
vt 0.517585 0.887215
vt 0.035300 0.893696
vt 0.038285 0.893676
vt 0.616096 0.840703
vt 0.616082 0.842037
vt 0.612577 0.842037
vt 0.612591 0.840703
vt 0.521225 0.888800
vt 0.517783 0.888849
vt 0.136264 0.895740
vt 0.139769 0.895747
vt 0.464081 0.798131
vt 0.464800 0.797202
vt 0.465750 0.798011
vt 0.464716 0.799347
vt 0.463142 0.798638
vt 0.463365 0.800075
vt 0.462126 0.798645
vt 0.461903 0.800086
vt 0.461187 0.798151
vt 0.460552 0.799376
vt 0.460468 0.797233
vt 0.459519 0.798054
vt 0.460079 0.796028
vt 0.458959 0.796322
vt 0.460079 0.794721
vt 0.458959 0.794443
vt 0.460468 0.793511
vt 0.459519 0.792703
vt 0.461187 0.792582
vt 0.460552 0.791367
vt 0.462126 0.792076
vt 0.461903 0.790638
vt 0.463142 0.792068
vt 0.463365 0.790628
vt 0.464081 0.792562
vt 0.464716 0.791337
vt 0.464800 0.793481
vt 0.465750 0.792659
vt 0.465189 0.794685
vt 0.466309 0.794391
vt 0.465189 0.795992
vt 0.466309 0.796270
vt 0.229657 0.823169
vt 0.230376 0.822240
vt 0.231315 0.821734
vt 0.232332 0.821727
vt 0.233271 0.822220
vt 0.233990 0.823139
vt 0.234379 0.824343
vt 0.234379 0.825650
vt 0.233990 0.826860
vt 0.233271 0.827789
vt 0.232332 0.828296
vt 0.231315 0.828303
vt 0.230376 0.827809
vt 0.229657 0.826891
vt 0.229268 0.825686
vt 0.229268 0.824379
vt 0.115276 0.884886
vt 0.113979 0.884921
vt 0.113979 0.879385
vt 0.115276 0.879350
vt 0.175335 0.890261
vt 0.175335 0.895061
vt 0.112842 0.885047
vt 0.112842 0.879511
vt 0.252927 0.885005
vt 0.253852 0.884995
vt 0.253852 0.890633
vt 0.252927 0.890642
vt 0.176535 0.890536
vt 0.176535 0.895337
vt 0.787677 0.278092
vt 0.788604 0.278102
vt 0.788604 0.283740
vt 0.787677 0.283729
vt 0.255060 0.884990
vt 0.255060 0.890627
vt 0.789813 0.278108
vt 0.789813 0.283746
vt 0.256367 0.884989
vt 0.256367 0.890626
vt 0.791120 0.278109
vt 0.791120 0.283746
vt 0.257574 0.884993
vt 0.257574 0.890631
vt 0.792325 0.278104
vt 0.792325 0.283741
vt 0.117565 0.885096
vt 0.116535 0.884948
vt 0.116535 0.879412
vt 0.117565 0.879560
vt 0.793246 0.278095
vt 0.793246 0.283732
vt 0.757996 0.007767
vt 0.764029 0.007737
vt 0.764038 0.010328
vt 0.757964 0.010358
vt 0.764044 0.013706
vt 0.757943 0.013736
vt 0.764044 0.017358
vt 0.757937 0.017388
vt 0.764038 0.020726
vt 0.757946 0.020756
vt 0.764029 0.023298
vt 0.757969 0.023329
vt 0.810206 0.468972
vt 0.805067 0.468874
vt 0.804374 0.465488
vt 0.809473 0.465586
vt 0.804420 0.461837
vt 0.809473 0.461935
vt 0.805195 0.458477
vt 0.810206 0.458575
vt 0.779443 0.565109
vt 0.785352 0.565133
vt 0.785342 0.567718
vt 0.779475 0.567693
vt 0.785339 0.571092
vt 0.779498 0.571067
vt 0.785342 0.574744
vt 0.779507 0.574719
vt 0.785352 0.578116
vt 0.779502 0.578091
vt 0.758237 0.565236
vt 0.763969 0.565109
vt 0.763577 0.567984
vt 0.757812 0.568111
vt 0.763440 0.571501
vt 0.757629 0.571629
vt 0.533365 0.688963
vt 0.535946 0.691545
vt 0.537343 0.694918
vt 0.537343 0.698569
vt 0.535946 0.701943
vt 0.533364 0.704525
vt 0.529992 0.705922
vt 0.526341 0.705922
vt 0.522968 0.704525
vt 0.520387 0.701943
vt 0.518990 0.698569
vt 0.518991 0.694918
vt 0.520388 0.691545
vt 0.522969 0.688963
vt 0.526342 0.687566
vt 0.529992 0.687566
vt 0.763577 0.575125
vt 0.757715 0.575253
vt 0.763969 0.578304
vt 0.758056 0.578433
vt 0.781044 0.896876
vt 0.780510 0.894408
vt 0.782666 0.894394
vt 0.783200 0.896862
vt 0.403478 0.702274
vt 0.402014 0.704166
vt 0.400374 0.702769
vt 0.402382 0.700173
vt 0.405391 0.701242
vt 0.405006 0.698757
vt 0.407462 0.701227
vt 0.407847 0.698737
vt 0.409375 0.702232
vt 0.410471 0.700116
vt 0.410839 0.704104
vt 0.412479 0.702684
vt 0.411631 0.706557
vt 0.413566 0.706049
vt 0.411631 0.709219
vt 0.413566 0.709700
vt 0.410839 0.711683
vt 0.412479 0.713081
vt 0.409375 0.713576
vt 0.410471 0.715677
vt 0.407462 0.714608
vt 0.407847 0.717092
vt 0.405391 0.714622
vt 0.405006 0.717112
vt 0.403478 0.713617
vt 0.402382 0.715734
vt 0.402014 0.711745
vt 0.400374 0.713166
vt 0.401222 0.709292
vt 0.399287 0.709801
vt 0.401222 0.706631
vt 0.399287 0.706149
vt 0.819888 0.894412
vt 0.819884 0.892675
vt 0.823389 0.892682
vt 0.823392 0.894419
vt 0.542980 0.819862
vt 0.542882 0.822428
vt 0.540396 0.822463
vt 0.540494 0.819897
vt 0.780510 0.891746
vt 0.782666 0.891732
vt 0.542980 0.825069
vt 0.540494 0.825104
vt 0.781044 0.889297
vt 0.783200 0.889283
vt 0.615132 0.813885
vt 0.615112 0.815774
vt 0.612580 0.815774
vt 0.612600 0.813885
vt 0.543261 0.827382
vt 0.540775 0.827418
vt 0.316451 0.835174
vt 0.316437 0.833290
vt 0.318968 0.833295
vt 0.318983 0.835178
vt 0.615101 0.818236
vt 0.612569 0.818236
vt 0.316431 0.830830
vt 0.318963 0.830835
vt 0.615101 0.820898
vt 0.612569 0.820898
vt 0.316437 0.828168
vt 0.318968 0.828173
vt 0.615112 0.823353
vt 0.612580 0.823353
vt 0.316451 0.825710
vt 0.318983 0.825715
vt 0.615132 0.825229
vt 0.612600 0.825229
vt 0.543261 0.817762
vt 0.540775 0.817797
vt 0.093009 0.734957
vt 0.091975 0.736293
vt 0.090678 0.735188
vt 0.092142 0.733296
vt 0.094359 0.734228
vt 0.094055 0.732264
vt 0.095821 0.734218
vt 0.096126 0.732250
vt 0.097172 0.734928
vt 0.098039 0.733255
vt 0.098206 0.736249
vt 0.099503 0.735126
vt 0.098765 0.737982
vt 0.100295 0.737580
vt 0.098765 0.739861
vt 0.100295 0.740241
vt 0.098206 0.741601
vt 0.099503 0.742706
vt 0.097172 0.742937
vt 0.098039 0.744598
vt 0.095821 0.743666
vt 0.096126 0.745630
vt 0.094359 0.743676
vt 0.094055 0.745644
vt 0.093009 0.742966
vt 0.092142 0.744639
vt 0.091975 0.741645
vt 0.090678 0.742768
vt 0.091415 0.739913
vt 0.089886 0.740314
vt 0.091415 0.738033
vt 0.089886 0.737653
vt 0.592009 0.895100
vt 0.590794 0.895348
vt 0.590794 0.890548
vt 0.592009 0.890299
vt 0.011242 0.843866
vt 0.011242 0.845745
vt 0.007737 0.845745
vt 0.007737 0.843866
vt 0.819888 0.890796
vt 0.823392 0.890803
vt 0.011250 0.847479
vt 0.007745 0.847479
vt 0.819898 0.889060
vt 0.823403 0.889067
vt 0.011264 0.848803
vt 0.007759 0.848803
vt 0.716192 0.880661
vt 0.715993 0.882144
vt 0.712552 0.882193
vt 0.712750 0.880710
vt 0.735841 0.897079
vt 0.735465 0.895336
vt 0.738450 0.895316
vt 0.738827 0.897059
vt 0.715924 0.883956
vt 0.712482 0.884005
vt 0.735465 0.893457
vt 0.738450 0.893437
vt 0.715993 0.885820
vt 0.712552 0.885869
vt 0.735841 0.891727
vt 0.738827 0.891707
vt 0.011264 0.840793
vt 0.011250 0.842127
vt 0.007745 0.842127
vt 0.007759 0.840793
vt 0.716192 0.887454
vt 0.712750 0.887503
vt 0.819898 0.895742
vt 0.823403 0.895749
vt 0.486906 0.798131
vt 0.487625 0.797202
vt 0.488574 0.798011
vt 0.487540 0.799347
vt 0.485967 0.798638
vt 0.486189 0.800075
vt 0.484950 0.798645
vt 0.484727 0.800086
vt 0.484011 0.798151
vt 0.483377 0.799376
vt 0.483292 0.797232
vt 0.482343 0.798054
vt 0.482903 0.796028
vt 0.481783 0.796322
vt 0.482903 0.794721
vt 0.481783 0.794443
vt 0.483292 0.793511
vt 0.482343 0.792703
vt 0.484011 0.792582
vt 0.483377 0.791367
vt 0.484950 0.792076
vt 0.484727 0.790638
vt 0.485967 0.792068
vt 0.486189 0.790628
vt 0.486906 0.792562
vt 0.487540 0.791337
vt 0.487625 0.793481
vt 0.488574 0.792659
vt 0.488014 0.794685
vt 0.489133 0.794391
vt 0.488014 0.795992
vt 0.489133 0.796270
vt 0.374242 0.824301
vt 0.374961 0.823372
vt 0.375900 0.822865
vt 0.376916 0.822858
vt 0.377856 0.823352
vt 0.378574 0.824270
vt 0.378963 0.825475
vt 0.378963 0.826782
vt 0.378574 0.827992
vt 0.377856 0.828921
vt 0.376916 0.829427
vt 0.375900 0.829435
vt 0.374961 0.828941
vt 0.374242 0.828022
vt 0.373853 0.826818
vt 0.373853 0.825511
vt 0.648629 0.879424
vt 0.649926 0.879389
vt 0.649926 0.884925
vt 0.648629 0.884960
vt 0.589487 0.895334
vt 0.589487 0.890534
vt 0.651064 0.879263
vt 0.651064 0.884799
vt 0.887273 0.784706
vt 0.888198 0.784697
vt 0.888198 0.790334
vt 0.887273 0.790344
vt 0.588288 0.895059
vt 0.588288 0.890259
vt 0.718052 0.865187
vt 0.717124 0.865176
vt 0.717124 0.859539
vt 0.718052 0.859549
vt 0.889406 0.784691
vt 0.889406 0.790329
vt 0.715915 0.865170
vt 0.715915 0.859533
vt 0.890713 0.784690
vt 0.890713 0.790328
vt 0.714609 0.865170
vt 0.714609 0.859532
vt 0.891919 0.784695
vt 0.891919 0.790332
vt 0.713403 0.865174
vt 0.713403 0.859537
vt 0.646340 0.879214
vt 0.647370 0.879362
vt 0.647370 0.884898
vt 0.646340 0.884750
vt 0.712482 0.865184
vt 0.712482 0.859547
s 1
usemtl Material.001
f 4/1/1 3/2/1 319/3/1 320/4/1
f 34/5/2 32/6/2 2/7/2 1/8/2
f 319/9/3 3/10/3 7/11/3 51/12/3 73/13/3 327/14/3
f 48/15/4 2/7/4 6/16/4 49/17/4
f 72/18/5 62/19/5 318/20/5 317/21/5
f 49/22/6 6/23/6 25/24/6 54/25/6
f 8/26/7 4/27/7 5/28/7 9/29/7
f 32/6/8 8/26/8 9/29/8 33/30/8
f 5/31/9 321/32/10 336/33/10 15/34/9
f 57/35/3 51/12/3 7/11/3 34/36/3
f 3/37/2 4/27/2 8/26/2 7/38/2
f 35/39/11 36/40/12 28/41/12 10/42/13
f 39/43/10 46/44/10 41/45/10 35/46/10
f 52/47/14 14/48/14 11/49/14 61/50/14
f 10/51/15 28/52/15 30/53/15 13/54/15
f 18/55/16 19/56/16 23/57/17 22/58/17
f 50/59/18 9/60/18 16/61/19 53/62/20
f 9/29/21 5/28/21 15/63/21 16/64/21
f 6212/65/22 22/66/22 23/67/22 6213/68/22
f 53/69/23 338/70/24 467/71/24 123/72/23
f 18/55/16 342/73/25 345/74/25 19/56/16
f 15/75/26 336/76/27 342/77/27 18/78/26
f 15/75/28 18/78/28 22/79/28 6212/80/28 20/81/28 16/82/28
f 17/83/29 16/61/19 20/84/30 21/85/30
f 65/86/31 352/87/31 355/88/32 27/89/32 25/90/31 54/91/31
f 38/92/33 39/93/34 26/94/35 24/95/35
f 9/96/36 10/97/36 26/98/36 24/99/36
f 27/89/37 43/100/38 46/101/38 39/93/34
f 33/102/39 9/103/39 24/104/39 38/105/39
f 36/106/40 40/107/41 30/53/42 28/52/42
f 55/108/43 56/109/43 31/110/43 29/111/43
f 64/112/44 67/113/44 361/114/44 335/115/44
f 35/46/10 41/45/10 44/116/10 36/117/10
f 37/118/45 40/119/45 31/120/45 14/121/45
f 13/122/45 30/123/45 40/119/45 37/118/45
f 29/111/46 31/110/47 40/107/41 36/106/40
f 6/23/39 33/102/39 38/105/39 25/24/39
f 25/90/48 27/89/37 39/93/34 38/92/33
f 406/124/49 381/125/49 71/126/49 61/127/49 11/128/49 12/129/49 332/130/49 331/131/49 396/132/49
f 10/42/13 26/133/39 39/134/39 35/39/11
f 47/135/3 57/35/3 34/36/3 1/136/3
f 2/7/50 32/6/50 33/30/50 6/16/50
f 7/38/2 8/26/2 32/6/2 34/5/2
f 41/137/11 46/138/39 43/139/39 42/140/51
f 68/141/52 69/142/52 379/143/52 374/144/52
f 58/145/53 60/146/53 45/147/53 42/140/53
f 42/140/51 45/147/12 44/148/12 41/137/11
f 36/106/40 44/149/54 45/150/54 29/111/46
f 368/151/55 332/152/55 12/153/55 37/154/55
f 14/48/56 37/155/56 12/156/56 11/49/56
f 68/141/57 70/157/57 60/146/57 58/145/57
f 42/140/58 43/139/58 59/158/58 58/145/58
f 72/18/59 75/159/59 57/160/59 47/161/59
f 29/111/60 45/150/60 60/162/60 55/108/60
f 14/121/61 31/120/61 56/163/61 52/164/61
f 66/165/62 67/166/62 56/109/62 55/108/62
f 140/167/63 133/168/63 136/169/63 138/170/63
f 64/171/64 52/47/64 61/50/64 71/172/64
f 75/173/65 73/13/66 51/12/67 57/35/67
f 4/1/68 320/4/68 321/32/68 5/31/68
f 63/174/69 49/22/69 54/25/69 65/175/69
f 1/8/70 2/7/70 48/15/70 47/161/70
f 62/19/71 48/15/71 49/17/71 63/176/71
f 318/20/72 62/19/72 63/176/72 324/177/72
f 324/178/73 63/174/73 65/175/73 352/179/73
f 363/180/74 327/14/74 73/13/66 75/173/65
f 335/181/75 64/171/75 71/172/75 381/182/75
f 6210/183/76 19/184/77 345/185/78 6211/186/78
f 123/187/79 467/188/80 472/189/80 125/190/79
f 355/88/32 379/191/81 69/192/81 59/193/81 43/100/81 27/89/32
f 358/194/82 361/195/82 67/166/82 66/165/82
f 317/196/83 363/180/83 75/173/83 72/197/83
f 374/144/84 380/198/84 70/157/84 68/141/84
f 58/145/85 59/158/85 69/142/85 68/141/85
f 55/108/86 60/162/86 70/199/86 66/165/86
f 52/200/87 56/201/87 67/202/87 64/203/87
f 47/161/88 48/15/88 62/19/88 72/18/88
f 380/198/89 414/204/90 76/205/91 70/157/92
f 70/199/93 76/206/93 77/207/93 66/165/93
f 66/208/94 77/209/95 412/210/94 358/211/94
f 412/212/96 77/213/96 413/214/96
f 437/215/97 423/216/97 426/217/97 439/218/97
f 88/219/98 101/220/98 102/221/98 103/222/98 104/223/98 105/224/98 106/225/98 107/226/98 108/227/98 109/228/98 110/229/98 100/230/98 87/231/98 86/232/98
f 86/233/99 87/234/99 84/235/99 83/236/99
f 85/237/100 88/238/100 86/239/100 83/240/100
f 83/241/101 84/242/101 89/243/101 90/244/101 91/245/101 92/246/101 93/247/101 94/248/101 95/249/101 96/250/101 97/251/101 98/252/101 99/253/101 85/254/101
f 89/255/102 100/256/102 110/257/102 90/258/102
f 90/259/103 110/260/103 109/261/103 91/262/103
f 91/263/102 109/264/102 108/265/102 92/266/102
f 92/267/103 108/268/103 107/269/103 93/270/103
f 93/271/104 107/272/104 106/273/104 94/274/104
f 94/275/103 106/276/103 105/277/103 95/278/103
f 95/279/104 105/280/104 104/281/104 96/282/104
f 96/283/103 104/284/103 103/285/103 97/286/103
f 97/287/102 103/288/102 102/289/102 98/290/102
f 98/291/103 102/292/103 101/293/103 99/294/103
f 100/295/103 89/296/103 84/297/103 87/298/103
f 53/69/105 112/299/105 115/300/105 114/301/105
f 450/302/80 113/303/79 112/304/79 111/305/79 449/306/80
f 132/307/63 74/308/63 128/309/63 130/310/63
f 329/311/24 50/312/106 113/313/106 450/314/24
f 112/315/107 53/316/108 118/317/108 119/318/107
f 116/319/109 114/320/109 115/321/110 117/322/110
f 53/62/20 16/61/19 17/83/29 340/323/111 338/324/111
f 113/325/112 50/326/112 116/327/112 117/328/112
f 112/329/113 113/330/113 117/331/113 115/332/113
f 120/333/114 128/334/114 74/335/114 122/336/114
f 122/337/115 74/338/115 132/339/115 131/340/115
f 111/341/116 112/342/117 119/343/117 121/344/116
f 118/345/118 461/346/119 463/347/120 121/348/121 119/349/121
f 449/350/122 111/341/116 121/344/116 463/351/122
f 118/345/118 125/352/123 472/353/124 461/346/119
f 124/354/125 123/355/125 127/356/125 126/357/125
f 129/358/126 130/359/126 128/360/126 120/361/126
f 114/320/109 116/319/109 126/362/127 127/363/127
f 118/317/108 53/316/108 123/364/128 125/365/128
f 53/69/105 114/301/105 127/366/105 123/72/105
f 50/367/129 53/316/129 123/364/129 124/368/129
f 131/369/130 132/370/130 130/371/130 129/372/130
f 116/327/112 50/326/112 124/373/112 126/374/112
f 122/375/131 131/376/131 129/377/131 120/378/131
f 134/379/114 136/380/114 133/381/114 135/382/114
f 135/383/115 133/384/115 140/385/115 139/386/115
f 137/387/126 138/388/126 136/389/126 134/390/126
f 139/391/130 140/392/130 138/393/130 137/394/130
f 135/395/131 139/396/131 137/397/131 134/398/131
f 148/399/63 141/400/63 144/401/63 146/402/63
f 142/403/114 144/404/114 141/405/114 143/406/114
f 143/407/115 141/408/115 148/409/115 147/410/115
f 145/411/126 146/412/126 144/413/126 142/414/126
f 147/415/130 148/416/130 146/417/130 145/418/130
f 143/419/131 147/420/131 145/421/131 142/422/131
f 156/423/63 149/424/63 152/425/63 154/426/63
f 150/427/114 152/428/114 149/429/114 151/430/114
f 151/431/115 149/432/115 156/433/115 155/434/115
f 153/435/126 154/436/126 152/437/126 150/438/126
f 155/439/130 156/440/130 154/441/130 153/442/130
f 151/443/131 155/444/131 153/445/131 150/446/131
f 164/447/63 157/448/63 160/449/63 162/450/63
f 158/451/114 160/452/114 157/453/114 159/454/114
f 159/455/115 157/456/115 164/457/115 163/458/115
f 161/459/126 162/460/126 160/461/126 158/462/126
f 163/463/130 164/464/130 162/465/130 161/466/130
f 159/467/131 163/468/131 161/469/131 158/470/131
f 172/471/63 165/472/63 168/473/63 170/474/63
f 166/475/114 168/476/114 165/477/114 167/478/114
f 167/479/115 165/480/115 172/481/115 171/482/115
f 169/483/126 170/484/126 168/485/126 166/486/126
f 171/487/130 172/488/130 170/489/130 169/490/130
f 167/491/131 171/492/131 169/493/131 166/494/131
f 180/495/63 173/496/63 176/497/63 178/498/63
f 174/499/114 176/500/114 173/501/114 175/502/114
f 175/503/115 173/504/115 180/505/115 179/506/115
f 177/507/126 178/508/126 176/509/126 174/510/126
f 179/511/130 180/512/130 178/513/130 177/514/130
f 175/515/131 179/516/131 177/517/131 174/518/131
f 252/519/63 251/520/63 184/521/63 186/522/63
f 254/523/114 251/524/114 181/525/114 240/526/114
f 240/527/115 181/528/115 188/529/115 237/530/115
f 238/531/126 186/532/126 184/533/126 239/534/126
f 253/535/130 252/536/130 186/537/130 238/538/130
f 250/539/131 249/540/131 185/541/131 182/542/131
f 196/543/63 189/544/63 192/545/63 194/546/63
f 190/547/114 192/548/114 189/549/114 191/550/114
f 191/551/115 189/552/115 196/553/115 195/554/115
f 193/555/126 194/556/126 192/557/126 190/558/126
f 195/559/130 196/560/130 194/561/130 193/562/130
f 191/563/131 195/564/131 193/565/131 190/566/131
f 204/567/63 197/568/63 200/569/63 202/570/63
f 198/571/114 200/572/114 197/573/114 199/574/114
f 199/575/115 197/576/115 204/577/115 203/578/115
f 201/579/126 202/580/126 200/581/126 198/582/126
f 203/583/130 204/584/130 202/585/130 201/586/130
f 199/587/131 203/588/131 201/589/131 198/590/131
f 212/591/63 205/592/63 208/593/63 210/594/63
f 206/595/114 208/596/114 205/597/114 207/598/114
f 207/599/115 205/600/115 212/601/115 211/602/115
f 209/603/126 210/604/126 208/605/126 206/606/126
f 211/607/130 212/608/130 210/609/130 209/610/130
f 207/611/131 211/612/131 209/613/131 206/614/131
f 220/615/63 213/616/63 216/617/63 218/618/63
f 214/619/114 216/620/114 213/621/114 215/622/114
f 215/623/115 213/624/115 220/625/115 219/626/115
f 217/627/126 218/628/126 216/629/126 214/630/126
f 219/631/130 220/632/130 218/633/130 217/634/130
f 215/635/131 219/636/131 217/637/131 214/638/131
f 228/639/63 221/640/63 224/641/63 226/642/63
f 222/643/114 224/644/114 221/645/114 223/646/114
f 223/647/115 221/648/115 228/649/115 227/650/115
f 225/651/126 226/652/126 224/653/126 222/654/126
f 227/655/130 228/656/130 226/657/130 225/658/130
f 223/659/131 227/660/131 225/661/131 222/662/131
f 236/663/63 229/664/63 232/665/63 234/666/63
f 230/667/114 232/668/114 229/669/114 231/670/114
f 231/671/115 229/672/115 236/673/115 235/674/115
f 233/675/126 234/676/126 232/677/126 230/678/126
f 235/679/130 236/680/130 234/681/130 233/682/130
f 231/683/131 235/684/131 233/685/131 230/686/131
f 266/687/132 265/688/131 260/689/133 259/690/134
f 239/691/114 244/692/114 245/693/114 246/694/114
f 243/695/115 240/527/115 237/530/115 241/696/115
f 255/697/114 254/523/114 240/526/114 243/698/114
f 250/699/114 255/697/114 243/698/114 183/700/114
f 183/701/115 243/695/115 241/696/115 187/702/115
f 185/703/126 242/704/126 244/705/126 182/706/126
f 249/707/130 256/708/130 242/709/130 185/710/130
f 248/711/126 247/712/126 246/713/126 245/714/126
f 264/715/63 263/716/135 258/717/136 257/718/137
f 238/719/138 239/720/139 246/721/139 247/722/139
f 244/723/140 242/724/141 248/725/140 245/726/140
f 187/727/130 241/728/130 256/708/130 249/707/130
f 182/729/114 244/692/114 255/697/114 250/699/114
f 244/692/114 239/691/114 254/523/114 255/697/114
f 241/728/130 237/730/130 253/535/130 256/708/130
f 183/731/131 187/732/131 249/540/131 250/539/131
f 237/730/130 188/733/130 252/536/130 253/535/130
f 239/691/114 184/734/114 251/524/114 254/523/114
f 188/735/63 181/736/63 251/520/63 252/519/63
f 260/737/130 257/738/130 258/739/130 259/740/130
f 259/740/130 258/739/130 261/741/130 262/742/130
f 260/689/142 265/688/142 615/743/142 614/744/142
f 263/716/135 267/745/139 261/746/143 258/717/136
f 267/747/126 268/748/126 262/749/126 261/750/126
f 268/751/140 266/687/132 259/690/134 262/752/144
f 248/725/140 242/724/141 266/687/132 268/751/140
f 247/712/126 248/711/126 268/748/126 267/747/126
f 238/719/138 247/722/139 267/745/139 263/716/135
f 256/753/115 253/754/115 264/755/115 265/756/115
f 253/757/63 238/719/138 263/716/135 264/715/63
f 242/724/141 256/758/131 265/688/131 266/687/132
f 257/738/130 260/737/130 614/759/130 613/760/130
f 264/715/145 257/718/145 613/761/145 616/762/145
f 265/763/114 264/764/114 616/765/114 615/766/114
f 303/767/63 269/768/63 272/769/63 304/770/63
f 295/771/114 272/772/114 269/773/114 296/774/114
f 306/775/146 303/776/147 276/777/147 293/778/148
f 305/779/149 304/780/150 272/781/150 295/782/151
f 293/783/130 276/784/130 274/785/130 294/786/130
f 302/787/131 275/788/131 273/789/131 301/790/131
f 284/791/63 277/792/63 280/793/63 282/794/63
f 278/795/114 280/796/114 277/797/114 279/798/114
f 279/799/115 277/800/115 284/801/115 283/802/115
f 281/803/126 282/804/126 280/805/126 278/806/126
f 283/807/130 284/808/130 282/809/130 281/810/130
f 279/811/131 283/812/131 281/813/131 278/814/131
f 292/815/63 285/816/63 288/817/63 290/818/63
f 286/819/114 288/820/114 285/821/114 287/822/114
f 287/823/115 285/824/115 292/825/115 291/826/115
f 289/827/126 290/828/126 288/829/126 286/830/126
f 291/831/130 292/832/130 290/833/130 289/834/130
f 287/835/131 291/836/131 289/837/131 286/838/131
f 297/839/130 293/783/130 294/786/130 298/840/130
f 308/841/152 305/779/149 295/782/151 300/842/153
f 307/843/154 306/775/146 293/778/148 297/844/155
f 300/842/153 295/782/151 310/845/156 309/846/156
f 270/847/114 300/848/114 299/849/114 271/850/114
f 302/851/157 307/843/154 297/844/155 275/852/157
f 301/853/158 308/841/152 300/842/153 270/854/158
f 275/855/130 297/839/130 298/840/130 273/856/130
f 273/857/158 298/858/152 308/841/152 301/853/158
f 271/859/157 299/860/157 307/843/154 302/851/157
f 311/861/159 296/862/159 661/863/159 665/864/159
f 298/858/152 294/865/149 305/779/149 308/841/152
f 271/866/131 302/787/131 301/790/131 270/867/131
f 294/865/149 274/868/150 304/780/150 305/779/149
f 296/869/147 269/870/147 303/776/147 306/775/146
f 276/871/63 303/767/63 304/770/63 274/872/63
f 309/873/114 310/874/114 311/875/114 312/876/114
f 295/877/63 296/862/63 311/861/63 310/878/63
f 299/879/131 300/880/131 309/881/131 312/882/131
f 307/883/160 299/879/160 662/884/160 664/885/160
f 312/876/114 311/875/114 665/886/114 666/887/114
f 296/862/159 306/888/159 663/889/159 661/863/159
f 299/879/160 312/882/160 666/890/160 662/884/160
f 306/891/130 307/892/130 664/893/130 663/894/130
f 316/895/161 320/896/161 319/897/161 315/898/161
f 365/899/162 313/900/162 314/901/162 362/902/162
f 319/9/163 327/14/163 408/903/163 386/904/163 325/905/163 315/906/163
f 383/907/164 384/908/164 323/909/164 314/910/164
f 407/911/165 317/912/165 318/913/165 397/914/165
f 384/915/166 389/916/166 351/917/166 323/918/166
f 326/919/167 328/920/167 322/921/167 316/895/167
f 362/902/168 364/922/168 328/920/168 326/919/168
f 322/923/169 337/924/169 336/33/10 321/32/10
f 392/925/163 365/926/163 325/905/163 386/904/163
f 315/898/162 325/927/162 326/919/162 316/895/162
f 366/928/170 330/929/170 356/930/170 367/931/170
f 370/932/10 366/933/10 372/934/10 378/935/10
f 387/936/171 396/937/171 331/938/171 334/939/171
f 330/940/172 333/941/172 359/942/172 356/943/172
f 343/944/173 348/945/174 349/946/174 344/947/173
f 385/948/175 388/949/176 339/950/177 328/951/175
f 328/920/178 339/952/178 337/953/178 322/921/178
f 346/954/179 6215/955/179 348/956/179 343/957/179 337/958/179 339/959/179
f 388/960/180 465/961/180 467/71/24 338/70/24
f 343/944/173 344/947/173 345/74/25 342/73/25
f 337/958/181 343/957/181 342/77/27 336/76/27
f 6216/962/182 6214/963/182 344/964/182 349/965/182
f 6210/183/183 6213/966/183 23/967/183 19/184/183
f 341/968/184 347/969/185 346/970/185 339/950/177
f 400/971/186 389/972/186 351/973/186 354/974/186 355/975/186 352/976/186
f 369/977/187 350/978/188 353/979/188 370/980/189
f 328/981/190 350/982/190 353/983/190 330/984/190
f 354/985/191 370/986/189 378/987/192 375/988/192
f 364/989/193 369/990/193 350/991/193 328/992/193
f 367/993/194 356/943/195 359/942/195 371/994/196
f 390/995/197 357/996/197 360/997/197 391/998/197
f 399/999/198 335/115/198 361/114/198 402/1000/198
f 366/933/10 367/1001/10 376/1002/10 372/934/10
f 368/1003/199 334/1004/199 360/1005/199 371/1006/199
f 333/1007/199 368/1003/199 371/1006/199 359/1008/199
f 357/1009/200 367/993/194 371/994/196 360/1010/201
f 323/918/193 351/917/193 369/990/193 364/989/193
f 351/1011/202 369/1012/187 370/986/189 354/985/191
f 330/929/193 366/928/193 370/1013/193 353/1014/193
f 382/1015/163 313/1016/163 365/926/163 392/925/163
f 314/901/203 323/1017/203 364/922/203 362/902/203
f 325/927/162 365/899/162 362/902/162 326/919/162
f 372/1018/204 373/1019/205 375/1020/193 378/1021/193
f 403/1022/206 374/144/206 379/143/206 404/1023/206
f 393/1024/207 373/1019/207 377/1025/207 395/1026/207
f 373/1019/205 372/1018/204 376/1027/170 377/1025/170
f 367/993/194 357/1009/200 377/1028/208 376/1029/208
f 334/1030/209 331/1031/209 332/1032/209 368/1033/209
f 403/1022/210 393/1024/210 395/1026/210 405/1034/210
f 373/1019/211 393/1024/211 394/1035/211 375/1020/211
f 407/1036/212 382/1037/212 392/1038/212 410/1039/212
f 357/996/213 390/995/213 395/1040/213 377/1041/213
f 334/1004/214 387/1042/214 391/1043/214 360/1005/214
f 401/1044/215 390/995/215 391/998/215 402/1045/215
f 484/1046/216 482/1047/216 480/1048/216 477/1049/216
f 399/1050/217 406/1051/217 396/937/217 387/936/217
f 410/1052/218 392/925/219 386/904/219 408/903/220
f 316/1053/221 322/923/221 321/32/221 320/4/221
f 398/1054/222 400/1055/222 389/916/222 384/915/222
f 313/1056/223 382/1057/223 383/907/223 314/910/223
f 397/914/224 398/1058/224 384/908/224 383/907/224
f 318/913/225 324/1059/225 398/1058/225 397/914/225
f 324/178/226 352/179/226 400/1055/226 398/1054/226
f 363/180/227 410/1052/218 408/903/220 327/14/227
f 335/1060/228 381/1061/228 406/1051/228 399/1050/228
f 6214/963/229 6211/186/78 345/185/78 344/964/230
f 465/1062/231 468/1063/231 472/189/80 467/188/80
f 355/975/232 354/974/232 375/1064/232 394/1065/232 404/1066/232 379/1067/232
f 358/1068/233 401/1044/233 402/1045/233 361/1069/233
f 317/196/234 407/1070/234 410/1052/234 363/180/234
f 374/144/235 403/1022/235 405/1034/235 380/198/235
f 393/1024/236 403/1022/236 404/1023/236 394/1035/236
f 390/995/237 401/1044/237 405/1071/237 395/1040/237
f 387/1072/238 399/1073/238 402/1074/238 391/1075/238
f 382/1057/239 407/911/239 397/914/239 383/907/239
f 380/198/240 405/1034/241 411/1076/242 414/204/243
f 405/1071/244 401/1044/244 413/1077/244 411/1078/245
f 401/1079/246 358/211/246 412/210/246 413/1080/246
f 413/1081/247 77/1082/247 6220/1083/247 6218/1084/247
f 413/1085/248 6218/1086/248 6221/1087/249 411/1088/250
f 76/205/251 414/204/252 6217/1089/253 6219/1090/254
f 426/1091/255 424/1092/255 425/1093/255 438/1094/255 448/1095/255 447/1096/255 446/1097/255 445/1098/255 444/1099/255 443/1100/255 442/1101/255 441/1102/255 440/1103/255 439/1104/255
f 424/1105/99 421/1106/99 422/1107/99 425/1108/99
f 423/1109/256 421/1110/256 424/1111/256 426/1112/256
f 421/1113/257 423/1114/257 437/1115/257 436/1116/257 435/1117/257 434/1118/257 433/1119/257 432/1120/257 431/1121/257 430/1122/257 429/1123/257 428/1124/257 427/1125/257 422/1126/257
f 427/1127/102 428/1128/102 448/1129/102 438/1130/102
f 428/1131/258 429/1132/258 447/1133/258 448/1134/258
f 429/1135/102 430/1136/102 446/1137/102 447/1138/102
f 430/1139/258 431/1140/258 445/1141/258 446/1142/258
f 431/1143/104 432/1144/104 444/1145/104 445/1146/104
f 432/1147/258 433/1148/258 443/1149/258 444/1150/258
f 433/1151/104 434/1152/104 442/1153/104 443/1154/104
f 434/1155/258 435/1156/258 441/1157/258 442/1158/258
f 435/1159/102 436/1160/102 440/1161/102 441/1162/102
f 436/1163/258 437/1164/258 439/1165/258 440/1166/258
f 438/1167/258 425/1168/258 422/1169/258 427/1170/258
f 388/960/259 454/1171/259 455/1172/259 452/1173/259
f 450/302/80 449/306/80 451/1174/231 452/1175/231 453/1176/231
f 476/1177/216 474/1178/216 471/1179/216 409/1180/216
f 329/311/24 450/314/24 453/1181/260 385/1182/260
f 452/1183/261 459/1184/261 458/1185/262 388/1186/262
f 456/1187/263 457/1188/264 455/1189/264 454/1190/263
f 388/949/176 338/324/111 340/323/111 341/968/184 339/950/177
f 453/1191/265 457/1192/265 456/1193/265 385/1194/265
f 452/1195/266 455/1196/266 457/1197/266 453/1198/266
f 460/1199/114 464/1200/114 409/1201/114 471/1202/114
f 464/1203/267 475/1204/267 476/1205/267 409/1206/267
f 451/1207/268 462/1208/268 459/1209/269 452/1210/269
f 458/1211/270 459/1212/271 462/1213/271 463/347/120 461/346/119
f 449/350/122 463/351/122 462/1208/268 451/1207/268
f 458/1211/270 461/346/119 472/353/124 468/1214/272
f 466/1215/273 469/1216/273 470/1217/273 465/1218/273
f 473/1219/274 460/1220/274 471/1221/274 474/1222/274
f 454/1190/263 470/1223/275 469/1224/275 456/1187/263
f 458/1185/262 468/1225/276 465/1226/276 388/1186/262
f 388/960/259 465/961/259 470/1227/259 454/1171/259
f 385/1228/277 466/1229/277 465/1226/277 388/1186/277
f 475/1230/130 473/1231/130 474/1232/130 476/1233/130
f 456/1193/265 469/1234/265 466/1235/265 385/1194/265
f 464/1236/278 460/1237/278 473/1238/278 475/1239/278
f 478/1240/114 479/1241/114 477/1242/114 480/1243/114
f 479/1244/267 483/1245/267 484/1246/267 477/1247/267
f 481/1248/274 478/1249/274 480/1250/274 482/1251/274
f 483/1252/130 481/1253/130 482/1254/130 484/1255/130
f 479/1256/278 478/1257/278 481/1258/278 483/1259/278
f 492/1260/216 490/1261/216 488/1262/216 485/1263/216
f 486/1264/114 487/1265/114 485/1266/114 488/1267/114
f 487/1268/267 491/1269/267 492/1270/267 485/1271/267
f 489/1272/274 486/1273/274 488/1274/274 490/1275/274
f 491/1276/130 489/1277/130 490/1278/130 492/1279/130
f 487/1280/278 486/1281/278 489/1282/278 491/1283/278
f 500/1284/216 498/1285/216 496/1286/216 493/1287/216
f 494/1288/114 495/1289/114 493/1290/114 496/1291/114
f 495/1292/267 499/1293/267 500/1294/267 493/1295/267
f 497/1296/274 494/1297/274 496/1298/274 498/1299/274
f 499/1300/130 497/1301/130 498/1302/130 500/1303/130
f 495/1304/278 494/1305/278 497/1306/278 499/1307/278
f 508/1308/216 506/1309/216 504/1310/216 501/1311/216
f 502/1312/114 503/1313/114 501/1314/114 504/1315/114
f 503/1316/267 507/1317/267 508/1318/267 501/1319/267
f 505/1320/274 502/1321/274 504/1322/274 506/1323/274
f 507/1324/130 505/1325/130 506/1326/130 508/1327/130
f 503/1328/278 502/1329/278 505/1330/278 507/1331/278
f 516/1332/216 514/1333/216 512/1334/216 509/1335/216
f 510/1336/114 511/1337/114 509/1338/114 512/1339/114
f 511/1340/267 515/1341/267 516/1342/267 509/1343/267
f 513/1344/274 510/1345/274 512/1346/274 514/1347/274
f 515/1348/130 513/1349/130 514/1350/130 516/1351/130
f 511/1352/278 510/1353/278 513/1354/278 515/1355/278
f 524/1356/216 522/1357/216 520/1358/216 517/1359/216
f 518/1360/114 519/1361/114 517/1362/114 520/1363/114
f 519/1364/267 523/1365/267 524/1366/267 517/1367/267
f 521/1368/274 518/1369/274 520/1370/274 522/1371/274
f 523/1372/130 521/1373/130 522/1374/130 524/1375/130
f 519/1376/278 518/1377/278 521/1378/278 523/1379/278
f 596/1380/216 530/1381/279 528/1382/279 595/1383/216
f 598/1384/114 584/1385/114 525/1386/114 595/1387/114
f 584/1388/267 581/1389/267 532/1390/267 525/1391/267
f 582/1392/274 583/1393/274 528/1394/274 530/1395/274
f 597/1396/130 582/1397/130 530/1398/130 596/1399/130
f 594/1400/278 526/1401/278 529/1402/278 593/1403/278
f 540/1404/216 538/1405/216 536/1406/216 533/1407/216
f 534/1408/114 535/1409/114 533/1410/114 536/1411/114
f 535/1412/267 539/1413/267 540/1414/267 533/1415/267
f 537/1416/274 534/1417/274 536/1418/274 538/1419/274
f 539/1420/130 537/1421/130 538/1422/130 540/1423/130
f 535/1424/278 534/1425/278 537/1426/278 539/1427/278
f 548/1428/216 546/1429/216 544/1430/216 541/1431/216
f 542/1432/114 543/1433/114 541/1434/114 544/1435/114
f 543/1436/267 547/1437/267 548/1438/267 541/1439/267
f 545/1440/274 542/1441/274 544/1442/274 546/1443/274
f 547/1444/130 545/1445/130 546/1446/130 548/1447/130
f 543/1448/278 542/1449/278 545/1450/278 547/1451/278
f 556/1452/216 554/1453/216 552/1454/216 549/1455/216
f 550/1456/114 551/1457/114 549/1458/114 552/1459/114
f 551/1460/267 555/1461/267 556/1462/267 549/1463/267
f 553/1464/274 550/1465/274 552/1466/274 554/1467/274
f 555/1468/130 553/1469/130 554/1470/130 556/1471/130
f 551/1472/278 550/1473/278 553/1474/278 555/1475/278
f 564/1476/216 562/1477/216 560/1478/216 557/1479/216
f 558/1480/114 559/1481/114 557/1482/114 560/1483/114
f 559/1484/267 563/1485/267 564/1486/267 557/1487/267
f 561/1488/274 558/1489/274 560/1490/274 562/1491/274
f 563/1492/130 561/1493/130 562/1494/130 564/1495/130
f 559/1496/278 558/1497/278 561/1498/278 563/1499/278
f 572/1500/216 570/1501/216 568/1502/216 565/1503/216
f 566/1504/114 567/1505/114 565/1506/114 568/1507/114
f 567/1508/267 571/1509/267 572/1510/267 565/1511/267
f 569/1512/274 566/1513/274 568/1514/274 570/1515/274
f 571/1516/130 569/1517/130 570/1518/130 572/1519/130
f 567/1520/278 566/1521/278 569/1522/278 571/1523/278
f 580/1524/216 578/1525/216 576/1526/216 573/1527/216
f 574/1528/114 575/1529/114 573/1530/114 576/1531/114
f 575/1532/267 579/1533/267 580/1534/267 573/1535/267
f 577/1536/274 574/1537/274 576/1538/274 578/1539/274
f 579/1540/130 577/1541/130 578/1542/130 580/1543/130
f 575/1544/278 574/1545/278 577/1546/278 579/1547/278
f 610/1548/280 603/1549/281 604/1550/282 609/1551/278
f 583/1552/114 590/1553/114 589/1554/114 588/1555/114
f 587/1556/267 585/1557/267 581/1389/267 584/1388/267
f 599/1558/114 587/1559/114 584/1385/114 598/1384/114
f 594/1560/114 527/1561/114 587/1559/114 599/1558/114
f 527/1562/267 531/1563/267 585/1557/267 587/1556/267
f 529/1564/274 526/1565/274 588/1566/274 586/1567/274
f 593/1568/130 529/1569/130 586/1570/130 600/1571/130
f 592/1572/274 589/1573/274 590/1574/274 591/1575/274
f 608/1576/216 601/1577/283 602/1578/284 607/1579/285
f 582/1580/286 591/1581/287 590/1582/287 583/1583/287
f 588/1584/288 589/1585/288 592/1586/288 586/1587/289
f 531/1588/130 593/1568/130 600/1571/130 585/1589/130
f 526/1590/114 594/1560/114 599/1558/114 588/1555/114
f 588/1555/114 599/1558/114 598/1384/114 583/1552/114
f 585/1589/130 600/1571/130 597/1396/130 581/1591/130
f 527/1592/278 594/1400/278 593/1403/278 531/1593/278
f 581/1591/130 597/1396/130 596/1399/130 532/1594/130
f 583/1552/114 598/1384/114 595/1387/114 528/1595/114
f 532/1596/216 596/1380/216 595/1383/216 525/1597/216
f 604/1598/130 603/1599/130 602/1600/130 601/1601/130
f 603/1599/130 606/1602/130 605/1603/130 602/1600/130
f 604/1550/290 614/744/290 615/743/290 609/1551/290
f 607/1579/285 602/1578/284 605/1604/291 611/1605/287
f 611/1606/274 605/1607/274 606/1608/274 612/1609/274
f 612/1610/288 606/1611/292 603/1549/281 610/1548/280
f 592/1586/288 612/1610/288 610/1548/280 586/1587/289
f 591/1575/274 611/1606/274 612/1609/274 592/1572/274
f 582/1580/286 607/1579/285 611/1605/287 591/1581/287
f 600/1612/267 609/1613/267 608/1614/267 597/1615/267
f 597/1616/216 608/1576/216 607/1579/285 582/1580/286
f 586/1587/289 610/1548/280 609/1551/278 600/1617/278
f 615/1618/293 614/1619/293 613/1620/293 616/1621/293
f 601/1601/130 613/760/130 614/759/130 604/1598/130
f 608/1576/294 616/762/294 613/761/294 601/1577/294
f 609/1622/114 615/766/114 616/765/114 608/1623/114
f 651/1624/216 652/1625/216 620/1626/216 617/1627/216
f 643/1628/114 644/1629/114 617/1630/114 620/1631/114
f 654/1632/295 641/1633/296 624/1634/297 651/1635/297
f 653/1636/298 643/1637/299 620/1638/300 652/1639/300
f 641/1640/130 642/1641/130 622/1642/130 624/1643/130
f 650/1644/278 649/1645/278 621/1646/278 623/1647/278
f 632/1648/216 630/1649/216 628/1650/216 625/1651/216
f 626/1652/114 627/1653/114 625/1654/114 628/1655/114
f 627/1656/267 631/1657/267 632/1658/267 625/1659/267
f 629/1660/274 626/1661/274 628/1662/274 630/1663/274
f 631/1664/130 629/1665/130 630/1666/130 632/1667/130
f 627/1668/278 626/1669/278 629/1670/278 631/1671/278
f 640/1672/216 638/1673/216 636/1674/216 633/1675/216
f 634/1676/114 635/1677/114 633/1678/114 636/1679/114
f 635/1680/267 639/1681/267 640/1682/267 633/1683/267
f 637/1684/274 634/1685/274 636/1686/274 638/1687/274
f 639/1688/130 637/1689/130 638/1690/130 640/1691/130
f 635/1692/278 634/1693/278 637/1694/278 639/1695/278
f 645/1696/130 646/1697/130 642/1641/130 641/1640/130
f 656/1698/301 648/1699/302 643/1637/299 653/1636/298
f 655/1700/303 645/1701/304 641/1633/296 654/1632/295
f 648/1699/302 657/1702/305 658/1703/305 643/1637/299
f 618/1704/114 619/1705/114 647/1706/114 648/1707/114
f 650/1708/306 623/1709/306 645/1701/304 655/1700/303
f 649/1710/307 618/1711/307 648/1699/302 656/1698/301
f 623/1712/130 621/1713/130 646/1697/130 645/1696/130
f 621/1714/307 649/1710/307 656/1698/301 646/1715/301
f 619/1716/306 650/1708/306 655/1700/303 647/1717/306
f 659/1718/308 665/864/308 661/863/308 644/1719/308
f 646/1715/301 656/1698/301 653/1636/298 642/1720/298
f 619/1721/278 618/1722/278 649/1645/278 650/1644/278
f 642/1720/298 653/1636/298 652/1639/300 622/1723/300
f 644/1724/297 654/1632/295 651/1635/297 617/1725/297
f 624/1726/216 622/1727/216 652/1625/216 651/1624/216
f 657/1728/114 660/1729/114 659/1730/114 658/1731/114
f 643/1732/279 658/1733/279 659/1718/279 644/1719/279
f 647/1734/309 660/1735/309 657/1736/309 648/1737/309
f 655/1738/310 664/885/310 662/884/310 647/1734/310
f 662/1739/293 664/1740/293 663/1741/293 661/1742/293
f 661/1742/293 665/1743/293 666/1744/293 662/1739/293
f 660/1729/114 666/887/114 665/886/114 659/1730/114
f 644/1719/308 661/863/308 663/889/308 654/1745/308
f 647/1734/310 662/884/310 666/890/310 660/1735/310
f 654/1746/130 663/894/130 664/893/130 655/1747/130
f 667/1748/311 5162/1749/311 5163/1750/311 669/1751/311
f 669/1752/312 5163/1753/312 5164/1754/312 673/1755/312
f 673/1756/313 5164/1757/313 5165/1758/313 671/1759/313
f 671/1760/293 5165/1761/293 5162/1762/293 667/1763/293
f 669/1764/314 673/1765/314 671/1766/314 667/1767/314
f 672/1768/311 674/1769/311 5168/1770/311 5169/1771/311
f 678/1772/315 4791/1773/315 4793/1774/315 4794/1775/315 4795/1776/315 4792/1777/315 4781/1778/315 4783/1779/315 4784/1780/315 4785/1781/315 4782/1782/315 677/1783/315
f 4792/1784/316 4786/1785/316 4777/1786/316 4781/1787/316
f 676/1788/317 4787/1789/317 4791/1790/317 678/1791/317
f 676/1792/318 678/1793/318 677/1794/318 675/1795/318
f 715/1796/319 716/1797/319 1032/1798/319 1026/1799/319
f 741/1800/320 742/1801/320 1028/1802/320 1022/1803/320
f 689/1804/321 688/1805/321 1047/1806/321 1051/1807/321
f 714/1808/322 715/1796/322 1026/1799/322 1020/1809/322
f 740/1810/323 741/1800/323 1022/1803/323 1016/1811/323
f 688/1805/324 687/1812/324 1043/1813/324 1047/1806/324
f 713/1814/325 714/1815/325 1020/1816/325 1014/1817/325
f 739/1818/326 740/1819/326 1016/1820/326 1010/1821/326
f 687/1812/327 686/1822/327 1039/1823/327 1043/1813/327
f 712/1824/328 713/1814/328 1014/1817/328 1006/1825/328
f 738/1826/329 739/1818/329 1010/1821/329 1007/1827/329
f 686/1822/330 685/1828/330 1035/1829/330 1039/1823/330
f 711/1830/331 712/1824/331 1006/1825/331 1003/1831/331
f 737/1832/332 738/1826/332 1007/1827/332 1062/1833/332
f 685/1828/333 684/1834/333 1031/1835/333 1035/1829/333
f 679/1836/334 710/1837/334 1027/1838/334 1004/1839/334
f 736/1840/321 737/1832/321 1062/1833/321 1058/1841/321
f 684/1834/335 683/1842/335 1025/1843/335 1031/1835/335
f 710/1837/336 709/1844/336 1021/1845/336 1027/1838/336
f 735/1846/324 736/1840/324 1058/1841/324 1054/1847/324
f 683/1848/337 682/1849/337 1019/1850/337 1025/1851/337
f 709/1844/338 708/1852/338 1015/1853/338 1021/1845/338
f 734/1854/327 735/1846/327 1054/1847/327 1050/1855/327
f 682/1849/339 681/1856/339 1013/1857/339 1019/1850/339
f 708/1852/340 707/1858/340 1009/1859/340 1015/1853/340
f 733/1860/330 734/1854/330 1050/1855/330 1046/1861/330
f 681/1856/341 680/1862/341 1005/1863/341 1013/1857/341
f 707/1864/342 706/1865/342 1008/1866/342 1009/1867/342
f 732/1868/343 733/1860/343 1046/1861/343 1042/1869/343
f 680/1862/344 679/1836/344 1004/1839/344 1005/1863/344
f 706/1865/345 705/1870/345 1061/1871/345 1008/1866/345
f 731/1872/335 732/1868/335 1042/1869/335 1038/1873/335
f 775/1874/331 776/1875/331 875/1876/331 878/1877/331
f 802/1878/346 801/1879/346 934/1880/346 879/1881/346
f 748/1882/333 749/1883/333 907/1884/333 903/1885/333
f 774/1886/334 744/1887/334 876/1888/334 899/1889/334
f 801/1879/321 800/1890/321 930/1891/321 934/1880/321
f 747/1892/335 748/1882/335 903/1885/335 897/1893/335
f 773/1894/336 774/1886/336 899/1889/336 893/1895/336
f 800/1890/324 799/1896/324 926/1897/324 930/1891/324
f 746/1898/337 747/1899/337 897/1900/337 891/1901/337
f 772/1902/338 773/1894/338 893/1895/338 887/1903/338
f 799/1896/327 798/1904/327 922/1905/327 926/1897/327
f 745/1906/339 746/1898/339 891/1901/339 885/1907/339
f 771/1908/340 772/1902/340 887/1903/340 881/1909/340
f 798/1904/330 797/1910/330 918/1911/330 922/1905/330
f 743/1912/341 745/1906/341 885/1907/341 877/1913/341
f 770/1914/342 771/1915/342 881/1916/342 880/1917/342
f 797/1910/343 796/1918/343 914/1919/343 918/1911/343
f 744/1887/344 743/1912/344 877/1913/344 876/1888/344
f 769/1920/347 770/1914/347 880/1917/347 933/1921/347
f 796/1918/335 795/1922/335 910/1923/335 914/1919/335
f 768/1924/348 769/1920/348 933/1921/348 929/1925/348
f 795/1926/337 794/1927/337 906/1928/337 910/1929/337
f 767/1930/349 768/1924/349 929/1925/349 925/1931/349
f 794/1927/339 793/1932/339 902/1933/339 906/1928/339
f 766/1934/350 767/1930/350 925/1931/350 921/1935/350
f 793/1932/341 792/1936/341 896/1937/341 902/1933/341
f 765/1938/351 766/1934/351 921/1935/351 917/1939/351
f 792/1936/344 791/1940/344 890/1941/344 896/1937/344
f 764/1942/352 765/1938/352 917/1939/352 913/1943/352
f 791/1940/334 790/1944/334 884/1945/334 890/1941/334
f 763/1946/319 764/1942/319 913/1943/319 909/1947/319
f 790/1944/336 789/1948/336 874/1949/336 884/1945/336
f 954/1950/322 955/1951/322 827/1952/322 826/1953/322
f 982/1954/336 981/1955/336 853/1956/336 854/1957/336
f 955/1951/319 956/1958/319 828/1959/319 827/1952/319
f 983/1960/334 982/1954/334 854/1957/334 855/1961/334
f 956/1958/352 957/1962/352 829/1963/352 828/1959/352
f 984/1964/344 983/1960/344 855/1961/344 856/1965/344
f 957/1962/351 958/1966/351 830/1967/351 829/1963/351
f 985/1968/341 984/1964/341 856/1965/341 857/1969/341
f 958/1966/350 959/1970/350 831/1971/350 830/1967/350
f 986/1972/339 985/1968/339 857/1969/339 858/1973/339
f 959/1970/349 960/1974/349 832/1975/349 831/1971/349
f 987/1976/337 986/1972/337 858/1973/337 859/1977/337
f 960/1974/348 961/1978/348 833/1979/348 832/1975/348
f 988/1980/335 987/1981/335 859/1982/335 860/1983/335
f 961/1978/347 962/1984/347 834/1985/347 833/1979/347
f 936/1986/344 935/1987/344 807/1988/344 808/1989/344
f 989/1990/333 988/1980/333 860/1983/333 861/1991/333
f 962/1984/342 963/1992/342 835/1993/342 834/1985/342
f 935/1987/341 937/1994/341 809/1995/341 807/1988/341
f 990/1996/330 989/1990/330 861/1991/330 862/1997/330
f 963/1998/340 964/1999/340 836/2000/340 835/2001/340
f 937/1994/339 938/2002/339 810/2003/339 809/1995/339
f 991/2004/327 990/1996/327 862/1997/327 863/2005/327
f 964/1999/338 965/2006/338 837/2007/338 836/2000/338
f 938/2002/337 939/2008/337 811/2009/337 810/2003/337
f 992/2010/324 991/2004/324 863/2005/324 864/2011/324
f 965/2006/336 966/2012/336 838/2013/336 837/2007/336
f 939/2014/335 940/2015/335 812/2016/335 811/2017/335
f 993/2018/321 992/2010/321 864/2011/321 865/2019/321
f 966/2012/334 936/1986/334 808/1989/334 838/2013/334
f 940/2015/333 941/2020/333 813/2021/333 812/2016/333
f 994/2022/332 993/2018/332 865/2019/332 866/2023/332
f 967/2024/331 968/2025/331 840/2026/331 839/2027/331
f 941/2020/330 942/2028/330 814/2029/330 813/2021/330
f 995/2030/329 994/2022/329 866/2023/329 867/2031/329
f 969/2032/328 967/2024/328 839/2027/328 841/2033/328
f 942/2028/327 943/2034/327 815/2035/327 814/2029/327
f 996/2036/326 995/2030/326 867/2031/326 868/2037/326
f 970/2038/325 969/2032/325 841/2033/325 842/2039/325
f 943/2034/324 944/2040/324 816/2041/324 815/2035/324
f 997/2042/323 996/2043/323 868/2044/323 869/2045/323
f 971/2046/322 970/2047/322 842/2048/322 843/2049/322
f 944/2040/321 945/2050/321 817/2051/321 816/2041/321
f 998/2052/320 997/2042/320 869/2045/320 870/2053/320
f 972/2054/319 971/2046/319 843/2049/319 844/2055/319
f 945/2050/332 946/2056/332 818/2057/332 817/2051/332
f 968/2025/353 998/2052/353 870/2053/353 840/2026/353
f 973/2058/352 972/2054/352 844/2055/352 845/2059/352
f 946/2056/329 947/2060/329 819/2061/329 818/2057/329
f 974/2062/351 973/2058/351 845/2059/351 846/2063/351
f 947/2060/326 948/2064/326 820/2065/326 819/2061/326
f 975/2066/350 974/2062/350 846/2063/350 847/2067/350
f 948/2068/323 949/2069/323 821/2070/323 820/2071/323
f 976/2072/349 975/2066/349 847/2067/349 848/2073/349
f 949/2069/320 950/2074/320 822/2075/320 821/2070/320
f 977/2076/348 976/2072/348 848/2073/348 849/2077/348
f 950/2074/353 951/2078/353 823/2079/353 822/2075/353
f 978/2080/347 977/2076/347 849/2077/347 850/2081/347
f 951/2078/331 952/2082/331 824/2083/331 823/2079/331
f 979/2084/342 978/2080/342 850/2081/342 851/2085/342
f 952/2082/328 953/2086/328 825/2087/328 824/2083/328
f 980/2088/340 979/2089/340 851/2090/340 852/2091/340
f 953/2086/325 954/2092/325 826/2093/325 825/2087/325
f 981/1955/338 980/2088/338 852/2091/338 853/1956/338
f 743/2094/354 744/2095/354 808/2096/354 807/2097/354
f 745/2098/354 743/2094/354 807/2097/354 809/2099/354
f 746/2100/354 745/2098/354 809/2099/354 810/2101/354
f 747/2102/354 746/2100/354 810/2101/354 811/2103/354
f 748/2104/354 747/2102/354 811/2103/354 812/2105/354
f 749/2106/354 748/2104/354 812/2105/354 813/2107/354
f 750/2108/354 749/2106/354 813/2107/354 814/2109/354
f 751/2110/354 750/2108/354 814/2109/354 815/2111/354
f 752/2112/354 751/2110/354 815/2111/354 816/2113/354
f 753/2114/354 752/2112/354 816/2113/354 817/2115/354
f 754/2116/354 753/2114/354 817/2115/354 818/2117/354
f 755/2118/354 754/2116/354 818/2117/354 819/2119/354
f 756/2120/354 755/2118/354 819/2119/354 820/2121/354
f 757/2122/354 756/2120/354 820/2121/354 821/2123/354
f 758/2124/354 757/2122/354 821/2123/354 822/2125/354
f 759/2126/354 758/2124/354 822/2125/354 823/2127/354
f 760/2128/354 759/2126/354 823/2127/354 824/2129/354
f 761/2130/354 760/2128/354 824/2129/354 825/2131/354
f 762/2132/354 761/2130/354 825/2131/354 826/2133/354
f 763/2134/354 762/2132/354 826/2133/354 827/2135/354
f 764/2136/354 763/2134/354 827/2135/354 828/2137/354
f 765/2138/354 764/2136/354 828/2137/354 829/2139/354
f 766/2140/354 765/2138/354 829/2139/354 830/2141/354
f 767/2142/354 766/2140/354 830/2141/354 831/2143/354
f 768/2144/354 767/2142/354 831/2143/354 832/2145/354
f 769/2146/354 768/2144/354 832/2145/354 833/2147/354
f 770/2148/354 769/2146/354 833/2147/354 834/2149/354
f 771/2150/354 770/2148/354 834/2149/354 835/2151/354
f 772/2152/354 771/2150/354 835/2151/354 836/2153/354
f 773/2154/354 772/2152/354 836/2153/354 837/2155/354
f 774/2156/354 773/2154/354 837/2155/354 838/2157/354
f 744/2095/354 774/2156/354 838/2157/354 808/2096/354
f 776/2158/354 775/2159/354 839/2160/354 840/2161/354
f 775/2159/354 777/2162/354 841/2163/354 839/2160/354
f 777/2162/354 778/2164/354 842/2165/354 841/2163/354
f 778/2164/354 779/2166/354 843/2167/354 842/2165/354
f 779/2166/354 780/2168/354 844/2169/354 843/2167/354
f 780/2168/354 781/2170/354 845/2171/354 844/2169/354
f 781/2170/354 782/2172/354 846/2173/354 845/2171/354
f 782/2172/354 783/2174/354 847/2175/354 846/2173/354
f 783/2174/354 784/2176/354 848/2177/354 847/2175/354
f 784/2176/354 785/2178/354 849/2179/354 848/2177/354
f 785/2178/354 786/2180/354 850/2181/354 849/2179/354
f 786/2180/354 787/2182/354 851/2183/354 850/2181/354
f 787/2182/354 788/2184/354 852/2185/354 851/2183/354
f 788/2184/354 789/2186/354 853/2187/354 852/2185/354
f 789/2186/354 790/2188/354 854/2189/354 853/2187/354
f 790/2188/354 791/2190/354 855/2191/354 854/2189/354
f 791/2190/354 792/2192/354 856/2193/354 855/2191/354
f 792/2192/354 793/2194/354 857/2195/354 856/2193/354
f 793/2194/354 794/2196/354 858/2197/354 857/2195/354
f 794/2196/354 795/2198/354 859/2199/354 858/2197/354
f 795/2198/354 796/2200/354 860/2201/354 859/2199/354
f 796/2200/354 797/2202/354 861/2203/354 860/2201/354
f 797/2202/354 798/2204/354 862/2205/354 861/2203/354
f 798/2204/354 799/2206/354 863/2207/354 862/2205/354
f 799/2206/354 800/2208/354 864/2209/354 863/2207/354
f 800/2208/354 801/2210/354 865/2211/354 864/2209/354
f 801/2210/354 802/2212/354 866/2213/354 865/2211/354
f 802/2212/354 803/2214/354 867/2215/354 866/2213/354
f 803/2214/354 804/2216/354 868/2217/354 867/2215/354
f 804/2216/354 805/2218/354 869/2219/354 868/2217/354
f 805/2218/354 806/2220/354 870/2221/354 869/2219/354
f 806/2220/354 776/2158/354 840/2161/354 870/2221/354
f 872/2222/354 873/2223/354 874/2224/354 871/2225/354
f 876/2226/354 877/2227/354 878/2228/354 875/2229/354
f 880/2230/354 881/2231/354 882/2232/354 879/2233/354
f 873/2223/354 883/2234/354 884/2235/354 874/2224/354
f 877/2227/354 885/2236/354 886/2237/354 878/2228/354
f 881/2231/354 887/2238/354 888/2239/354 882/2232/354
f 883/2234/354 889/2240/354 890/2241/354 884/2235/354
f 885/2236/354 891/2242/354 892/2243/354 886/2237/354
f 887/2238/354 893/2244/354 894/2245/354 888/2239/354
f 889/2240/354 895/2246/354 896/2247/354 890/2241/354
f 891/2242/354 897/2248/354 898/2249/354 892/2243/354
f 893/2244/354 899/2250/354 900/2251/354 894/2245/354
f 895/2246/354 901/2252/354 902/2253/354 896/2247/354
f 897/2248/354 903/2254/354 904/2255/354 898/2249/354
f 899/2250/354 876/2226/354 875/2229/354 900/2251/354
f 901/2252/354 905/2256/354 906/2257/354 902/2253/354
f 903/2254/354 907/2258/354 908/2259/354 904/2255/354
f 905/2256/354 909/2260/354 910/2261/354 906/2257/354
f 907/2258/354 911/2262/354 912/2263/354 908/2259/354
f 909/2260/354 913/2264/354 914/2265/354 910/2261/354
f 911/2262/354 915/2266/354 916/2267/354 912/2263/354
f 913/2264/354 917/2268/354 918/2269/354 914/2265/354
f 915/2266/354 919/2270/354 920/2271/354 916/2267/354
f 917/2268/354 921/2272/354 922/2273/354 918/2269/354
f 919/2270/354 923/2274/354 924/2275/354 920/2271/354
f 921/2272/354 925/2276/354 926/2277/354 922/2273/354
f 923/2274/354 927/2278/354 928/2279/354 924/2275/354
f 925/2276/354 929/2280/354 930/2281/354 926/2277/354
f 927/2278/354 931/2282/354 932/2283/354 928/2279/354
f 929/2280/354 933/2284/354 934/2285/354 930/2281/354
f 931/2282/354 872/2222/354 871/2225/354 932/2283/354
f 933/2284/354 880/2230/354 879/2233/354 934/2285/354
f 749/1883/330 750/2286/330 911/2287/330 907/1884/330
f 803/2288/329 802/1878/329 879/1881/329 882/2289/329
f 777/2290/328 775/1874/328 878/1877/328 886/2291/328
f 750/2286/327 751/2292/327 915/2293/327 911/2287/327
f 804/2294/326 803/2288/326 882/2289/326 888/2295/326
f 778/2296/325 777/2290/325 886/2291/325 892/2297/325
f 751/2292/324 752/2298/324 919/2299/324 915/2293/324
f 805/2300/323 804/2301/323 888/2302/323 894/2303/323
f 779/2304/322 778/2305/322 892/2306/322 898/2307/322
f 752/2298/321 753/2308/321 923/2309/321 919/2299/321
f 806/2310/320 805/2300/320 894/2303/320 900/2311/320
f 780/2312/319 779/2304/319 898/2307/319 904/2313/319
f 753/2308/332 754/2314/332 927/2315/332 923/2309/332
f 776/1875/353 806/2310/353 900/2311/353 875/1876/353
f 781/2316/355 780/2312/355 904/2313/355 908/2317/355
f 754/2314/329 755/2318/329 931/2319/329 927/2315/329
f 782/2320/351 781/2316/351 908/2317/351 912/2321/351
f 755/2318/326 756/2322/326 872/2323/326 931/2319/326
f 783/2324/350 782/2320/350 912/2321/350 916/2325/350
f 756/2326/323 757/2327/323 873/2328/323 872/2329/323
f 784/2330/349 783/2324/349 916/2325/349 920/2331/349
f 757/2327/320 758/2332/320 883/2333/320 873/2328/320
f 785/2334/348 784/2330/348 920/2331/348 924/2335/348
f 758/2332/353 759/2336/353 889/2337/353 883/2333/353
f 786/2338/345 785/2334/345 924/2335/345 928/2339/345
f 759/2336/331 760/2340/331 895/2341/331 889/2337/331
f 787/2342/342 786/2338/342 928/2339/342 932/2343/342
f 760/2340/328 761/2344/328 901/2345/328 895/2341/328
f 788/2346/340 787/2347/340 932/2348/340 871/2349/340
f 761/2344/325 762/2350/325 905/2351/325 901/2345/325
f 789/1948/338 788/2346/338 871/2349/338 874/1949/338
f 762/2352/322 763/1946/322 909/1947/322 905/2353/322
f 679/2354/356 680/2355/356 935/2356/356 936/2357/356
f 680/2355/356 681/2358/356 937/2359/356 935/2356/356
f 681/2358/356 682/2360/356 938/2361/356 937/2359/356
f 682/2360/356 683/2362/356 939/2363/356 938/2361/356
f 683/2362/356 684/2364/356 940/2365/356 939/2363/356
f 684/2364/356 685/2366/356 941/2367/356 940/2365/356
f 685/2366/356 686/2368/356 942/2369/356 941/2367/356
f 686/2368/356 687/2370/356 943/2371/356 942/2369/356
f 687/2370/356 688/2372/356 944/2373/356 943/2371/356
f 688/2372/356 689/2374/356 945/2375/356 944/2373/356
f 689/2374/356 690/2376/356 946/2377/356 945/2375/356
f 690/2376/356 691/2378/356 947/2379/356 946/2377/356
f 691/2378/356 692/2380/356 948/2381/356 947/2379/356
f 692/2380/356 693/2382/356 949/2383/356 948/2381/356
f 693/2382/356 694/2384/356 950/2385/356 949/2383/356
f 694/2384/356 695/2386/356 951/2387/356 950/2385/356
f 695/2386/356 696/2388/356 952/2389/356 951/2387/356
f 696/2388/356 697/2390/356 953/2391/356 952/2389/356
f 697/2390/356 698/2392/356 954/2393/356 953/2391/356
f 698/2392/356 699/2394/356 955/2395/356 954/2393/356
f 699/2394/356 700/2396/356 956/2397/356 955/2395/356
f 700/2396/356 701/2398/356 957/2399/356 956/2397/356
f 701/2398/356 702/2400/356 958/2401/356 957/2399/356
f 702/2400/356 703/2402/356 959/2403/356 958/2401/356
f 703/2402/356 704/2404/356 960/2405/356 959/2403/356
f 704/2404/356 705/2406/356 961/2407/356 960/2405/356
f 705/2406/356 706/2408/356 962/2409/356 961/2407/356
f 706/2408/356 707/2410/356 963/2411/356 962/2409/356
f 707/2410/356 708/2412/356 964/2413/356 963/2411/356
f 708/2412/356 709/2414/356 965/2415/356 964/2413/356
f 709/2414/356 710/2416/356 966/2417/356 965/2415/356
f 710/2416/356 679/2354/356 936/2357/356 966/2417/356
f 712/2418/356 711/2419/356 968/2420/356 967/2421/356
f 713/2422/356 712/2418/356 967/2421/356 969/2423/356
f 714/2424/356 713/2422/356 969/2423/356 970/2425/356
f 715/2426/356 714/2424/356 970/2425/356 971/2427/356
f 716/2428/356 715/2426/356 971/2427/356 972/2429/356
f 717/2430/356 716/2428/356 972/2429/356 973/2431/356
f 718/2432/356 717/2430/356 973/2431/356 974/2433/356
f 719/2434/356 718/2432/356 974/2433/356 975/2435/356
f 720/2436/356 719/2434/356 975/2435/356 976/2437/356
f 721/2438/356 720/2436/356 976/2437/356 977/2439/356
f 722/2440/356 721/2438/356 977/2439/356 978/2441/356
f 723/2442/356 722/2440/356 978/2441/356 979/2443/356
f 724/2444/356 723/2442/356 979/2443/356 980/2445/356
f 725/2446/356 724/2444/356 980/2445/356 981/2447/356
f 726/2448/356 725/2446/356 981/2447/356 982/2449/356
f 727/2450/356 726/2448/356 982/2449/356 983/2451/356
f 728/2452/356 727/2450/356 983/2451/356 984/2453/356
f 729/2454/356 728/2452/356 984/2453/356 985/2455/356
f 730/2456/356 729/2454/356 985/2455/356 986/2457/356
f 731/2458/356 730/2456/356 986/2457/356 987/2459/356
f 732/2460/356 731/2458/356 987/2459/356 988/2461/356
f 733/2462/356 732/2460/356 988/2461/356 989/2463/356
f 734/2464/356 733/2462/356 989/2463/356 990/2465/356
f 735/2466/356 734/2464/356 990/2465/356 991/2467/356
f 736/2468/356 735/2466/356 991/2467/356 992/2469/356
f 737/2470/356 736/2468/356 992/2469/356 993/2471/356
f 738/2472/356 737/2470/356 993/2471/356 994/2473/356
f 739/2474/356 738/2472/356 994/2473/356 995/2475/356
f 740/2476/356 739/2474/356 995/2475/356 996/2477/356
f 741/2478/356 740/2476/356 996/2477/356 997/2479/356
f 742/2480/356 741/2478/356 997/2479/356 998/2481/356
f 711/2419/356 742/2480/356 998/2481/356 968/2420/356
f 1000/2482/356 999/2483/356 1002/2484/356 1001/2485/356
f 1004/2486/356 1003/2487/356 1006/2488/356 1005/2489/356
f 1008/2490/356 1007/2491/356 1010/2492/356 1009/2493/356
f 1001/2485/356 1002/2484/356 1012/2494/356 1011/2495/356
f 1005/2489/356 1006/2488/356 1014/2496/356 1013/2497/356
f 1009/2493/356 1010/2492/356 1016/2498/356 1015/2499/356
f 1011/2495/356 1012/2494/356 1018/2500/356 1017/2501/356
f 1013/2497/356 1014/2496/356 1020/2502/356 1019/2503/356
f 1015/2499/356 1016/2498/356 1022/2504/356 1021/2505/356
f 1017/2501/356 1018/2500/356 1024/2506/356 1023/2507/356
f 1019/2503/356 1020/2502/356 1026/2508/356 1025/2509/356
f 1021/2505/356 1022/2504/356 1028/2510/356 1027/2511/356
f 1023/2507/356 1024/2506/356 1030/2512/356 1029/2513/356
f 1025/2509/356 1026/2508/356 1032/2514/356 1031/2515/356
f 1027/2511/356 1028/2510/356 1003/2487/356 1004/2486/356
f 1029/2513/356 1030/2512/356 1034/2516/356 1033/2517/356
f 1031/2515/356 1032/2514/356 1036/2518/356 1035/2519/356
f 1033/2517/356 1034/2516/356 1038/2520/356 1037/2521/356
f 1035/2519/356 1036/2518/356 1040/2522/356 1039/2523/356
f 1037/2521/356 1038/2520/356 1042/2524/356 1041/2525/356
f 1039/2523/356 1040/2522/356 1044/2526/356 1043/2527/356
f 1041/2525/356 1042/2524/356 1046/2528/356 1045/2529/356
f 1043/2527/356 1044/2526/356 1048/2530/356 1047/2531/356
f 1045/2529/356 1046/2528/356 1050/2532/356 1049/2533/356
f 1047/2531/356 1048/2530/356 1052/2534/356 1051/2535/356
f 1049/2533/356 1050/2532/356 1054/2536/356 1053/2537/356
f 1051/2535/356 1052/2534/356 1056/2538/356 1055/2539/356
f 1053/2537/356 1054/2536/356 1058/2540/356 1057/2541/356
f 1055/2539/356 1056/2538/356 1060/2542/356 1059/2543/356
f 1057/2541/356 1058/2540/356 1062/2544/356 1061/2545/356
f 1059/2543/356 1060/2542/356 999/2483/356 1000/2482/356
f 1061/2545/356 1062/2544/356 1007/2491/356 1008/2490/356
f 690/2546/332 689/1804/332 1051/1807/332 1055/2547/332
f 742/1801/353 711/1830/353 1003/1831/353 1028/1802/353
f 716/1797/355 717/2548/355 1036/2549/355 1032/1798/355
f 691/2550/329 690/2546/329 1055/2547/329 1059/2551/329
f 717/2548/351 718/2552/351 1040/2553/351 1036/2549/351
f 692/2554/326 691/2550/326 1059/2551/326 1000/2555/326
f 718/2552/350 719/2556/350 1044/2557/350 1040/2553/350
f 693/2558/323 692/2559/323 1000/2560/323 1001/2561/323
f 719/2556/349 720/2562/349 1048/2563/349 1044/2557/349
f 694/2564/320 693/2558/320 1001/2561/320 1011/2565/320
f 720/2562/348 721/2566/348 1052/2567/348 1048/2563/348
f 695/2568/353 694/2564/353 1011/2565/353 1017/2569/353
f 721/2566/345 722/2570/345 1056/2571/345 1052/2567/345
f 696/2572/331 695/2568/331 1017/2569/331 1023/2573/331
f 722/2570/342 723/2574/342 1060/2575/342 1056/2571/342
f 697/2576/328 696/2572/328 1023/2573/328 1029/2577/328
f 723/2578/340 724/2579/340 999/2580/340 1060/2581/340
f 698/2582/325 697/2576/325 1029/2577/325 1033/2583/325
f 724/2579/338 725/2584/338 1002/2585/338 999/2580/338
f 699/2586/322 698/2587/322 1033/2588/322 1037/2589/322
f 725/2584/336 726/2590/336 1012/2591/336 1002/2585/336
f 700/2592/319 699/2586/319 1037/2589/319 1041/2593/319
f 726/2590/334 727/2594/334 1018/2595/334 1012/2591/334
f 701/2596/355 700/2592/355 1041/2593/355 1045/2597/355
f 727/2594/344 728/2598/344 1024/2599/344 1018/2595/344
f 702/2600/351 701/2596/351 1045/2597/351 1049/2601/351
f 728/2598/341 729/2602/341 1030/2603/341 1024/2599/341
f 703/2604/350 702/2600/350 1049/2601/350 1053/2605/350
f 729/2602/339 730/2606/339 1034/2607/339 1030/2603/339
f 704/2608/349 703/2604/349 1053/2605/349 1057/2609/349
f 730/2606/337 731/2610/337 1038/2611/337 1034/2607/337
f 705/1870/348 704/2608/348 1057/2609/348 1061/1871/348
f 1111/2612/357 1096/2613/357 1129/2614/358 1218/2615/358
f 1098/2616/359 1099/2617/359 1146/2618/359 1140/2619/359
f 1099/2620/360 1100/2621/360 1152/2622/360 1146/2623/360
f 1100/2621/361 1101/2624/361 1158/2625/361 1152/2622/361
f 1101/2624/362 1102/2626/362 1164/2627/362 1158/2625/362
f 1102/2626/363 1103/2628/363 1170/2629/363 1164/2627/363
f 1103/2628/364 1104/2630/364 1176/2631/364 1170/2629/364
f 1104/2632/365 1105/2633/365 1182/2634/365 1176/2635/365
f 1105/2633/366 1106/2636/366 1188/2637/366 1182/2634/366
f 1106/2636/367 1107/2638/367 1194/2639/367 1188/2637/367
f 1107/2640/368 1108/2641/368 1200/2642/368 1194/2643/368
f 1108/2641/369 1109/2644/369 1206/2645/369 1200/2642/369
f 1109/2644/370 1110/2646/370 1212/2647/370 1206/2645/370
f 1110/2648/371 1111/2612/371 1218/2615/372 1212/2649/372
f 1067/2650/373 1069/2651/373 1071/2652/373 1073/2653/373 1075/2654/373 1077/2655/373 1079/2656/373 1081/2657/373 1083/2658/373 1085/2659/373 1087/2660/373 1089/2661/373 1091/2662/373 1093/2663/373 1095/2664/373 1065/2665/373
f 1120/2666/374 1258/2666/374 1242/2666/374 1119/2666/374
f 1096/2613/375 1097/2667/375 1134/2668/375 1129/2614/375
f 1064/2669/376 1094/2670/376 1092/2671/376 1090/2672/376 1088/2673/376 1086/2674/376 1084/2675/376 1082/2676/376 1080/2677/376 1078/2678/376 1076/2679/376 1074/2680/376 1072/2681/376 1070/2682/376 1068/2683/376 1066/2684/376
f 1113/2685/377 1112/2686/377 1096/2613/377 1111/2612/377
f 1114/2687/378 1113/2685/378 1111/2612/378 1110/2648/378
f 1115/2688/379 1114/2689/379 1110/2646/379 1109/2644/379
f 1116/2690/380 1115/2688/380 1109/2644/380 1108/2641/380
f 1117/2691/381 1116/2690/381 1108/2641/381 1107/2640/381
f 1118/2692/382 1117/2693/382 1107/2638/382 1106/2636/382
f 1119/2694/383 1118/2692/383 1106/2636/383 1105/2633/383
f 1120/2695/384 1119/2694/384 1105/2633/384 1104/2632/384
f 1121/2696/385 1120/2697/385 1104/2630/385 1103/2628/385
f 1122/2698/386 1121/2696/386 1103/2628/386 1102/2626/386
f 1123/2699/387 1122/2698/387 1102/2626/387 1101/2624/387
f 1124/2700/388 1123/2699/388 1101/2624/388 1100/2621/388
f 1125/2701/389 1124/2700/389 1100/2621/389 1099/2620/389
f 1126/2702/390 1125/2703/390 1099/2617/390 1098/2616/390
f 1127/2704/391 1126/2702/391 1098/2616/391 1097/2667/391
f 1112/2686/392 1127/2704/392 1097/2667/392 1096/2613/392
f 1097/2667/393 1098/2616/393 1140/2619/393 1134/2668/393
f 1213/2705/394 1219/2706/394 1095/2707/394 1093/2708/394
f 1207/2709/395 1213/2710/395 1093/2711/395 1091/2712/395
f 1201/2713/396 1207/2709/396 1091/2712/396 1089/2714/396
f 1195/2715/397 1201/2713/397 1089/2714/397 1087/2716/397
f 1189/2717/398 1195/2718/398 1087/2719/398 1085/2720/398
f 1183/2721/399 1189/2717/399 1085/2720/399 1083/2722/399
f 1177/2723/400 1183/2721/400 1083/2722/400 1081/2724/400
f 1171/2725/401 1177/2726/401 1081/2727/401 1079/2728/401
f 1165/2729/402 1171/2725/402 1079/2728/402 1077/2730/402
f 1159/2731/403 1165/2729/403 1077/2730/403 1075/2732/403
f 1153/2733/404 1159/2731/404 1075/2732/404 1073/2734/404
f 1147/2735/405 1153/2733/405 1073/2734/405 1071/2736/405
f 1141/2737/406 1147/2738/406 1071/2739/406 1069/2740/406
f 1135/2741/407 1141/2737/407 1069/2740/407 1067/2742/407
f 1128/2743/408 1135/2741/408 1067/2742/408 1065/2744/408
f 1219/2706/409 1223/2745/409 1130/2746/409 1128/2743/409
f 1223/2745/410 1222/2747/410 1131/2748/410 1130/2746/410
f 1222/2747/411 1221/2749/411 1132/2750/411 1131/2748/411
f 1221/2751/374 1220/2751/374 1133/2751/374 1132/2751/374
f 1220/2752/358 1218/2615/358 1129/2614/358 1133/2753/358
f 1213/2705/412 1217/2754/412 1223/2745/412 1219/2706/412
f 1217/2754/413 1216/2755/413 1222/2747/413 1223/2745/413
f 1216/2755/414 1215/2756/414 1221/2749/414 1222/2747/414
f 1215/2751/374 1214/2751/374 1220/2751/374 1221/2751/374
f 1214/2757/372 1212/2649/372 1218/2615/372 1220/2752/372
f 1207/2709/415 1211/2758/415 1217/2759/415 1213/2710/415
f 1211/2758/416 1210/2760/416 1216/2761/416 1217/2759/416
f 1210/2760/417 1209/2762/417 1215/2763/417 1216/2761/417
f 1209/2751/374 1208/2751/374 1214/2751/374 1215/2751/374
f 1208/2764/370 1206/2645/370 1212/2647/370 1214/2765/370
f 1201/2713/418 1205/2766/418 1211/2758/418 1207/2709/418
f 1205/2766/419 1204/2767/419 1210/2760/419 1211/2758/419
f 1204/2767/420 1203/2768/420 1209/2762/420 1210/2760/420
f 1203/2751/374 1202/2751/374 1208/2751/374 1209/2751/374
f 1202/2769/369 1200/2642/369 1206/2645/369 1208/2764/369
f 1195/2715/421 1199/2770/421 1205/2766/421 1201/2713/421
f 1199/2770/422 1198/2771/422 1204/2767/422 1205/2766/422
f 1198/2771/423 1197/2772/423 1203/2768/423 1204/2767/423
f 1197/2751/374 1196/2751/374 1202/2751/374 1203/2751/374
f 1196/2773/368 1194/2643/368 1200/2642/368 1202/2769/368
f 1189/2717/424 1193/2774/424 1199/2775/424 1195/2718/424
f 1193/2774/425 1192/2776/425 1198/2777/425 1199/2775/425
f 1192/2776/426 1191/2778/426 1197/2779/426 1198/2777/426
f 1191/2751/374 1190/2751/374 1196/2751/374 1197/2751/374
f 1190/2780/427 1188/2637/367 1194/2639/367 1196/2781/427
f 1183/2721/428 1187/2782/428 1193/2774/428 1189/2717/428
f 1187/2782/429 1186/2783/429 1192/2776/429 1193/2774/429
f 1186/2783/430 1185/2784/430 1191/2778/430 1192/2776/430
f 1185/2751/374 1184/2751/374 1190/2751/374 1191/2751/374
f 1184/2785/366 1182/2634/366 1188/2637/366 1190/2780/366
f 1177/2723/431 1181/2786/431 1187/2782/431 1183/2721/431
f 1181/2786/432 1180/2787/432 1186/2783/432 1187/2782/432
f 1180/2787/433 1179/2788/433 1185/2784/433 1186/2783/433
f 1179/2751/374 1178/2751/374 1184/2751/374 1185/2751/374
f 1178/2789/365 1176/2635/365 1182/2634/365 1184/2785/365
f 1171/2725/434 1175/2790/434 1181/2791/434 1177/2726/434
f 1175/2790/435 1174/2792/435 1180/2793/435 1181/2791/435
f 1174/2792/436 1173/2794/436 1179/2795/436 1180/2793/436
f 1173/2751/374 1172/2751/374 1178/2751/374 1179/2751/374
f 1172/2796/437 1170/2629/364 1176/2631/364 1178/2797/437
f 1165/2729/438 1169/2798/438 1175/2790/438 1171/2725/438
f 1169/2798/439 1168/2799/439 1174/2792/439 1175/2790/439
f 1168/2799/440 1167/2800/440 1173/2794/440 1174/2792/440
f 1167/2751/374 1166/2751/374 1172/2751/374 1173/2751/374
f 1166/2801/363 1164/2627/363 1170/2629/363 1172/2796/363
f 1159/2731/441 1163/2802/441 1169/2798/441 1165/2729/441
f 1163/2802/442 1162/2803/442 1168/2799/442 1169/2798/442
f 1162/2803/443 1161/2804/443 1167/2800/443 1168/2799/443
f 1161/2751/374 1160/2751/374 1166/2751/374 1167/2751/374
f 1160/2805/444 1158/2625/362 1164/2627/362 1166/2801/444
f 1153/2733/445 1157/2806/445 1163/2802/445 1159/2731/445
f 1157/2806/446 1156/2807/446 1162/2803/446 1163/2802/446
f 1156/2807/447 1155/2808/447 1161/2804/447 1162/2803/447
f 1155/2751/374 1154/2751/374 1160/2751/374 1161/2751/374
f 1154/2809/361 1152/2622/361 1158/2625/361 1160/2805/361
f 1147/2735/448 1151/2810/448 1157/2806/448 1153/2733/448
f 1151/2810/449 1150/2811/449 1156/2807/449 1157/2806/449
f 1150/2811/450 1149/2812/450 1155/2808/450 1156/2807/450
f 1149/2751/374 1148/2751/374 1154/2751/374 1155/2751/374
f 1148/2813/360 1146/2623/360 1152/2622/360 1154/2809/360
f 1141/2737/451 1145/2814/451 1151/2815/451 1147/2738/451
f 1145/2814/452 1144/2816/452 1150/2817/452 1151/2815/452
f 1144/2816/453 1143/2818/453 1149/2819/453 1150/2817/453
f 1143/2751/374 1142/2751/374 1148/2751/374 1149/2751/374
f 1142/2820/454 1140/2619/359 1146/2618/359 1148/2821/454
f 1135/2741/455 1139/2822/455 1145/2814/455 1141/2737/455
f 1139/2822/456 1138/2823/456 1144/2816/456 1145/2814/456
f 1138/2823/457 1137/2824/457 1143/2818/457 1144/2816/457
f 1137/2751/374 1136/2751/374 1142/2751/374 1143/2751/374
f 1136/2825/393 1134/2668/393 1140/2619/393 1142/2820/393
f 1128/2743/458 1130/2746/458 1139/2822/458 1135/2741/458
f 1130/2746/459 1131/2748/459 1138/2823/459 1139/2822/459
f 1131/2748/460 1132/2750/460 1137/2824/460 1138/2823/460
f 1132/2751/374 1133/2751/374 1136/2751/374 1137/2751/374
f 1133/2753/461 1129/2614/375 1134/2668/375 1136/2825/461
f 1219/2706/462 1128/2743/462 1065/2744/462 1095/2707/462
f 1231/2826/374 1259/2826/374 1269/2826/374 1230/2826/374
f 1117/2666/374 1256/2666/374 1240/2666/374 1116/2666/374
f 1232/2826/374 1243/2826/374 1259/2826/374 1231/2826/374
f 1114/2666/374 1264/2666/374 1248/2666/374 1113/2666/374
f 1112/2666/374 1249/2666/374 1254/2666/374 1127/2666/374
f 1233/2826/374 1270/2826/374 1243/2826/374 1232/2826/374
f 1125/2666/374 1246/2666/374 1253/2666/374 1124/2666/374
f 1234/2826/374 1257/2826/374 1270/2826/374 1233/2826/374
f 1122/2666/374 1244/2666/374 1252/2666/374 1121/2666/374
f 1235/2826/374 1241/2826/374 1257/2826/374 1234/2826/374
f 1236/2826/374 1271/2826/374 1241/2826/374 1235/2826/374
f 1119/2666/374 1242/2666/374 1251/2666/374 1118/2666/374
f 1237/2826/374 1266/2826/374 1271/2826/374 1236/2826/374
f 1116/2666/374 1240/2666/374 1250/2666/374 1115/2666/374
f 1224/2826/374 1267/2826/374 1265/2826/374 1239/2826/374
f 1094/2827/463 1064/2828/463 1239/2829/463 1238/2830/463
f 1092/2831/464 1094/2827/464 1238/2830/464 1237/2832/464
f 1090/2833/465 1092/2834/465 1237/2835/465 1236/2836/465
f 1088/2837/466 1090/2833/466 1236/2836/466 1235/2838/466
f 1086/2839/467 1088/2837/467 1235/2838/467 1234/2840/467
f 1084/2841/468 1086/2842/468 1234/2843/468 1233/2844/468
f 1082/2845/469 1084/2841/469 1233/2844/469 1232/2846/469
f 1080/2847/470 1082/2845/470 1232/2846/470 1231/2848/470
f 1078/2849/385 1080/2850/385 1231/2851/385 1230/2852/385
f 1076/2853/471 1078/2849/471 1230/2852/471 1229/2854/471
f 1074/2855/387 1076/2853/387 1229/2854/387 1228/2856/387
f 1072/2857/388 1074/2855/388 1228/2856/388 1227/2858/388
f 1070/2859/389 1072/2857/389 1227/2858/389 1226/2860/389
f 1068/2861/472 1070/2862/472 1226/2863/472 1225/2864/472
f 1066/2865/391 1068/2861/391 1225/2864/391 1224/2866/391
f 1064/2828/473 1066/2865/473 1224/2866/473 1239/2829/473
f 1265/2867/474 1267/2868/474 1338/2869/475 1327/2870/475
f 1326/2871/476 1339/2872/476 1254/2873/476 1249/2874/476
f 1266/2875/477 1255/2876/477 1296/2877/477 1332/2878/477
f 1247/2879/478 1268/2880/478 1344/2881/479 1290/2882/479
f 1267/2868/480 1263/2883/480 1320/2884/480 1338/2869/480
f 1263/2883/481 1247/2885/481 1290/2886/482 1320/2884/482
f 1245/2887/483 1269/2888/483 1350/2889/484 1284/2890/484
f 1268/2880/485 1261/2891/485 1314/2892/485 1344/2881/485
f 1261/2891/486 1245/2887/486 1284/2890/486 1314/2892/486
f 1243/2893/487 1270/2894/487 1356/2895/488 1278/2896/488
f 1269/2888/489 1259/2897/489 1308/2898/490 1350/2889/490
f 1259/2899/491 1243/2893/491 1278/2896/491 1308/2900/491
f 1241/2901/492 1271/2902/492 1362/2903/492 1272/2904/492
f 1270/2894/493 1257/2905/493 1302/2906/493 1356/2895/493
f 1255/2876/494 1265/2867/494 1327/2870/494 1296/2877/494
f 1230/2826/374 1269/2826/374 1245/2826/374 1229/2826/374
f 1123/2666/374 1260/2666/374 1244/2666/374 1122/2666/374
f 1127/2666/374 1254/2666/374 1262/2666/374 1126/2666/374
f 1229/2826/374 1245/2826/374 1261/2826/374 1228/2826/374
f 1126/2666/374 1262/2666/374 1246/2666/374 1125/2666/374
f 1124/2666/374 1253/2666/374 1260/2666/374 1123/2666/374
f 1228/2826/374 1261/2826/374 1268/2826/374 1227/2826/374
f 1121/2666/374 1252/2666/374 1258/2666/374 1120/2666/374
f 1227/2826/374 1268/2826/374 1247/2826/374 1226/2826/374
f 1118/2666/374 1251/2666/374 1256/2666/374 1117/2666/374
f 1226/2826/374 1247/2826/374 1263/2826/374 1225/2826/374
f 1239/2826/374 1265/2826/374 1255/2826/374 1238/2826/374
f 1115/2666/374 1250/2666/374 1264/2666/374 1114/2666/374
f 1225/2826/374 1263/2826/374 1267/2826/374 1224/2826/374
f 1238/2826/374 1255/2826/374 1266/2826/374 1237/2826/374
f 1113/2666/374 1248/2666/374 1249/2666/374 1112/2666/374
f 1333/2907/495 1297/2908/495 1248/2909/495 1264/2910/495
f 1297/2908/496 1326/2871/496 1249/2874/496 1248/2909/496
f 1363/2911/497 1333/2912/497 1264/2913/497 1250/2914/497
f 1303/2915/498 1273/2916/498 1240/2917/498 1256/2918/498
f 1273/2916/499 1363/2911/499 1250/2914/499 1240/2917/499
f 1357/2919/500 1303/2920/500 1256/2921/500 1251/2922/500
f 1309/2923/501 1279/2924/501 1242/2925/501 1258/2926/501
f 1279/2924/502 1357/2919/502 1251/2922/502 1242/2925/502
f 1351/2927/503 1309/2928/503 1258/2929/503 1252/2930/503
f 1315/2931/504 1285/2932/504 1244/2933/504 1260/2934/504
f 1285/2932/505 1351/2927/505 1252/2930/505 1244/2933/505
f 1345/2935/506 1315/2931/506 1260/2934/506 1253/2936/506
f 1321/2937/507 1291/2938/507 1246/2939/507 1262/2940/507
f 1291/2941/508 1345/2935/508 1253/2936/508 1246/2942/508
f 1339/2872/509 1321/2937/509 1262/2940/509 1254/2873/509
f 1271/2902/510 1266/2943/510 1332/2944/511 1362/2903/511
f 1297/2908/512 1301/2945/512 1328/2946/512 1326/2871/512
f 1301/2945/513 1300/2947/513 1329/2948/513 1328/2946/513
f 1300/2947/514 1299/2949/514 1330/2950/514 1329/2948/514
f 1299/2951/374 1298/2951/374 1331/2951/374 1330/2951/374
f 1298/2952/515 1296/2877/494 1327/2870/494 1331/2953/515
f 1333/2907/516 1337/2954/516 1301/2945/516 1297/2908/516
f 1337/2954/517 1336/2955/517 1300/2947/517 1301/2945/517
f 1336/2955/518 1335/2956/518 1299/2949/518 1300/2947/518
f 1335/2951/374 1334/2951/374 1298/2951/374 1299/2951/374
f 1334/2957/519 1332/2878/477 1296/2877/477 1298/2952/519
f 1363/2911/520 1367/2958/520 1337/2959/520 1333/2912/520
f 1367/2958/521 1366/2960/521 1336/2961/521 1337/2959/521
f 1366/2960/522 1365/2962/522 1335/2963/522 1336/2961/522
f 1365/2951/374 1364/2951/374 1334/2951/374 1335/2951/374
f 1364/2964/523 1362/2903/511 1332/2944/511 1334/2965/523
f 1273/2916/524 1277/2966/524 1367/2958/524 1363/2911/524
f 1277/2966/525 1276/2967/525 1366/2960/525 1367/2958/525
f 1276/2967/526 1275/2968/526 1365/2962/526 1366/2960/526
f 1275/2951/374 1274/2951/374 1364/2951/374 1365/2951/374
f 1274/2969/527 1272/2904/492 1362/2903/492 1364/2964/527
f 1303/2915/528 1307/2970/528 1277/2966/528 1273/2916/528
f 1307/2970/529 1306/2971/529 1276/2967/529 1277/2966/529
f 1306/2971/530 1305/2972/530 1275/2968/530 1276/2967/530
f 1305/2951/374 1304/2951/374 1274/2951/374 1275/2951/374
f 1304/2973/531 1302/2974/532 1272/2904/532 1274/2969/531
f 1357/2919/533 1361/2975/533 1307/2976/533 1303/2920/533
f 1361/2975/534 1360/2977/534 1306/2978/534 1307/2976/534
f 1360/2977/535 1359/2979/535 1305/2980/535 1306/2978/535
f 1359/2951/374 1358/2951/374 1304/2951/374 1305/2951/374
f 1358/2981/536 1356/2895/493 1302/2906/493 1304/2982/536
f 1279/2924/537 1283/2983/537 1361/2975/537 1357/2919/537
f 1283/2983/538 1282/2984/538 1360/2977/538 1361/2975/538
f 1282/2984/539 1281/2985/539 1359/2979/539 1360/2977/539
f 1281/2951/374 1280/2951/374 1358/2951/374 1359/2951/374
f 1280/2986/488 1278/2896/488 1356/2895/488 1358/2981/488
f 1309/2923/540 1313/2987/540 1283/2983/540 1279/2924/540
f 1313/2987/541 1312/2988/541 1282/2984/541 1283/2983/541
f 1312/2988/542 1311/2989/542 1281/2985/542 1282/2984/542
f 1311/2951/374 1310/2951/374 1280/2951/374 1281/2951/374
f 1310/2990/491 1308/2900/491 1278/2896/491 1280/2986/491
f 1351/2927/543 1355/2991/543 1313/2992/543 1309/2928/543
f 1355/2991/544 1354/2993/544 1312/2994/544 1313/2992/544
f 1354/2993/545 1353/2995/545 1311/2996/545 1312/2994/545
f 1353/2951/374 1352/2951/374 1310/2951/374 1311/2951/374
f 1352/2997/490 1350/2889/490 1308/2898/490 1310/2998/490
f 1285/2932/546 1289/2999/546 1355/2991/546 1351/2927/546
f 1289/2999/547 1288/3000/547 1354/2993/547 1355/2991/547
f 1288/3000/548 1287/3001/548 1353/2995/548 1354/2993/548
f 1287/2951/374 1286/2951/374 1352/2951/374 1353/2951/374
f 1286/3002/549 1284/2890/484 1350/2889/484 1352/2997/549
f 1315/2931/550 1319/3003/550 1289/2999/550 1285/2932/550
f 1319/3003/551 1318/3004/551 1288/3000/551 1289/2999/551
f 1318/3004/552 1317/3005/552 1287/3001/552 1288/3000/552
f 1317/2951/374 1316/2951/374 1286/2951/374 1287/2951/374
f 1316/3006/553 1314/2892/486 1284/2890/486 1286/3002/553
f 1345/2935/554 1349/3007/554 1319/3003/554 1315/2931/554
f 1349/3007/555 1348/3008/555 1318/3004/555 1319/3003/555
f 1348/3008/556 1347/3009/556 1317/3005/556 1318/3004/556
f 1347/2951/374 1346/2951/374 1316/2951/374 1317/2951/374
f 1346/3010/557 1344/2881/485 1314/2892/485 1316/3006/557
f 1291/2941/558 1295/3011/558 1349/3007/558 1345/2935/558
f 1295/3011/559 1294/3012/559 1348/3008/559 1349/3007/559
f 1294/3012/560 1293/3013/560 1347/3009/560 1348/3008/560
f 1293/2951/374 1292/2951/374 1346/2951/374 1347/2951/374
f 1292/3014/561 1290/2882/479 1344/2881/479 1346/3010/561
f 1321/2937/562 1325/3015/562 1295/3016/562 1291/2938/562
f 1325/3015/563 1324/3017/563 1294/3018/563 1295/3016/563
f 1324/3017/564 1323/3019/564 1293/3020/564 1294/3018/564
f 1323/2951/374 1322/2951/374 1292/2951/374 1293/2951/374
f 1322/3021/565 1320/2884/482 1290/2886/482 1292/3022/565
f 1339/2872/566 1343/3023/566 1325/3015/566 1321/2937/566
f 1343/3023/567 1342/3024/567 1324/3017/567 1325/3015/567
f 1342/3024/568 1341/3025/568 1323/3019/568 1324/3017/568
f 1341/2951/374 1340/2951/374 1322/2951/374 1323/2951/374
f 1340/3026/569 1338/2869/480 1320/2884/480 1322/3021/569
f 1326/2871/570 1328/2946/570 1343/3023/570 1339/2872/570
f 1328/2946/571 1329/2948/571 1342/3024/571 1343/3023/571
f 1329/2948/572 1330/2950/572 1341/3025/572 1342/3024/572
f 1330/2951/374 1331/2951/374 1340/2951/374 1341/2951/374
f 1331/2953/475 1327/2870/475 1338/2869/475 1340/3026/475
f 1257/3027/532 1241/2901/532 1272/2904/532 1302/2974/532
f 1415/3028/573 1400/3029/573 1433/3030/574 1522/3031/574
f 1402/3032/575 1403/3033/575 1450/3034/575 1444/3035/575
f 1403/3036/576 1404/3037/576 1456/3038/576 1450/3039/576
f 1404/3037/577 1405/3040/577 1462/3041/578 1456/3038/578
f 1405/3040/579 1406/3042/579 1468/3043/579 1462/3041/579
f 1406/3042/580 1407/3044/580 1474/3045/581 1468/3043/581
f 1407/3044/582 1408/3046/582 1480/3047/582 1474/3045/582
f 1408/3048/583 1409/3049/583 1486/3050/583 1480/3051/583
f 1409/3049/584 1410/3052/584 1492/3053/584 1486/3050/584
f 1410/3052/585 1411/3054/585 1498/3055/585 1492/3053/585
f 1411/3056/586 1412/3057/586 1504/3058/586 1498/3059/586
f 1412/3057/587 1413/3060/587 1510/3061/588 1504/3058/588
f 1413/3060/589 1414/3062/589 1516/3063/589 1510/3061/589
f 1414/3064/590 1415/3028/590 1522/3031/590 1516/3065/590
f 1371/3066/591 1373/3067/591 1375/3068/591 1377/3069/591 1379/3070/591 1381/3071/591 1383/3072/591 1385/3073/591 1387/3074/591 1389/3075/591 1391/3076/591 1393/3077/591 1395/3078/591 1397/3079/591 1399/3080/591 1369/3081/591
f 1424/3082/374 1562/3082/374 1546/3082/374 1423/3082/374
f 1400/3029/592 1401/3083/592 1438/3084/592 1433/3030/592
f 1368/3085/593 1398/3086/593 1396/3087/593 1394/3088/593 1392/3089/593 1390/3090/593 1388/3091/593 1386/3092/593 1384/3093/593 1382/3094/593 1380/3095/593 1378/3096/593 1376/3097/593 1374/3098/593 1372/3099/593 1370/3100/593
f 1417/3101/594 1416/3102/594 1400/3103/594 1415/3104/594
f 1418/3105/595 1417/3106/595 1415/3107/595 1414/3062/595
f 1419/3108/596 1418/3105/596 1414/3062/596 1413/3060/596
f 1420/3109/597 1419/3108/597 1413/3060/597 1412/3057/597
f 1421/3110/598 1420/3109/598 1412/3057/598 1411/3056/598
f 1422/3111/599 1421/3112/599 1411/3054/599 1410/3052/599
f 1423/3113/600 1422/3111/600 1410/3052/600 1409/3049/600
f 1424/3114/601 1423/3113/601 1409/3049/601 1408/3048/601
f 1425/3115/602 1424/3116/602 1408/3046/602 1407/3044/602
f 1426/3117/603 1425/3115/603 1407/3044/603 1406/3042/603
f 1427/3118/604 1426/3117/604 1406/3042/604 1405/3040/604
f 1428/3119/605 1427/3118/605 1405/3040/605 1404/3037/605
f 1429/3120/606 1428/3119/606 1404/3037/606 1403/3036/606
f 1430/3121/607 1429/3122/607 1403/3123/607 1402/3124/607
f 1431/3125/608 1430/3121/608 1402/3124/608 1401/3126/608
f 1416/3102/609 1431/3125/609 1401/3126/609 1400/3103/609
f 1401/3083/610 1402/3032/610 1444/3035/610 1438/3084/610
f 1517/3127/611 1523/3128/611 1399/3129/611 1397/3130/611
f 1511/3131/612 1517/3132/612 1397/3133/612 1395/3134/612
f 1505/3135/613 1511/3131/613 1395/3134/613 1393/3136/613
f 1499/3137/614 1505/3135/614 1393/3136/614 1391/3138/614
f 1493/3139/615 1499/3140/615 1391/3141/615 1389/3142/615
f 1487/3143/616 1493/3139/616 1389/3142/616 1387/3144/616
f 1481/3145/617 1487/3146/617 1387/3074/617 1385/3073/617
f 1475/3147/618 1481/3145/618 1385/3073/618 1383/3072/618
f 1469/3148/619 1475/3147/619 1383/3072/619 1381/3071/619
f 1463/3149/620 1469/3150/620 1381/3151/620 1379/3152/620
f 1457/3153/621 1463/3149/621 1379/3152/621 1377/3154/621
f 1451/3155/622 1457/3153/622 1377/3154/622 1375/3156/622
f 1445/3157/623 1451/3158/623 1375/3159/623 1373/3160/623
f 1439/3161/624 1445/3157/624 1373/3160/624 1371/3162/624
f 1432/3163/625 1439/3161/625 1371/3162/625 1369/3164/625
f 1523/3128/626 1527/3165/626 1434/3166/626 1432/3163/626
f 1527/3165/627 1526/3167/627 1435/3168/627 1434/3166/627
f 1526/3167/628 1525/3169/628 1436/3170/628 1435/3168/628
f 1525/3171/374 1524/3171/374 1437/3171/374 1436/3171/374
f 1524/3172/629 1522/3031/574 1433/3030/574 1437/3173/629
f 1517/3127/630 1521/3174/630 1527/3165/630 1523/3128/630
f 1521/3175/631 1520/3176/631 1526/3177/631 1527/3178/631
f 1520/3176/632 1519/3179/632 1525/3180/632 1526/3177/632
f 1519/3171/374 1518/3171/374 1524/3171/374 1525/3171/374
f 1518/3181/590 1516/3065/590 1522/3031/590 1524/3172/590
f 1511/3131/633 1515/3182/633 1521/3175/633 1517/3132/633
f 1515/3182/634 1514/3183/634 1520/3176/634 1521/3175/634
f 1514/3183/635 1513/3184/635 1519/3179/635 1520/3176/635
f 1513/3171/374 1512/3171/374 1518/3171/374 1519/3171/374
f 1512/3185/589 1510/3061/589 1516/3063/589 1518/3186/589
f 1505/3135/636 1509/3187/636 1515/3182/636 1511/3131/636
f 1509/3187/637 1508/3188/637 1514/3183/637 1515/3182/637
f 1508/3188/638 1507/3189/638 1513/3184/638 1514/3183/638
f 1507/3171/374 1506/3171/374 1512/3171/374 1513/3171/374
f 1506/3190/588 1504/3058/588 1510/3061/588 1512/3185/588
f 1499/3137/639 1503/3191/639 1509/3187/639 1505/3135/639
f 1503/3191/640 1502/3192/640 1508/3188/640 1509/3187/640
f 1502/3192/641 1501/3193/641 1507/3189/641 1508/3188/641
f 1501/3171/374 1500/3171/374 1506/3171/374 1507/3171/374
f 1500/3194/586 1498/3059/586 1504/3058/586 1506/3190/586
f 1493/3139/642 1497/3195/642 1503/3196/642 1499/3140/642
f 1497/3195/643 1496/3197/643 1502/3198/643 1503/3196/643
f 1496/3197/644 1495/3199/644 1501/3200/644 1502/3198/644
f 1495/3171/374 1494/3171/374 1500/3171/374 1501/3171/374
f 1494/3201/585 1492/3053/585 1498/3055/585 1500/3202/585
f 1487/3143/645 1491/3203/645 1497/3195/645 1493/3139/645
f 1491/3203/646 1490/3204/646 1496/3197/646 1497/3195/646
f 1490/3204/647 1489/3205/647 1495/3199/647 1496/3197/647
f 1489/3171/374 1488/3171/374 1494/3171/374 1495/3171/374
f 1488/3206/584 1486/3050/584 1492/3053/584 1494/3201/584
f 1481/3145/648 1485/3207/648 1491/3208/648 1487/3146/648
f 1485/3209/649 1484/3210/649 1490/3204/649 1491/3203/649
f 1484/3210/650 1483/3211/650 1489/3205/650 1490/3204/650
f 1483/3171/374 1482/3171/374 1488/3171/374 1489/3171/374
f 1482/3212/651 1480/3051/583 1486/3050/583 1488/3206/651
f 1475/3147/652 1479/3213/652 1485/3207/652 1481/3145/652
f 1479/3214/653 1478/3215/653 1484/3216/653 1485/3217/653
f 1478/3215/654 1477/3218/654 1483/3219/654 1484/3216/654
f 1477/3171/374 1476/3171/374 1482/3171/374 1483/3171/374
f 1476/3220/655 1474/3045/582 1480/3047/582 1482/3221/655
f 1469/3150/656 1473/3222/656 1479/3214/656 1475/3223/656
f 1473/3222/657 1472/3224/657 1478/3215/657 1479/3214/657
f 1472/3224/658 1471/3225/658 1477/3218/658 1478/3215/658
f 1471/3171/374 1470/3171/374 1476/3171/374 1477/3171/374
f 1470/3226/581 1468/3043/581 1474/3045/581 1476/3220/581
f 1463/3149/659 1467/3227/659 1473/3222/659 1469/3150/659
f 1467/3227/660 1466/3228/660 1472/3224/660 1473/3222/660
f 1466/3228/661 1465/3229/661 1471/3225/661 1472/3224/661
f 1465/3171/374 1464/3171/374 1470/3171/374 1471/3171/374
f 1464/3230/579 1462/3041/579 1468/3043/579 1470/3226/579
f 1457/3153/662 1461/3231/662 1467/3227/662 1463/3149/662
f 1461/3231/663 1460/3232/663 1466/3228/663 1467/3227/663
f 1460/3232/664 1459/3233/664 1465/3229/664 1466/3228/664
f 1459/3171/374 1458/3171/374 1464/3171/374 1465/3171/374
f 1458/3234/578 1456/3038/578 1462/3041/578 1464/3230/578
f 1451/3155/665 1455/3235/665 1461/3231/665 1457/3153/665
f 1455/3235/666 1454/3236/666 1460/3232/666 1461/3231/666
f 1454/3236/667 1453/3237/667 1459/3233/667 1460/3232/667
f 1453/3171/374 1452/3171/374 1458/3171/374 1459/3171/374
f 1452/3238/576 1450/3039/576 1456/3038/576 1458/3234/576
f 1445/3157/668 1449/3239/668 1455/3240/668 1451/3158/668
f 1449/3239/669 1448/3241/669 1454/3242/669 1455/3240/669
f 1448/3243/670 1447/3244/670 1453/3237/670 1454/3236/670
f 1447/3171/374 1446/3171/374 1452/3171/374 1453/3171/374
f 1446/3245/575 1444/3035/575 1450/3034/575 1452/3246/575
f 1439/3161/671 1443/3247/671 1449/3239/671 1445/3157/671
f 1443/3247/672 1442/3248/672 1448/3241/672 1449/3239/672
f 1442/3249/673 1441/3250/673 1447/3251/673 1448/3252/673
f 1441/3171/374 1440/3171/374 1446/3171/374 1447/3171/374
f 1440/3253/610 1438/3084/610 1444/3035/610 1446/3245/610
f 1432/3163/674 1434/3166/674 1443/3247/674 1439/3161/674
f 1434/3166/675 1435/3168/675 1442/3248/675 1443/3247/675
f 1435/3168/676 1436/3170/676 1441/3254/676 1442/3248/676
f 1436/3171/374 1437/3171/374 1440/3171/374 1441/3171/374
f 1437/3173/592 1433/3030/592 1438/3084/592 1440/3253/592
f 1523/3128/677 1432/3163/677 1369/3164/677 1399/3129/677
f 1535/3255/374 1563/3255/374 1573/3255/374 1534/3255/374
f 1421/3082/374 1560/3082/374 1544/3082/374 1420/3082/374
f 1536/3255/374 1547/3255/374 1563/3255/374 1535/3255/374
f 1418/3082/374 1568/3082/374 1552/3082/374 1417/3082/374
f 1416/3082/374 1553/3082/374 1558/3082/374 1431/3082/374
f 1537/3255/374 1574/3255/374 1547/3255/374 1536/3255/374
f 1429/3082/374 1550/3082/374 1557/3082/374 1428/3082/374
f 1538/3255/374 1561/3255/374 1574/3255/374 1537/3255/374
f 1426/3082/374 1548/3082/374 1556/3082/374 1425/3082/374
f 1539/3255/374 1545/3255/374 1561/3255/374 1538/3255/374
f 1540/3255/374 1575/3255/374 1545/3255/374 1539/3255/374
f 1423/3082/374 1546/3082/374 1555/3082/374 1422/3082/374
f 1541/3255/374 1570/3255/374 1575/3255/374 1540/3255/374
f 1420/3082/374 1544/3082/374 1554/3082/374 1419/3082/374
f 1528/3255/374 1571/3255/374 1569/3255/374 1543/3255/374
f 1398/3256/678 1368/3257/678 1543/3258/678 1542/3259/678
f 1396/3260/595 1398/3261/595 1542/3262/595 1541/3263/595
f 1394/3264/679 1396/3260/679 1541/3263/679 1540/3265/679
f 1392/3266/680 1394/3264/680 1540/3265/680 1539/3267/680
f 1390/3268/598 1392/3266/598 1539/3267/598 1538/3269/598
f 1388/3270/681 1390/3271/681 1538/3272/681 1537/3273/681
f 1386/3274/600 1388/3270/600 1537/3273/600 1536/3275/600
f 1384/3276/601 1386/3274/601 1536/3275/601 1535/3277/601
f 1382/3278/602 1384/3279/602 1535/3280/602 1534/3281/602
f 1380/3282/603 1382/3278/603 1534/3281/603 1533/3283/603
f 1378/3284/682 1380/3282/682 1533/3283/682 1532/3285/682
f 1376/3286/683 1378/3284/683 1532/3285/683 1531/3287/683
f 1374/3288/606 1376/3286/606 1531/3287/606 1530/3289/606
f 1372/3290/684 1374/3291/684 1530/3292/684 1529/3293/684
f 1370/3294/685 1372/3290/685 1529/3293/685 1528/3295/685
f 1368/3257/609 1370/3294/609 1528/3295/609 1543/3258/609
f 1569/3296/686 1571/3297/686 1642/3298/687 1631/3299/687
f 1630/3300/688 1643/3301/688 1558/3302/688 1553/3303/688
f 1570/3304/689 1559/3305/689 1600/3306/689 1636/3307/689
f 1551/3308/690 1572/3309/690 1648/3310/691 1594/3311/691
f 1571/3297/692 1567/3312/692 1624/3313/692 1642/3298/692
f 1567/3312/693 1551/3314/693 1594/3315/694 1624/3313/694
f 1549/3316/695 1573/3317/695 1654/3318/696 1588/3319/696
f 1572/3309/697 1565/3320/697 1618/3321/698 1648/3310/698
f 1565/3320/699 1549/3316/699 1588/3319/700 1618/3321/700
f 1547/3322/701 1574/3323/701 1660/3324/702 1582/3325/702
f 1573/3326/703 1563/3327/703 1612/3328/703 1654/3329/703
f 1563/3327/704 1547/3322/704 1582/3325/704 1612/3328/704
f 1545/3330/705 1575/3331/705 1666/3332/706 1576/3333/706
f 1574/3323/707 1561/3334/707 1606/3335/707 1660/3324/707
f 1559/3305/708 1569/3296/708 1631/3299/709 1600/3306/709
f 1534/3255/374 1573/3255/374 1549/3255/374 1533/3255/374
f 1427/3082/374 1564/3082/374 1548/3082/374 1426/3082/374
f 1431/3082/374 1558/3082/374 1566/3082/374 1430/3082/374
f 1533/3255/374 1549/3255/374 1565/3255/374 1532/3255/374
f 1430/3082/374 1566/3082/374 1550/3082/374 1429/3082/374
f 1428/3082/374 1557/3082/374 1564/3082/374 1427/3082/374
f 1532/3255/374 1565/3255/374 1572/3255/374 1531/3255/374
f 1425/3082/374 1556/3082/374 1562/3082/374 1424/3082/374
f 1531/3255/374 1572/3255/374 1551/3255/374 1530/3255/374
f 1422/3082/374 1555/3082/374 1560/3082/374 1421/3082/374
f 1530/3255/374 1551/3255/374 1567/3255/374 1529/3255/374
f 1543/3255/374 1569/3255/374 1559/3255/374 1542/3255/374
f 1419/3082/374 1554/3082/374 1568/3082/374 1418/3082/374
f 1529/3255/374 1567/3255/374 1571/3255/374 1528/3255/374
f 1542/3255/374 1559/3255/374 1570/3255/374 1541/3255/374
f 1417/3082/374 1552/3082/374 1553/3082/374 1416/3082/374
f 1637/3336/710 1601/3337/710 1552/3338/710 1568/3339/710
f 1601/3337/711 1630/3300/711 1553/3303/711 1552/3338/711
f 1667/3340/712 1637/3341/712 1568/3342/712 1554/3343/712
f 1607/3344/713 1577/3345/713 1544/3346/713 1560/3347/713
f 1577/3345/714 1667/3340/714 1554/3343/714 1544/3346/714
f 1661/3348/715 1607/3349/715 1560/3350/715 1555/3351/715
f 1613/3352/716 1583/3353/716 1546/3354/716 1562/3355/716
f 1583/3353/717 1661/3348/717 1555/3351/717 1546/3354/717
f 1655/3356/718 1613/3352/718 1562/3355/718 1556/3357/718
f 1619/3358/719 1589/3359/719 1548/3360/719 1564/3361/719
f 1589/3362/720 1655/3356/720 1556/3357/720 1548/3363/720
f 1649/3364/721 1619/3358/721 1564/3361/721 1557/3365/721
f 1625/3366/722 1595/3367/722 1550/3368/722 1566/3369/722
f 1595/3370/723 1649/3364/723 1557/3365/723 1550/3371/723
f 1643/3301/724 1625/3366/724 1566/3369/724 1558/3302/724
f 1575/3331/725 1570/3372/725 1636/3373/726 1666/3332/726
f 1601/3337/727 1605/3374/727 1632/3375/727 1630/3300/727
f 1605/3374/728 1604/3376/728 1633/3377/728 1632/3375/728
f 1604/3378/729 1603/3379/729 1634/3380/729 1633/3381/729
f 1603/3382/374 1602/3382/374 1635/3382/374 1634/3382/374
f 1602/3383/709 1600/3306/709 1631/3299/709 1635/3384/709
f 1637/3336/730 1641/3385/730 1605/3374/730 1601/3337/730
f 1641/3386/731 1640/3387/731 1604/3388/731 1605/3389/731
f 1640/3387/732 1639/3390/732 1603/3391/732 1604/3388/732
f 1639/3382/374 1638/3382/374 1602/3382/374 1603/3382/374
f 1638/3392/733 1636/3307/689 1600/3306/689 1602/3383/733
f 1667/3340/734 1671/3393/734 1641/3386/734 1637/3341/734
f 1671/3393/735 1670/3394/735 1640/3387/735 1641/3386/735
f 1670/3394/736 1669/3395/736 1639/3390/736 1640/3387/736
f 1669/3382/374 1668/3382/374 1638/3382/374 1639/3382/374
f 1668/3396/737 1666/3332/726 1636/3373/726 1638/3397/737
f 1577/3345/738 1581/3398/738 1671/3393/738 1667/3340/738
f 1581/3398/739 1580/3399/739 1670/3394/739 1671/3393/739
f 1580/3399/740 1579/3400/740 1669/3395/740 1670/3394/740
f 1579/3382/374 1578/3382/374 1668/3382/374 1669/3382/374
f 1578/3401/706 1576/3333/706 1666/3332/706 1668/3396/706
f 1607/3344/741 1611/3402/741 1581/3398/741 1577/3345/741
f 1611/3402/742 1610/3403/742 1580/3399/742 1581/3398/742
f 1610/3403/743 1609/3404/743 1579/3400/743 1580/3399/743
f 1609/3382/374 1608/3382/374 1578/3382/374 1579/3382/374
f 1608/3405/744 1606/3335/744 1576/3406/744 1578/3407/744
f 1661/3408/745 1665/3409/745 1611/3410/745 1607/3411/745
f 1665/3409/746 1664/3412/746 1610/3413/746 1611/3410/746
f 1664/3412/747 1663/3414/747 1609/3415/747 1610/3413/747
f 1663/3382/374 1662/3382/374 1608/3382/374 1609/3382/374
f 1662/3416/707 1660/3324/707 1606/3335/707 1608/3405/707
f 1583/3353/748 1587/3417/748 1665/3418/748 1661/3348/748
f 1587/3419/749 1586/3420/749 1664/3412/749 1665/3409/749
f 1586/3420/750 1585/3421/750 1663/3414/750 1664/3412/750
f 1585/3382/374 1584/3382/374 1662/3382/374 1663/3382/374
f 1584/3422/702 1582/3325/702 1660/3324/702 1662/3416/702
f 1613/3352/751 1617/3423/751 1587/3417/751 1583/3353/751
f 1617/3424/752 1616/3425/752 1586/3420/752 1587/3419/752
f 1616/3425/753 1615/3426/753 1585/3421/753 1586/3420/753
f 1615/3382/374 1614/3382/374 1584/3382/374 1585/3382/374
f 1614/3427/754 1612/3328/704 1582/3325/704 1584/3422/754
f 1655/3356/755 1659/3428/755 1617/3423/755 1613/3352/755
f 1659/3429/756 1658/3430/756 1616/3431/756 1617/3432/756
f 1658/3430/757 1657/3433/757 1615/3434/757 1616/3431/757
f 1657/3382/374 1656/3382/374 1614/3382/374 1615/3382/374
f 1656/3435/703 1654/3329/703 1612/3328/703 1614/3427/703
f 1589/3362/758 1593/3436/758 1659/3428/758 1655/3356/758
f 1593/3437/759 1592/3438/759 1658/3430/759 1659/3429/759
f 1592/3438/760 1591/3439/760 1657/3433/760 1658/3430/760
f 1591/3382/374 1590/3382/374 1656/3382/374 1657/3382/374
f 1590/3440/696 1588/3319/696 1654/3318/696 1656/3441/696
f 1619/3358/761 1623/3442/761 1593/3437/761 1589/3359/761
f 1623/3442/762 1622/3443/762 1592/3438/762 1593/3437/762
f 1622/3443/763 1621/3444/763 1591/3439/763 1592/3438/763
f 1621/3382/374 1620/3382/374 1590/3382/374 1591/3382/374
f 1620/3445/700 1618/3321/700 1588/3319/700 1590/3440/700
f 1649/3364/764 1653/3446/764 1623/3442/764 1619/3358/764
f 1653/3446/765 1652/3447/765 1622/3443/765 1623/3442/765
f 1652/3447/766 1651/3448/766 1621/3444/766 1622/3443/766
f 1651/3382/374 1650/3382/374 1620/3382/374 1621/3382/374
f 1650/3449/767 1648/3310/698 1618/3321/698 1620/3445/767
f 1595/3370/768 1599/3450/768 1653/3446/768 1649/3364/768
f 1599/3450/769 1598/3451/769 1652/3447/769 1653/3446/769
f 1598/3451/770 1597/3452/770 1651/3448/770 1652/3447/770
f 1597/3382/374 1596/3382/374 1650/3382/374 1651/3382/374
f 1596/3453/691 1594/3311/691 1648/3310/691 1650/3449/691
f 1625/3366/771 1629/3454/771 1599/3455/771 1595/3367/771
f 1629/3454/772 1628/3456/772 1598/3457/772 1599/3455/772
f 1628/3458/773 1627/3459/773 1597/3460/773 1598/3461/773
f 1627/3382/374 1626/3382/374 1596/3382/374 1597/3382/374
f 1626/3462/694 1624/3313/694 1594/3315/694 1596/3463/694
f 1643/3301/774 1647/3464/774 1629/3454/774 1625/3366/774
f 1647/3464/775 1646/3465/775 1628/3456/775 1629/3454/775
f 1646/3466/776 1645/3467/776 1627/3459/776 1628/3458/776
f 1645/3382/374 1644/3382/374 1626/3382/374 1627/3382/374
f 1644/3468/777 1642/3298/692 1624/3313/692 1626/3462/777
f 1630/3300/778 1632/3375/778 1647/3464/778 1643/3301/778
f 1632/3375/779 1633/3377/779 1646/3465/779 1647/3464/779
f 1633/3381/780 1634/3380/780 1645/3467/780 1646/3466/780
f 1634/3382/374 1635/3382/374 1644/3382/374 1645/3382/374
f 1635/3384/781 1631/3299/687 1642/3298/687 1644/3468/781
f 1561/3334/744 1545/3469/744 1576/3406/744 1606/3335/744
f 1719/3470/782 1704/3471/782 1737/3472/782 1826/3473/782
f 1706/3474/783 1707/3475/783 1754/3476/784 1748/3477/784
f 1707/3475/785 1708/3478/785 1760/3479/785 1754/3476/785
f 1708/3478/786 1709/3480/786 1766/3481/786 1760/3479/786
f 1709/3480/787 1710/3482/787 1772/3483/787 1766/3481/787
f 1710/3482/788 1711/3484/788 1778/3485/789 1772/3483/789
f 1711/3486/790 1712/3487/790 1784/3488/791 1778/3489/791
f 1712/3490/792 1713/3491/792 1790/3492/793 1784/3493/793
f 1713/3491/794 1714/3494/794 1796/3495/794 1790/3492/794
f 1714/3494/795 1715/3496/795 1802/3497/796 1796/3495/797
f 1715/3496/798 1716/3498/798 1808/3499/798 1802/3497/798
f 1716/3500/799 1717/3501/799 1814/3502/799 1808/3503/799
f 1717/3501/800 1718/3504/800 1820/3505/800 1814/3502/800
f 1718/3506/801 1719/3470/801 1826/3473/801 1820/3507/801
f 1675/3508/802 1677/3509/802 1679/3510/802 1681/3511/802 1683/3512/802 1685/3513/802 1687/3514/802 1689/3515/802 1691/3516/802 1693/3517/802 1695/3518/802 1697/3519/802 1699/3520/802 1701/3521/802 1703/3522/802 1673/3523/802
f 1728/3524/374 1866/3524/374 1850/3524/374 1727/3524/374
f 1704/3471/803 1705/3525/803 1742/3526/803 1737/3472/803
f 1672/3527/804 1702/3528/804 1700/3529/804 1698/3530/804 1696/3531/804 1694/3532/804 1692/3533/804 1690/3534/804 1688/3535/804 1686/3536/804 1684/3537/804 1682/3538/804 1680/3539/804 1678/3540/804 1676/3541/804 1674/3542/804
f 1721/3543/805 1720/3544/805 1704/3471/805 1719/3470/805
f 1722/3545/806 1721/3543/806 1719/3470/806 1718/3506/806
f 1723/3546/807 1722/3547/807 1718/3504/807 1717/3501/807
f 1724/3548/808 1723/3546/808 1717/3501/808 1716/3500/808
f 1725/3549/809 1724/3548/809 1716/3500/809 1715/3550/809
f 1726/3551/810 1725/3552/810 1715/3496/810 1714/3494/810
f 1727/3553/811 1726/3554/811 1714/3555/811 1713/3556/811
f 1728/3557/812 1727/3553/812 1713/3556/812 1712/3487/812
f 1729/3558/813 1728/3557/813 1712/3487/813 1711/3486/813
f 1730/3559/814 1729/3558/814 1711/3486/814 1710/3560/814
f 1731/3561/815 1730/3562/815 1710/3482/815 1709/3480/815
f 1732/3563/816 1731/3561/816 1709/3480/816 1708/3478/816
f 1733/3564/817 1732/3563/817 1708/3478/817 1707/3475/817
f 1734/3565/818 1733/3564/818 1707/3475/818 1706/3474/818
f 1735/3566/819 1734/3567/819 1706/3568/819 1705/3525/819
f 1720/3544/820 1735/3566/820 1705/3525/820 1704/3471/820
f 1705/3525/821 1706/3568/821 1748/3569/821 1742/3526/821
f 1821/3570/822 1827/3571/822 1703/3572/822 1701/3573/822
f 1815/3574/823 1821/3570/823 1701/3573/823 1699/3575/823
f 1809/3576/824 1815/3574/824 1699/3575/824 1697/3577/824
f 1803/3578/825 1809/3576/825 1697/3577/825 1695/3579/825
f 1797/3580/826 1803/3578/826 1695/3579/826 1693/3581/826
f 1791/3582/827 1797/3583/827 1693/3584/827 1691/3585/827
f 1785/3586/828 1791/3582/828 1691/3585/828 1689/3587/828
f 1779/3588/829 1785/3586/829 1689/3587/829 1687/3589/829
f 1773/3590/830 1779/3588/830 1687/3589/830 1685/3591/830
f 1767/3592/831 1773/3593/831 1685/3594/831 1683/3595/831
f 1761/3596/832 1767/3592/832 1683/3595/832 1681/3597/832
f 1755/3598/833 1761/3596/833 1681/3597/833 1679/3599/833
f 1749/3600/834 1755/3601/834 1679/3510/834 1677/3509/834
f 1743/3602/835 1749/3600/835 1677/3509/835 1675/3508/835
f 1736/3603/836 1743/3602/836 1675/3508/836 1673/3523/836
f 1827/3604/837 1831/3605/837 1738/3606/837 1736/3603/837
f 1831/3607/838 1830/3608/838 1739/3609/838 1738/3610/838
f 1830/3608/839 1829/3611/839 1740/3612/839 1739/3609/839
f 1829/3613/374 1828/3613/374 1741/3613/374 1740/3613/374
f 1828/3614/782 1826/3473/782 1737/3472/782 1741/3615/782
f 1821/3570/840 1825/3616/840 1831/3617/840 1827/3571/840
f 1825/3618/841 1824/3619/841 1830/3608/841 1831/3607/841
f 1824/3619/842 1823/3620/842 1829/3611/842 1830/3608/842
f 1823/3613/374 1822/3613/374 1828/3613/374 1829/3613/374
f 1822/3621/801 1820/3507/801 1826/3473/801 1828/3614/801
f 1815/3574/843 1819/3622/843 1825/3616/843 1821/3570/843
f 1819/3622/844 1818/3623/844 1824/3624/844 1825/3616/844
f 1818/3623/845 1817/3625/845 1823/3626/845 1824/3624/845
f 1817/3613/374 1816/3613/374 1822/3613/374 1823/3613/374
f 1816/3627/800 1814/3502/800 1820/3505/800 1822/3628/800
f 1809/3576/846 1813/3629/846 1819/3622/846 1815/3574/846
f 1813/3629/847 1812/3630/847 1818/3623/847 1819/3622/847
f 1812/3630/848 1811/3631/848 1817/3625/848 1818/3623/848
f 1811/3613/374 1810/3613/374 1816/3613/374 1817/3613/374
f 1810/3632/799 1808/3503/799 1814/3502/799 1816/3627/799
f 1803/3578/849 1807/3633/849 1813/3629/849 1809/3576/849
f 1807/3633/850 1806/3634/850 1812/3630/850 1813/3629/850
f 1806/3634/851 1805/3635/851 1811/3631/851 1812/3630/851
f 1805/3613/374 1804/3613/374 1810/3613/374 1811/3613/374
f 1804/3636/852 1802/3497/798 1808/3499/798 1810/3637/852
f 1797/3580/853 1801/3638/853 1807/3633/853 1803/3578/853
f 1801/3639/854 1800/3640/854 1806/3641/854 1807/3642/854
f 1800/3640/855 1799/3643/855 1805/3644/855 1806/3641/855
f 1799/3613/374 1798/3613/374 1804/3613/374 1805/3613/374
f 1798/3645/796 1796/3495/797 1802/3497/796 1804/3636/796
f 1791/3582/856 1795/3646/856 1801/3647/856 1797/3583/856
f 1795/3646/857 1794/3648/857 1800/3649/857 1801/3647/857
f 1794/3650/858 1793/3651/858 1799/3643/858 1800/3640/858
f 1793/3613/374 1792/3613/374 1798/3613/374 1799/3613/374
f 1792/3652/859 1790/3492/794 1796/3495/794 1798/3645/859
f 1785/3586/860 1789/3653/860 1795/3646/860 1791/3582/860
f 1789/3653/861 1788/3654/861 1794/3648/861 1795/3646/861
f 1788/3654/862 1787/3655/862 1793/3656/862 1794/3648/862
f 1787/3613/374 1786/3613/374 1792/3613/374 1793/3613/374
f 1786/3657/793 1784/3493/793 1790/3492/793 1792/3652/793
f 1779/3588/863 1783/3658/863 1789/3653/863 1785/3586/863
f 1783/3658/864 1782/3659/864 1788/3654/864 1789/3653/864
f 1782/3659/865 1781/3660/865 1787/3655/865 1788/3654/865
f 1781/3613/374 1780/3613/374 1786/3613/374 1787/3613/374
f 1780/3661/866 1778/3489/791 1784/3488/791 1786/3662/866
f 1773/3590/867 1777/3663/867 1783/3658/867 1779/3588/867
f 1777/3663/868 1776/3664/868 1782/3659/868 1783/3658/868
f 1776/3665/869 1775/3666/869 1781/3667/869 1782/3668/869
f 1775/3613/374 1774/3613/374 1780/3613/374 1781/3613/374
f 1774/3669/870 1772/3483/789 1778/3485/789 1780/3670/870
f 1767/3592/871 1771/3671/871 1777/3672/871 1773/3593/871
f 1771/3671/872 1770/3673/872 1776/3665/872 1777/3672/872
f 1770/3673/873 1769/3674/873 1775/3666/873 1776/3665/873
f 1769/3613/374 1768/3613/374 1774/3613/374 1775/3613/374
f 1768/3675/787 1766/3481/787 1772/3483/787 1774/3669/787
f 1761/3596/874 1765/3676/874 1771/3671/874 1767/3592/874
f 1765/3676/875 1764/3677/875 1770/3673/875 1771/3671/875
f 1764/3677/876 1763/3678/876 1769/3674/876 1770/3673/876
f 1763/3613/374 1762/3613/374 1768/3613/374 1769/3613/374
f 1762/3679/877 1760/3479/786 1766/3481/786 1768/3675/877
f 1755/3598/878 1759/3680/878 1765/3676/878 1761/3596/878
f 1759/3680/879 1758/3681/879 1764/3677/879 1765/3676/879
f 1758/3681/880 1757/3682/880 1763/3678/880 1764/3677/880
f 1757/3613/374 1756/3613/374 1762/3613/374 1763/3613/374
f 1756/3683/881 1754/3476/785 1760/3479/785 1762/3679/881
f 1749/3600/882 1753/3684/882 1759/3685/882 1755/3601/882
f 1753/3686/883 1752/3687/883 1758/3681/883 1759/3680/883
f 1752/3687/884 1751/3688/884 1757/3682/884 1758/3681/884
f 1751/3613/374 1750/3613/374 1756/3613/374 1757/3613/374
f 1750/3689/784 1748/3477/784 1754/3476/784 1756/3683/784
f 1743/3602/885 1747/3690/885 1753/3684/885 1749/3600/885
f 1747/3691/886 1746/3692/886 1752/3693/886 1753/3694/886
f 1746/3692/887 1745/3695/887 1751/3696/887 1752/3693/887
f 1745/3613/374 1744/3613/374 1750/3613/374 1751/3613/374
f 1744/3697/821 1742/3526/821 1748/3569/821 1750/3698/821
f 1736/3603/888 1738/3606/888 1747/3690/888 1743/3602/888
f 1738/3610/889 1739/3609/889 1746/3692/889 1747/3691/889
f 1739/3609/890 1740/3612/890 1745/3695/890 1746/3692/890
f 1740/3613/374 1741/3613/374 1744/3613/374 1745/3613/374
f 1741/3615/891 1737/3472/803 1742/3526/803 1744/3697/891
f 1827/3604/892 1736/3603/892 1673/3523/892 1703/3522/892
f 1839/3699/374 1867/3699/374 1877/3699/374 1838/3699/374
f 1725/3524/374 1864/3524/374 1848/3524/374 1724/3524/374
f 1840/3699/374 1851/3699/374 1867/3699/374 1839/3699/374
f 1722/3524/374 1872/3524/374 1856/3524/374 1721/3524/374
f 1720/3524/374 1857/3524/374 1862/3524/374 1735/3524/374
f 1841/3699/374 1878/3699/374 1851/3699/374 1840/3699/374
f 1733/3524/374 1854/3524/374 1861/3524/374 1732/3524/374
f 1842/3699/374 1865/3699/374 1878/3699/374 1841/3699/374
f 1730/3524/374 1852/3524/374 1860/3524/374 1729/3524/374
f 1843/3699/374 1849/3699/374 1865/3699/374 1842/3699/374
f 1844/3699/374 1879/3699/374 1849/3699/374 1843/3699/374
f 1727/3524/374 1850/3524/374 1859/3524/374 1726/3524/374
f 1845/3699/374 1874/3699/374 1879/3699/374 1844/3699/374
f 1724/3524/374 1848/3524/374 1858/3524/374 1723/3524/374
f 1832/3699/374 1875/3699/374 1873/3699/374 1847/3699/374
f 1702/3700/893 1672/3701/893 1847/3702/893 1846/3703/893
f 1700/3704/894 1702/3700/894 1846/3703/894 1845/3705/894
f 1698/3706/895 1700/3707/895 1845/3708/895 1844/3709/895
f 1696/3710/896 1698/3706/896 1844/3709/896 1843/3711/896
f 1694/3712/897 1696/3710/897 1843/3711/897 1842/3713/897
f 1692/3533/898 1694/3532/898 1842/3714/898 1841/3715/898
f 1690/3716/899 1692/3717/899 1841/3718/899 1840/3719/899
f 1688/3720/900 1690/3716/900 1840/3719/900 1839/3721/900
f 1686/3722/901 1688/3720/901 1839/3721/901 1838/3723/901
f 1684/3724/902 1686/3722/902 1838/3723/902 1837/3725/902
f 1682/3726/903 1684/3727/903 1837/3728/903 1836/3729/903
f 1680/3730/904 1682/3726/904 1836/3729/904 1835/3731/904
f 1678/3732/905 1680/3730/905 1835/3731/905 1834/3733/905
f 1676/3734/906 1678/3732/906 1834/3733/906 1833/3735/906
f 1674/3736/907 1676/3737/907 1833/3738/907 1832/3739/907
f 1672/3701/908 1674/3736/908 1832/3739/908 1847/3702/908
f 1873/3740/909 1875/3741/909 1946/3742/910 1935/3743/910
f 1934/3744/911 1947/3745/911 1862/3746/911 1857/3747/911
f 1874/3748/912 1863/3749/912 1904/3750/913 1940/3751/913
f 1855/3752/914 1876/3753/914 1952/3754/914 1898/3755/914
f 1875/3741/915 1871/3756/915 1928/3757/915 1946/3742/915
f 1871/3758/916 1855/3752/916 1898/3755/917 1928/3759/917
f 1853/3760/918 1877/3761/918 1958/3762/918 1892/3763/918
f 1876/3753/919 1869/3764/919 1922/3765/919 1952/3754/919
f 1869/3764/920 1853/3760/920 1892/3763/920 1922/3765/920
f 1851/3766/921 1878/3767/921 1964/3768/921 1886/3769/921
f 1877/3761/922 1867/3770/922 1916/3771/922 1958/3762/922
f 1867/3772/923 1851/3766/923 1886/3769/924 1916/3773/924
f 1849/3774/925 1879/3775/925 1970/3776/925 1880/3777/925
f 1878/3767/926 1865/3778/926 1910/3779/926 1964/3768/926
f 1863/3749/927 1873/3740/927 1935/3743/927 1904/3750/927
f 1838/3699/374 1877/3699/374 1853/3699/374 1837/3699/374
f 1731/3524/374 1868/3524/374 1852/3524/374 1730/3524/374
f 1735/3524/374 1862/3524/374 1870/3524/374 1734/3524/374
f 1837/3699/374 1853/3699/374 1869/3699/374 1836/3699/374
f 1734/3524/374 1870/3524/374 1854/3524/374 1733/3524/374
f 1732/3524/374 1861/3524/374 1868/3524/374 1731/3524/374
f 1836/3699/374 1869/3699/374 1876/3699/374 1835/3699/374
f 1729/3524/374 1860/3524/374 1866/3524/374 1728/3524/374
f 1835/3699/374 1876/3699/374 1855/3699/374 1834/3699/374
f 1726/3524/374 1859/3524/374 1864/3524/374 1725/3524/374
f 1834/3699/374 1855/3699/374 1871/3699/374 1833/3699/374
f 1847/3699/374 1873/3699/374 1863/3699/374 1846/3699/374
f 1723/3524/374 1858/3524/374 1872/3524/374 1722/3524/374
f 1833/3699/374 1871/3699/374 1875/3699/374 1832/3699/374
f 1846/3699/374 1863/3699/374 1874/3699/374 1845/3699/374
f 1721/3524/374 1856/3524/374 1857/3524/374 1720/3524/374
f 1941/3780/928 1905/3781/928 1856/3782/928 1872/3783/928
f 1905/3781/929 1934/3744/929 1857/3747/929 1856/3782/929
f 1971/3784/930 1941/3785/930 1872/3786/930 1858/3787/930
f 1911/3788/931 1881/3789/931 1848/3790/931 1864/3791/931
f 1881/3789/932 1971/3784/932 1858/3787/932 1848/3790/932
f 1965/3792/933 1911/3788/933 1864/3791/933 1859/3793/933
f 1917/3794/934 1887/3795/934 1850/3796/934 1866/3797/934
f 1887/3795/935 1965/3798/935 1859/3799/935 1850/3796/935
f 1959/3800/936 1917/3794/936 1866/3797/936 1860/3801/936
f 1923/3802/937 1893/3803/937 1852/3804/937 1868/3805/937
f 1893/3803/938 1959/3800/938 1860/3801/938 1852/3804/938
f 1953/3806/939 1923/3807/939 1868/3808/939 1861/3809/939
f 1929/3810/940 1899/3811/940 1854/3812/940 1870/3813/940
f 1899/3814/941 1953/3806/941 1861/3809/941 1854/3815/941
f 1947/3745/942 1929/3810/942 1870/3813/942 1862/3746/942
f 1879/3775/943 1874/3816/943 1940/3817/944 1970/3776/944
f 1905/3781/945 1909/3818/945 1936/3819/945 1934/3744/945
f 1909/3820/946 1908/3821/946 1937/3822/946 1936/3823/946
f 1908/3821/947 1907/3824/947 1938/3825/947 1937/3822/947
f 1907/3826/374 1906/3826/374 1939/3826/374 1938/3826/374
f 1906/3827/927 1904/3750/927 1935/3743/927 1939/3828/927
f 1941/3780/948 1945/3829/948 1909/3818/948 1905/3781/948
f 1945/3830/949 1944/3831/949 1908/3821/949 1909/3820/949
f 1944/3831/950 1943/3832/950 1907/3824/950 1908/3821/950
f 1943/3826/374 1942/3826/374 1906/3826/374 1907/3826/374
f 1942/3833/951 1940/3751/913 1904/3750/913 1906/3827/951
f 1971/3784/952 1975/3834/952 1945/3835/952 1941/3785/952
f 1975/3834/953 1974/3836/953 1944/3837/953 1945/3835/953
f 1974/3836/954 1973/3838/954 1943/3839/954 1944/3837/954
f 1973/3826/374 1972/3826/374 1942/3826/374 1943/3826/374
f 1972/3840/955 1970/3776/944 1940/3817/944 1942/3841/955
f 1881/3789/956 1885/3842/956 1975/3834/956 1971/3784/956
f 1885/3842/957 1884/3843/957 1974/3836/957 1975/3834/957
f 1884/3843/958 1883/3844/958 1973/3838/958 1974/3836/958
f 1883/3826/374 1882/3826/374 1972/3826/374 1973/3826/374
f 1882/3845/925 1880/3777/925 1970/3776/925 1972/3840/925
f 1911/3788/959 1915/3846/959 1885/3842/959 1881/3789/959
f 1915/3846/960 1914/3847/960 1884/3843/960 1885/3842/960
f 1914/3848/961 1913/3849/961 1883/3850/961 1884/3851/961
f 1913/3826/374 1912/3826/374 1882/3826/374 1883/3826/374
f 1912/3852/962 1910/3779/963 1880/3853/963 1882/3854/962
f 1965/3792/964 1969/3855/964 1915/3846/964 1911/3788/964
f 1969/3856/965 1968/3857/965 1914/3848/965 1915/3858/965
f 1968/3857/966 1967/3859/966 1913/3849/966 1914/3848/966
f 1967/3826/374 1966/3826/374 1912/3826/374 1913/3826/374
f 1966/3860/926 1964/3768/926 1910/3779/926 1912/3852/926
f 1887/3795/967 1891/3861/967 1969/3862/967 1965/3798/967
f 1891/3861/968 1890/3863/968 1968/3864/968 1969/3862/968
f 1890/3865/969 1889/3866/969 1967/3859/969 1968/3857/969
f 1889/3826/374 1888/3826/374 1966/3826/374 1967/3826/374
f 1888/3867/970 1886/3769/921 1964/3768/921 1966/3860/970
f 1917/3794/971 1921/3868/971 1891/3861/971 1887/3795/971
f 1921/3868/972 1920/3869/972 1890/3863/972 1891/3861/972
f 1920/3870/973 1919/3871/973 1889/3866/973 1890/3865/973
f 1919/3826/374 1918/3826/374 1888/3826/374 1889/3826/374
f 1918/3872/974 1916/3773/924 1886/3769/924 1888/3867/974
f 1959/3800/975 1963/3873/975 1921/3868/975 1917/3794/975
f 1963/3873/976 1962/3874/976 1920/3869/976 1921/3868/976
f 1962/3874/977 1961/3875/977 1919/3876/977 1920/3869/977
f 1961/3826/374 1960/3826/374 1918/3826/374 1919/3826/374
f 1960/3877/978 1958/3762/922 1916/3771/922 1918/3878/978
f 1893/3803/979 1897/3879/979 1963/3873/979 1959/3800/979
f 1897/3879/980 1896/3880/980 1962/3874/980 1963/3873/980
f 1896/3881/981 1895/3882/981 1961/3883/981 1962/3884/981
f 1895/3826/374 1894/3826/374 1960/3826/374 1961/3826/374
f 1894/3885/982 1892/3763/918 1958/3762/918 1960/3877/982
f 1923/3802/983 1927/3886/983 1897/3879/983 1893/3803/983
f 1927/3887/984 1926/3888/984 1896/3881/984 1897/3889/984
f 1926/3888/985 1925/3890/985 1895/3882/985 1896/3881/985
f 1925/3826/374 1924/3826/374 1894/3826/374 1895/3826/374
f 1924/3891/920 1922/3765/920 1892/3763/920 1894/3885/920
f 1953/3806/986 1957/3892/986 1927/3887/986 1923/3807/986
f 1957/3892/987 1956/3893/987 1926/3888/987 1927/3887/987
f 1956/3893/988 1955/3894/988 1925/3890/988 1926/3888/988
f 1955/3826/374 1954/3826/374 1924/3826/374 1925/3826/374
f 1954/3895/989 1952/3754/919 1922/3765/919 1924/3891/989
f 1899/3814/990 1903/3896/990 1957/3892/990 1953/3806/990
f 1903/3896/991 1902/3897/991 1956/3893/991 1957/3892/991
f 1902/3897/992 1901/3898/992 1955/3894/992 1956/3893/992
f 1901/3826/374 1900/3826/374 1954/3826/374 1955/3826/374
f 1900/3899/914 1898/3755/914 1952/3754/914 1954/3895/914
f 1929/3810/993 1933/3900/993 1903/3901/993 1899/3811/993
f 1933/3902/994 1932/3903/994 1902/3897/994 1903/3896/994
f 1932/3903/995 1931/3904/995 1901/3898/995 1902/3897/995
f 1931/3826/374 1930/3826/374 1900/3826/374 1901/3826/374
f 1930/3905/996 1928/3759/917 1898/3755/917 1900/3899/996
f 1947/3745/997 1951/3906/997 1933/3900/997 1929/3810/997
f 1951/3907/998 1950/3908/998 1932/3909/998 1933/3910/998
f 1950/3908/999 1949/3911/999 1931/3912/999 1932/3909/999
f 1949/3826/374 1948/3826/374 1930/3826/374 1931/3826/374
f 1948/3913/1000 1946/3742/915 1928/3757/915 1930/3914/1000
f 1934/3744/1001 1936/3819/1001 1951/3906/1001 1947/3745/1001
f 1936/3823/1002 1937/3822/1002 1950/3908/1002 1951/3907/1002
f 1937/3822/1003 1938/3825/1003 1949/3911/1003 1950/3908/1003
f 1938/3826/374 1939/3826/374 1948/3826/374 1949/3826/374
f 1939/3828/1004 1935/3743/910 1946/3742/910 1948/3913/1004
f 1865/3778/1005 1849/3915/1005 1880/3853/963 1910/3779/963
f 2023/3916/1006 2008/3917/1006 2041/3918/1006 2130/3919/1006
f 2010/3920/1007 2011/3921/1007 2058/3922/1007 2052/3923/1007
f 2011/3921/1008 2012/3924/1008 2064/3925/1008 2058/3922/1008
f 2012/3924/1009 2013/3926/1009 2070/3927/1009 2064/3925/1009
f 2013/3926/1010 2014/3928/1010 2076/3929/1010 2070/3927/1010
f 2014/3930/1011 2015/3931/1011 2082/3932/1011 2076/3933/1011
f 2015/3931/1012 2016/3934/1012 2088/3935/1013 2082/3932/1013
f 2016/3934/1014 2017/3936/1014 2094/3937/1014 2088/3935/1014
f 2017/3936/1015 2018/3938/1015 2100/3939/1015 2094/3937/1015
f 2018/3940/1016 2019/3941/1016 2106/3942/1016 2100/3943/1016
f 2019/3941/1017 2020/3944/1017 2112/3945/1017 2106/3942/1017
f 2020/3944/1018 2021/3946/1018 2118/3947/1019 2112/3945/1019
f 2021/3946/1020 2022/3948/1020 2124/3949/1020 2118/3947/1020
f 2022/3950/1021 2023/3916/1021 2130/3919/1022 2124/3951/1022
f 1979/3952/1023 1981/3953/1023 1983/3954/1023 1985/3955/1023 1987/3956/1023 1989/3957/1023 1991/3958/1023 1993/3959/1023 1995/3960/1023 1997/3961/1023 1999/3962/1023 2001/3963/1023 2003/3964/1023 2005/3965/1023 2007/3966/1023 1977/3967/1023
f 2032/3968/374 2170/3968/374 2154/3968/374 2031/3968/374
f 2008/3917/1024 2009/3969/1024 2046/3970/1025 2041/3918/1025
f 1976/3971/1026 2006/3972/1026 2004/3973/1026 2002/3974/1026 2000/3975/1026 1998/3976/1026 1996/3977/1026 1994/3978/1026 1992/3979/1026 1990/3980/1026 1988/3981/1026 1986/3982/1026 1984/3983/1026 1982/3984/1026 1980/3985/1026 1978/3986/1026
f 2025/3987/1027 2024/3988/1027 2008/3917/1027 2023/3916/1027
f 2026/3989/1028 2025/3987/1028 2023/3916/1028 2022/3950/1028
f 2027/3990/1029 2026/3991/1029 2022/3992/1029 2021/3993/1029
f 2028/3994/1030 2027/3990/1030 2021/3993/1030 2020/3995/1030
f 2029/3996/1031 2028/3994/1031 2020/3995/1031 2019/3997/1031
f 2030/3998/1032 2029/3996/1032 2019/3997/1032 2018/3999/1032
f 2031/4000/1033 2030/4001/1033 2018/3938/1033 2017/3936/1033
f 2032/4002/1034 2031/4000/1034 2017/3936/1034 2016/3934/1034
f 2033/4003/1035 2032/4002/1035 2016/3934/1035 2015/3931/1035
f 2034/4004/1036 2033/4003/1036 2015/3931/1036 2014/3930/1036
f 2035/4005/1037 2034/4006/1037 2014/3928/1037 2013/3926/1037
f 2036/4007/1038 2035/4005/1038 2013/3926/1038 2012/3924/1038
f 2037/4008/1039 2036/4007/1039 2012/3924/1039 2011/3921/1039
f 2038/4009/1040 2037/4008/1040 2011/3921/1040 2010/3920/1040
f 2039/4010/1041 2038/4011/1041 2010/4012/1041 2009/3969/1041
f 2024/3988/1042 2039/4010/1042 2009/3969/1042 2008/3917/1042
f 2009/3969/1043 2010/4012/1043 2052/4013/1044 2046/3970/1044
f 2125/4014/1045 2131/4015/1045 2007/4016/1045 2005/4017/1045
f 2119/4018/1046 2125/4019/1046 2005/4020/1046 2003/4021/1046
f 2113/4022/1047 2119/4018/1047 2003/4021/1047 2001/4023/1047
f 2107/4024/1048 2113/4022/1048 2001/4023/1048 1999/4025/1048
f 2101/4026/1049 2107/4024/1049 1999/4025/1049 1997/4027/1049
f 2095/4028/1050 2101/4029/1050 1997/4030/1050 1995/4031/1050
f 2089/4032/1051 2095/4028/1051 1995/4031/1051 1993/4033/1051
f 2083/4034/1052 2089/4032/1052 1993/4033/1052 1991/4035/1052
f 2077/4036/1053 2083/4034/1053 1991/4035/1053 1989/4037/1053
f 2071/4038/1054 2077/4036/1054 1989/4037/1054 1987/4039/1054
f 2065/4040/1055 2071/4041/1055 1987/4042/1055 1985/4043/1055
f 2059/4044/1056 2065/4040/1056 1985/4043/1056 1983/4045/1056
f 2053/4046/1057 2059/4047/1057 1983/4048/1057 1981/4049/1057
f 2047/4050/1058 2053/4046/1058 1981/4049/1058 1979/4051/1058
f 2040/4052/1059 2047/4050/1059 1979/4051/1059 1977/4053/1059
f 2131/4015/1060 2135/4054/1060 2042/4055/1060 2040/4052/1060
f 2135/4054/1061 2134/4056/1061 2043/4057/1061 2042/4055/1061
f 2134/4056/1062 2133/4058/1062 2044/4059/1062 2043/4057/1062
f 2133/4060/374 2132/4060/374 2045/4060/374 2044/4060/374
f 2132/4061/1006 2130/3919/1006 2041/3918/1006 2045/4062/1006
f 2125/4014/1063 2129/4063/1063 2135/4054/1063 2131/4015/1063
f 2129/4063/1064 2128/4064/1064 2134/4056/1064 2135/4054/1064
f 2128/4064/1065 2127/4065/1065 2133/4058/1065 2134/4056/1065
f 2127/4060/374 2126/4060/374 2132/4060/374 2133/4060/374
f 2126/4066/1066 2124/3951/1022 2130/3919/1022 2132/4061/1066
f 2119/4018/1067 2123/4067/1067 2129/4068/1067 2125/4019/1067
f 2123/4067/1068 2122/4069/1068 2128/4070/1068 2129/4068/1068
f 2122/4069/1069 2121/4071/1069 2127/4072/1069 2128/4070/1069
f 2121/4060/374 2120/4060/374 2126/4060/374 2127/4060/374
f 2120/4073/1020 2118/3947/1020 2124/3949/1020 2126/4074/1020
f 2113/4022/1070 2117/4075/1070 2123/4067/1070 2119/4018/1070
f 2117/4075/1071 2116/4076/1071 2122/4069/1071 2123/4067/1071
f 2116/4076/1072 2115/4077/1072 2121/4071/1072 2122/4069/1072
f 2115/4060/374 2114/4060/374 2120/4060/374 2121/4060/374
f 2114/4078/1019 2112/3945/1019 2118/3947/1019 2120/4073/1019
f 2107/4024/1073 2111/4079/1073 2117/4075/1073 2113/4022/1073
f 2111/4079/1074 2110/4080/1074 2116/4076/1074 2117/4075/1074
f 2110/4080/1075 2109/4081/1075 2115/4077/1075 2116/4076/1075
f 2109/4060/374 2108/4060/374 2114/4060/374 2115/4060/374
f 2108/4082/1076 2106/3942/1017 2112/3945/1017 2114/4078/1076
f 2101/4026/1077 2105/4083/1077 2111/4079/1077 2107/4024/1077
f 2105/4083/1078 2104/4084/1078 2110/4080/1078 2111/4079/1078
f 2104/4084/1079 2103/4085/1079 2109/4081/1079 2110/4080/1079
f 2103/4060/374 2102/4060/374 2108/4060/374 2109/4060/374
f 2102/4086/1016 2100/3943/1016 2106/3942/1016 2108/4082/1016
f 2095/4028/1080 2099/4087/1080 2105/4088/1080 2101/4029/1080
f 2099/4087/1081 2098/4089/1081 2104/4090/1081 2105/4088/1081
f 2098/4089/1082 2097/4091/1082 2103/4092/1082 2104/4090/1082
f 2097/4060/374 2096/4060/374 2102/4060/374 2103/4060/374
f 2096/4093/1015 2094/3937/1015 2100/3939/1015 2102/4094/1015
f 2089/4032/1083 2093/4095/1083 2099/4087/1083 2095/4028/1083
f 2093/4095/1084 2092/4096/1084 2098/4089/1084 2099/4087/1084
f 2092/4096/1085 2091/4097/1085 2097/4091/1085 2098/4089/1085
f 2091/4060/374 2090/4060/374 2096/4060/374 2097/4060/374
f 2090/4098/1086 2088/3935/1014 2094/3937/1014 2096/4093/1086
f 2083/4034/1087 2087/4099/1087 2093/4095/1087 2089/4032/1087
f 2087/4099/1088 2086/4100/1088 2092/4096/1088 2093/4095/1088
f 2086/4100/1089 2085/4101/1089 2091/4097/1089 2092/4096/1089
f 2085/4060/374 2084/4060/374 2090/4060/374 2091/4060/374
f 2084/4102/1013 2082/3932/1013 2088/3935/1013 2090/4098/1013
f 2077/4036/1090 2081/4103/1090 2087/4099/1090 2083/4034/1090
f 2081/4103/1091 2080/4104/1091 2086/4100/1091 2087/4099/1091
f 2080/4104/1092 2079/4105/1092 2085/4101/1092 2086/4100/1092
f 2079/4060/374 2078/4060/374 2084/4060/374 2085/4060/374
f 2078/4106/1093 2076/3933/1011 2082/3932/1011 2084/4102/1093
f 2071/4038/1094 2075/4107/1094 2081/4103/1094 2077/4036/1094
f 2075/4108/1095 2074/4109/1095 2080/4110/1095 2081/4111/1095
f 2074/4109/1096 2073/4112/1096 2079/4113/1096 2080/4110/1096
f 2073/4060/374 2072/4060/374 2078/4060/374 2079/4060/374
f 2072/4114/1097 2070/3927/1010 2076/3929/1010 2078/4115/1097
f 2065/4040/1098 2069/4116/1098 2075/4108/1098 2071/4041/1098
f 2069/4116/1099 2068/4117/1099 2074/4109/1099 2075/4108/1099
f 2068/4117/1100 2067/4118/1100 2073/4112/1100 2074/4109/1100
f 2067/4060/374 2066/4060/374 2072/4060/374 2073/4060/374
f 2066/4119/1009 2064/3925/1009 2070/3927/1009 2072/4114/1009
f 2059/4044/1101 2063/4120/1101 2069/4116/1101 2065/4040/1101
f 2063/4120/1102 2062/4121/1102 2068/4117/1102 2069/4116/1102
f 2062/4121/1103 2061/4122/1103 2067/4118/1103 2068/4117/1103
f 2061/4060/374 2060/4060/374 2066/4060/374 2067/4060/374
f 2060/4123/1008 2058/3922/1008 2064/3925/1008 2066/4119/1008
f 2053/4046/1104 2057/4124/1104 2063/4125/1104 2059/4047/1104
f 2057/4126/1105 2056/4127/1105 2062/4121/1105 2063/4120/1105
f 2056/4127/1106 2055/4128/1106 2061/4122/1106 2062/4121/1106
f 2055/4060/374 2054/4060/374 2060/4060/374 2061/4060/374
f 2054/4129/1107 2052/3923/1007 2058/3922/1007 2060/4123/1107
f 2047/4050/1108 2051/4130/1108 2057/4124/1108 2053/4046/1108
f 2051/4130/1109 2050/4131/1109 2056/4132/1109 2057/4124/1109
f 2050/4131/1110 2049/4133/1110 2055/4134/1110 2056/4132/1110
f 2049/4060/374 2048/4060/374 2054/4060/374 2055/4060/374
f 2048/4135/1044 2046/3970/1044 2052/4013/1044 2054/4136/1044
f 2040/4052/1111 2042/4055/1111 2051/4130/1111 2047/4050/1111
f 2042/4055/1112 2043/4057/1112 2050/4131/1112 2051/4130/1112
f 2043/4057/1113 2044/4059/1113 2049/4133/1113 2050/4131/1113
f 2044/4060/374 2045/4060/374 2048/4060/374 2049/4060/374
f 2045/4062/1025 2041/3918/1025 2046/3970/1025 2048/4135/1025
f 2131/4015/1114 2040/4052/1114 1977/4053/1114 2007/4016/1114
f 2143/4137/374 2171/4137/374 2181/4137/374 2142/4137/374
f 2029/3968/374 2168/3968/374 2152/3968/374 2028/3968/374
f 2144/4137/374 2155/4137/374 2171/4137/374 2143/4137/374
f 2026/3968/374 2176/3968/374 2160/3968/374 2025/3968/374
f 2024/3968/374 2161/3968/374 2166/3968/374 2039/3968/374
f 2145/4137/374 2182/4137/374 2155/4137/374 2144/4137/374
f 2037/3968/374 2158/3968/374 2165/3968/374 2036/3968/374
f 2146/4137/374 2169/4137/374 2182/4137/374 2145/4137/374
f 2034/3968/374 2156/3968/374 2164/3968/374 2033/3968/374
f 2147/4137/374 2153/4137/374 2169/4137/374 2146/4137/374
f 2148/4137/374 2183/4137/374 2153/4137/374 2147/4137/374
f 2031/3968/374 2154/3968/374 2163/3968/374 2030/3968/374
f 2149/4137/374 2178/4137/374 2183/4137/374 2148/4137/374
f 2028/3968/374 2152/3968/374 2162/3968/374 2027/3968/374
f 2136/4137/374 2179/4137/374 2177/4137/374 2151/4137/374
f 2006/4138/1115 1976/4139/1115 2151/4140/1115 2150/4141/1115
f 2004/4142/1116 2006/4138/1116 2150/4141/1116 2149/4143/1116
f 2002/4144/1117 2004/4145/1117 2149/4146/1117 2148/4147/1117
f 2000/4148/1118 2002/4144/1118 2148/4147/1118 2147/4149/1118
f 1998/4150/1031 2000/4148/1031 2147/4149/1031 2146/4151/1031
f 1996/4152/1119 1998/4150/1119 2146/4151/1119 2145/4153/1119
f 1994/4154/1120 1996/4155/1120 2145/4156/1120 2144/4157/1120
f 1992/4158/1121 1994/4154/1121 2144/4157/1121 2143/4159/1121
f 1990/4160/1035 1992/4158/1035 2143/4159/1035 2142/4161/1035
f 1988/4162/1036 1990/4160/1036 2142/4161/1036 2141/4163/1036
f 1986/4164/1122 1988/4165/1122 2141/4166/1122 2140/4167/1122
f 1984/4168/1123 1986/4164/1123 2140/4167/1123 2139/4169/1123
f 1982/4170/1124 1984/4168/1124 2139/4169/1124 2138/4171/1124
f 1980/4172/1125 1982/4170/1125 2138/4171/1125 2137/4173/1125
f 1978/4174/1126 1980/4175/1126 2137/4176/1126 2136/4177/1126
f 1976/4139/1127 1978/4174/1127 2136/4177/1127 2151/4140/1127
f 2177/4178/1128 2179/4179/1128 2250/4180/1129 2239/4181/1129
f 2238/4182/1130 2251/4183/1130 2166/4184/1130 2161/4185/1130
f 2178/4186/1131 2167/4187/1131 2208/4188/1132 2244/4189/1132
f 2159/4190/1133 2180/4191/1133 2256/4192/1133 2202/4193/1133
f 2179/4179/1134 2175/4194/1134 2232/4195/1135 2250/4180/1135
f 2175/4196/1136 2159/4190/1136 2202/4193/1136 2232/4197/1136
f 2157/4198/1137 2181/4199/1137 2262/4200/1137 2196/4201/1137
f 2180/4191/1138 2173/4202/1138 2226/4203/1139 2256/4192/1139
f 2173/4202/1140 2157/4204/1140 2196/4205/1140 2226/4203/1140
f 2155/4206/1141 2182/4207/1141 2268/4208/1141 2190/4209/1141
f 2181/4199/1142 2171/4210/1142 2220/4211/1142 2262/4200/1142
f 2171/4210/1143 2155/4206/1143 2190/4209/1143 2220/4211/1143
f 2153/4212/1144 2183/4213/1144 2274/4214/1145 2184/4215/1145
f 2182/4216/1146 2169/4217/1146 2214/4218/1146 2268/4219/1146
f 2167/4187/1147 2177/4178/1147 2239/4181/1147 2208/4188/1147
f 2142/4137/374 2181/4137/374 2157/4137/374 2141/4137/374
f 2035/3968/374 2172/3968/374 2156/3968/374 2034/3968/374
f 2039/3968/374 2166/3968/374 2174/3968/374 2038/3968/374
f 2141/4137/374 2157/4137/374 2173/4137/374 2140/4137/374
f 2038/3968/374 2174/3968/374 2158/3968/374 2037/3968/374
f 2036/3968/374 2165/3968/374 2172/3968/374 2035/3968/374
f 2140/4137/374 2173/4137/374 2180/4137/374 2139/4137/374
f 2033/3968/374 2164/3968/374 2170/3968/374 2032/3968/374
f 2139/4137/374 2180/4137/374 2159/4137/374 2138/4137/374
f 2030/3968/374 2163/3968/374 2168/3968/374 2029/3968/374
f 2138/4137/374 2159/4137/374 2175/4137/374 2137/4137/374
f 2151/4137/374 2177/4137/374 2167/4137/374 2150/4137/374
f 2027/3968/374 2162/3968/374 2176/3968/374 2026/3968/374
f 2137/4137/374 2175/4137/374 2179/4137/374 2136/4137/374
f 2150/4137/374 2167/4137/374 2178/4137/374 2149/4137/374
f 2025/3968/374 2160/3968/374 2161/3968/374 2024/3968/374
f 2245/4220/1148 2209/4221/1148 2160/4222/1148 2176/4223/1148
f 2209/4221/1149 2238/4182/1149 2161/4185/1149 2160/4222/1149
f 2275/4224/1150 2245/4225/1150 2176/4226/1150 2162/4227/1150
f 2215/4228/1151 2185/4229/1151 2152/4230/1151 2168/4231/1151
f 2185/4229/1152 2275/4224/1152 2162/4227/1152 2152/4230/1152
f 2269/4232/1153 2215/4228/1153 2168/4231/1153 2163/4233/1153
f 2221/4234/1154 2191/4235/1154 2154/4236/1154 2170/4237/1154
f 2191/4235/1155 2269/4238/1155 2163/4239/1155 2154/4236/1155
f 2263/4240/1156 2221/4234/1156 2170/4237/1156 2164/4241/1156
f 2227/4242/1157 2197/4243/1157 2156/4244/1157 2172/4245/1157
f 2197/4243/1158 2263/4240/1158 2164/4241/1158 2156/4244/1158
f 2257/4246/1159 2227/4247/1159 2172/4248/1159 2165/4249/1159
f 2233/4250/1160 2203/4251/1160 2158/4252/1160 2174/4253/1160
f 2203/4254/1161 2257/4246/1161 2165/4249/1161 2158/4255/1161
f 2251/4183/1162 2233/4250/1162 2174/4253/1162 2166/4184/1162
f 2183/4213/1163 2178/4256/1163 2244/4257/1164 2274/4214/1164
f 2209/4221/1165 2213/4258/1165 2240/4259/1165 2238/4182/1165
f 2213/4258/1166 2212/4260/1166 2241/4261/1166 2240/4259/1166
f 2212/4260/1167 2211/4262/1167 2242/4263/1167 2241/4261/1167
f 2211/4264/374 2210/4264/374 2243/4264/374 2242/4264/374
f 2210/4265/1147 2208/4188/1147 2239/4181/1147 2243/4266/1147
f 2245/4220/1168 2249/4267/1168 2213/4258/1168 2209/4221/1168
f 2249/4267/1169 2248/4268/1169 2212/4260/1169 2213/4258/1169
f 2248/4268/1170 2247/4269/1170 2211/4262/1170 2212/4260/1170
f 2247/4264/374 2246/4264/374 2210/4264/374 2211/4264/374
f 2246/4270/1132 2244/4189/1132 2208/4188/1132 2210/4265/1132
f 2275/4224/1171 2279/4271/1171 2249/4272/1171 2245/4225/1171
f 2279/4271/1172 2278/4273/1172 2248/4274/1172 2249/4272/1172
f 2278/4273/1173 2277/4275/1173 2247/4276/1173 2248/4274/1173
f 2277/4264/374 2276/4264/374 2246/4264/374 2247/4264/374
f 2276/4277/1174 2274/4214/1164 2244/4257/1164 2246/4278/1174
f 2185/4229/1175 2189/4279/1175 2279/4271/1175 2275/4224/1175
f 2189/4279/1176 2188/4280/1176 2278/4273/1176 2279/4271/1176
f 2188/4280/1177 2187/4281/1177 2277/4275/1177 2278/4273/1177
f 2187/4264/374 2186/4264/374 2276/4264/374 2277/4264/374
f 2186/4282/1145 2184/4215/1145 2274/4214/1145 2276/4277/1145
f 2215/4228/1178 2219/4283/1178 2189/4279/1178 2185/4229/1178
f 2219/4283/1179 2218/4284/1179 2188/4280/1179 2189/4279/1179
f 2218/4284/1180 2217/4285/1180 2187/4281/1180 2188/4280/1180
f 2217/4264/374 2216/4264/374 2186/4264/374 2187/4264/374
f 2216/4286/1181 2214/4218/1181 2184/4215/1181 2186/4282/1181
f 2269/4232/1182 2273/4287/1182 2219/4283/1182 2215/4228/1182
f 2273/4287/1183 2272/4288/1183 2218/4284/1183 2219/4283/1183
f 2272/4289/1184 2271/4290/1184 2217/4291/1184 2218/4292/1184
f 2271/4264/374 2270/4264/374 2216/4264/374 2217/4264/374
f 2270/4293/1146 2268/4219/1146 2214/4218/1146 2216/4286/1146
f 2191/4235/1185 2195/4294/1185 2273/4295/1185 2269/4238/1185
f 2195/4294/1186 2194/4296/1186 2272/4297/1186 2273/4295/1186
f 2194/4296/1187 2193/4298/1187 2271/4299/1187 2272/4297/1187
f 2193/4264/374 2192/4264/374 2270/4264/374 2271/4264/374
f 2192/4300/1141 2190/4209/1141 2268/4208/1141 2270/4301/1141
f 2221/4234/1188 2225/4302/1188 2195/4294/1188 2191/4235/1188
f 2225/4302/1189 2224/4303/1189 2194/4296/1189 2195/4294/1189
f 2224/4303/1190 2223/4304/1190 2193/4298/1190 2194/4296/1190
f 2223/4264/374 2222/4264/374 2192/4264/374 2193/4264/374
f 2222/4305/1143 2220/4211/1143 2190/4209/1143 2192/4300/1143
f 2263/4240/1191 2267/4306/1191 2225/4302/1191 2221/4234/1191
f 2267/4306/1192 2266/4307/1192 2224/4303/1192 2225/4302/1192
f 2266/4307/1193 2265/4308/1193 2223/4304/1193 2224/4303/1193
f 2265/4264/374 2264/4264/374 2222/4264/374 2223/4264/374
f 2264/4309/1142 2262/4200/1142 2220/4211/1142 2222/4305/1142
f 2197/4243/1194 2201/4310/1194 2267/4306/1194 2263/4240/1194
f 2201/4310/1195 2200/4311/1195 2266/4307/1195 2267/4306/1195
f 2200/4311/1196 2199/4312/1196 2265/4308/1196 2266/4307/1196
f 2199/4264/374 2198/4264/374 2264/4264/374 2265/4264/374
f 2198/4313/1137 2196/4201/1137 2262/4200/1137 2264/4309/1137
f 2227/4242/1197 2231/4314/1197 2201/4310/1197 2197/4243/1197
f 2231/4315/1198 2230/4316/1198 2200/4317/1198 2201/4318/1198
f 2230/4316/1199 2229/4319/1199 2199/4320/1199 2200/4317/1199
f 2229/4264/374 2228/4264/374 2198/4264/374 2199/4264/374
f 2228/4321/1140 2226/4203/1140 2196/4205/1140 2198/4322/1140
f 2257/4246/1200 2261/4323/1200 2231/4315/1200 2227/4247/1200
f 2261/4323/1201 2260/4324/1201 2230/4316/1201 2231/4315/1201
f 2260/4324/1202 2259/4325/1202 2229/4319/1202 2230/4316/1202
f 2259/4264/374 2258/4264/374 2228/4264/374 2229/4264/374
f 2258/4326/1139 2256/4192/1139 2226/4203/1139 2228/4321/1139
f 2203/4254/1203 2207/4327/1203 2261/4323/1203 2257/4246/1203
f 2207/4327/1204 2206/4328/1204 2260/4324/1204 2261/4323/1204
f 2206/4328/1205 2205/4329/1205 2259/4325/1205 2260/4324/1205
f 2205/4264/374 2204/4264/374 2258/4264/374 2259/4264/374
f 2204/4330/1133 2202/4193/1133 2256/4192/1133 2258/4326/1133
f 2233/4250/1206 2237/4331/1206 2207/4332/1206 2203/4251/1206
f 2237/4333/1207 2236/4334/1207 2206/4328/1207 2207/4327/1207
f 2236/4334/1208 2235/4335/1208 2205/4329/1208 2206/4328/1208
f 2235/4264/374 2234/4264/374 2204/4264/374 2205/4264/374
f 2234/4336/1209 2232/4197/1136 2202/4193/1136 2204/4330/1209
f 2251/4183/1210 2255/4337/1210 2237/4331/1210 2233/4250/1210
f 2255/4337/1211 2254/4338/1211 2236/4339/1211 2237/4331/1211
f 2254/4338/1212 2253/4340/1212 2235/4341/1212 2236/4339/1212
f 2253/4264/374 2252/4264/374 2234/4264/374 2235/4264/374
f 2252/4342/1135 2250/4180/1135 2232/4195/1135 2234/4343/1135
f 2238/4182/1213 2240/4259/1213 2255/4337/1213 2251/4183/1213
f 2240/4259/1214 2241/4261/1214 2254/4338/1214 2255/4337/1214
f 2241/4261/1215 2242/4263/1215 2253/4340/1215 2254/4338/1215
f 2242/4264/374 2243/4264/374 2252/4264/374 2253/4264/374
f 2243/4266/1129 2239/4181/1129 2250/4180/1129 2252/4342/1129
f 2169/4217/1181 2153/4212/1181 2184/4215/1181 2214/4218/1181
f 2327/4344/1216 2312/4345/1216 2345/4346/1216 2434/4347/1216
f 2314/4348/1217 2315/4349/1217 2362/4350/1217 2356/4351/1217
f 2315/4349/1218 2316/4352/1218 2368/4353/1219 2362/4350/1219
f 2316/4352/1220 2317/4354/1220 2374/4355/1221 2368/4353/1221
f 2317/4354/1222 2318/4356/1222 2380/4357/1222 2374/4355/1222
f 2318/4358/1223 2319/4359/1223 2386/4360/1223 2380/4361/1223
f 2319/4359/1224 2320/4362/1224 2392/4363/1225 2386/4360/1225
f 2320/4362/1226 2321/4364/1226 2398/4365/1227 2392/4363/1227
f 2321/4364/1228 2322/4366/1228 2404/4367/1229 2398/4365/1229
f 2322/4368/1230 2323/4369/1230 2410/4370/1231 2404/4371/1231
f 2323/4369/1232 2324/4372/1232 2416/4373/1232 2410/4370/1232
f 2324/4374/1233 2325/4375/1233 2422/4376/1233 2416/4377/1233
f 2325/4375/1234 2326/4378/1234 2428/4379/1234 2422/4376/1234
f 2326/4378/1235 2327/4344/1235 2434/4347/1235 2428/4379/1235
f 2283/4380/1236 2285/4381/1236 2287/4382/1236 2289/4383/1236 2291/4384/1236 2293/4385/1236 2295/4386/1236 2297/4387/1236 2299/4388/1236 2301/4389/1236 2303/4390/1236 2305/4391/1236 2307/4392/1236 2309/4393/1236 2311/4394/1236 2281/4395/1236
f 2336/4396/374 2474/4396/374 2458/4396/374 2335/4396/374
f 2312/4397/1237 2313/4398/1237 2350/4399/1237 2345/4400/1237
f 2280/4401/1238 2310/4402/1238 2308/4403/1238 2306/4404/1238 2304/4405/1238 2302/4406/1238 2300/4407/1238 2298/4408/1238 2296/4409/1238 2294/4410/1238 2292/4411/1238 2290/4412/1238 2288/4413/1238 2286/4414/1238 2284/4415/1238 2282/4416/1238
f 2329/4417/1239 2328/4418/1239 2312/4397/1239 2327/4419/1239
f 2330/4420/1240 2329/4417/1240 2327/4419/1240 2326/4421/1240
f 2331/4422/1241 2330/4423/1241 2326/4424/1241 2325/4425/1241
f 2332/4426/1242 2331/4422/1242 2325/4425/1242 2324/4372/1242
f 2333/4427/1243 2332/4426/1243 2324/4372/1243 2323/4369/1243
f 2334/4428/1244 2333/4427/1244 2323/4369/1244 2322/4368/1244
f 2335/4429/1245 2334/4430/1245 2322/4366/1245 2321/4364/1245
f 2336/4431/1246 2335/4429/1246 2321/4364/1246 2320/4362/1246
f 2337/4432/1247 2336/4431/1247 2320/4362/1247 2319/4359/1247
f 2338/4433/1248 2337/4432/1248 2319/4359/1248 2318/4358/1248
f 2339/4434/1249 2338/4435/1249 2318/4356/1249 2317/4354/1249
f 2340/4436/1250 2339/4434/1250 2317/4354/1250 2316/4352/1250
f 2341/4437/1251 2340/4436/1251 2316/4352/1251 2315/4349/1251
f 2342/4438/1252 2341/4437/1252 2315/4349/1252 2314/4348/1252
f 2343/4439/1253 2342/4438/1253 2314/4348/1253 2313/4440/1253
f 2328/4418/1254 2343/4441/1254 2313/4398/1254 2312/4397/1254
f 2313/4440/1255 2314/4348/1255 2356/4351/1255 2350/4442/1255
f 2429/4443/1256 2435/4444/1256 2311/4445/1256 2309/4446/1256
f 2423/4447/1257 2429/4448/1257 2309/4449/1257 2307/4450/1257
f 2417/4451/1258 2423/4447/1258 2307/4450/1258 2305/4452/1258
f 2411/4453/1259 2417/4451/1259 2305/4452/1259 2303/4454/1259
f 2405/4455/1260 2411/4453/1260 2303/4454/1260 2301/4456/1260
f 2399/4457/1261 2405/4458/1261 2301/4389/1261 2299/4388/1261
f 2393/4459/1262 2399/4457/1262 2299/4388/1262 2297/4387/1262
f 2387/4460/1263 2393/4459/1263 2297/4387/1263 2295/4386/1263
f 2381/4461/1264 2387/4460/1264 2295/4386/1264 2293/4385/1264
f 2375/4462/1265 2381/4461/1265 2293/4385/1265 2291/4384/1265
f 2369/4463/1266 2375/4464/1266 2291/4465/1266 2289/4466/1266
f 2363/4467/1267 2369/4463/1267 2289/4466/1267 2287/4468/1267
f 2357/4469/1268 2363/4467/1268 2287/4468/1268 2285/4470/1268
f 2351/4471/1269 2357/4472/1269 2285/4473/1269 2283/4474/1269
f 2344/4475/1270 2351/4471/1270 2283/4474/1270 2281/4476/1270
f 2435/4444/1271 2439/4477/1271 2346/4478/1271 2344/4475/1271
f 2439/4477/1272 2438/4479/1272 2347/4480/1272 2346/4478/1272
f 2438/4479/1273 2437/4481/1273 2348/4482/1273 2347/4480/1273
f 2437/4483/374 2436/4483/374 2349/4483/374 2348/4483/374
f 2436/4484/1274 2434/4347/1216 2345/4346/1216 2349/4485/1274
f 2429/4443/1275 2433/4486/1275 2439/4477/1275 2435/4444/1275
f 2433/4486/1276 2432/4487/1276 2438/4479/1276 2439/4477/1276
f 2432/4488/1277 2431/4489/1277 2437/4490/1277 2438/4491/1277
f 2431/4483/374 2430/4483/374 2436/4483/374 2437/4483/374
f 2430/4492/1235 2428/4379/1235 2434/4347/1235 2436/4484/1235
f 2423/4447/1278 2427/4493/1278 2433/4494/1278 2429/4448/1278
f 2427/4493/1279 2426/4495/1279 2432/4496/1279 2433/4494/1279
f 2426/4497/1280 2425/4498/1280 2431/4489/1280 2432/4488/1280
f 2425/4483/374 2424/4483/374 2430/4483/374 2431/4483/374
f 2424/4499/1234 2422/4376/1234 2428/4379/1234 2430/4492/1234
f 2417/4451/1281 2421/4500/1281 2427/4493/1281 2423/4447/1281
f 2421/4500/1282 2420/4501/1282 2426/4495/1282 2427/4493/1282
f 2420/4501/1283 2419/4502/1283 2425/4503/1283 2426/4495/1283
f 2419/4483/374 2418/4483/374 2424/4483/374 2425/4483/374
f 2418/4504/1233 2416/4377/1233 2422/4376/1233 2424/4499/1233
f 2411/4453/1284 2415/4505/1284 2421/4500/1284 2417/4451/1284
f 2415/4505/1285 2414/4506/1285 2420/4501/1285 2421/4500/1285
f 2414/4506/1286 2413/4507/1286 2419/4502/1286 2420/4501/1286
f 2413/4483/374 2412/4483/374 2418/4483/374 2419/4483/374
f 2412/4508/1287 2410/4370/1232 2416/4373/1232 2418/4509/1287
f 2405/4455/1288 2409/4510/1288 2415/4505/1288 2411/4453/1288
f 2409/4510/1289 2408/4511/1289 2414/4506/1289 2415/4505/1289
f 2408/4511/1290 2407/4512/1290 2413/4507/1290 2414/4506/1290
f 2407/4483/374 2406/4483/374 2412/4483/374 2413/4483/374
f 2406/4513/1231 2404/4371/1231 2410/4370/1231 2412/4508/1231
f 2399/4457/1291 2403/4514/1291 2409/4515/1291 2405/4458/1291
f 2403/4516/1292 2402/4517/1292 2408/4518/1292 2409/4519/1292
f 2402/4517/1293 2401/4520/1293 2407/4521/1293 2408/4518/1293
f 2401/4483/374 2400/4483/374 2406/4483/374 2407/4483/374
f 2400/4522/1229 2398/4365/1229 2404/4367/1229 2406/4523/1229
f 2393/4459/1294 2397/4524/1294 2403/4514/1294 2399/4457/1294
f 2397/4525/1295 2396/4526/1295 2402/4517/1295 2403/4516/1295
f 2396/4526/1296 2395/4527/1296 2401/4520/1296 2402/4517/1296
f 2395/4483/374 2394/4483/374 2400/4483/374 2401/4483/374
f 2394/4528/1297 2392/4363/1227 2398/4365/1227 2400/4522/1297
f 2387/4460/1298 2391/4529/1298 2397/4524/1298 2393/4459/1298
f 2391/4530/1299 2390/4531/1299 2396/4526/1299 2397/4525/1299
f 2390/4531/1300 2389/4532/1300 2395/4527/1300 2396/4526/1300
f 2389/4483/374 2388/4483/374 2394/4483/374 2395/4483/374
f 2388/4533/1225 2386/4360/1225 2392/4363/1225 2394/4528/1225
f 2381/4461/1301 2385/4534/1301 2391/4529/1301 2387/4460/1301
f 2385/4535/1302 2384/4536/1302 2390/4531/1302 2391/4530/1302
f 2384/4536/1303 2383/4537/1303 2389/4532/1303 2390/4531/1303
f 2383/4483/374 2382/4483/374 2388/4483/374 2389/4483/374
f 2382/4538/1304 2380/4361/1223 2386/4360/1223 2388/4533/1304
f 2375/4462/1305 2379/4539/1305 2385/4534/1305 2381/4461/1305
f 2379/4540/1306 2378/4541/1306 2384/4542/1306 2385/4543/1306
f 2378/4541/1307 2377/4544/1307 2383/4545/1307 2384/4542/1307
f 2377/4483/374 2376/4483/374 2382/4483/374 2383/4483/374
f 2376/4546/1222 2374/4355/1222 2380/4357/1222 2382/4547/1222
f 2369/4463/1308 2373/4548/1308 2379/4540/1308 2375/4464/1308
f 2373/4548/1309 2372/4549/1309 2378/4541/1309 2379/4540/1309
f 2372/4549/1310 2371/4550/1310 2377/4544/1310 2378/4541/1310
f 2371/4483/374 2370/4483/374 2376/4483/374 2377/4483/374
f 2370/4551/1221 2368/4353/1221 2374/4355/1221 2376/4546/1221
f 2363/4467/1311 2367/4552/1311 2373/4548/1311 2369/4463/1311
f 2367/4552/1312 2366/4553/1312 2372/4549/1312 2373/4548/1312
f 2366/4553/1313 2365/4554/1313 2371/4550/1313 2372/4549/1313
f 2365/4483/374 2364/4483/374 2370/4483/374 2371/4483/374
f 2364/4555/1219 2362/4350/1219 2368/4353/1219 2370/4551/1219
f 2357/4469/1314 2361/4556/1314 2367/4552/1314 2363/4467/1314
f 2361/4556/1315 2360/4557/1315 2366/4553/1315 2367/4552/1315
f 2360/4557/1316 2359/4558/1316 2365/4554/1316 2366/4553/1316
f 2359/4483/374 2358/4483/374 2364/4483/374 2365/4483/374
f 2358/4559/1217 2356/4351/1217 2362/4350/1217 2364/4555/1217
f 2351/4471/1317 2355/4560/1317 2361/4561/1317 2357/4472/1317
f 2355/4560/1318 2354/4562/1318 2360/4563/1318 2361/4561/1318
f 2354/4564/1319 2353/4565/1319 2359/4558/1319 2360/4557/1319
f 2353/4483/374 2352/4483/374 2358/4483/374 2359/4483/374
f 2352/4566/1255 2350/4442/1255 2356/4351/1255 2358/4559/1255
f 2344/4475/1320 2346/4478/1320 2355/4560/1320 2351/4471/1320
f 2346/4478/1321 2347/4480/1321 2354/4562/1321 2355/4560/1321
f 2347/4480/1322 2348/4482/1322 2353/4567/1322 2354/4562/1322
f 2348/4483/374 2349/4483/374 2352/4483/374 2353/4483/374
f 2349/4568/1237 2345/4400/1237 2350/4399/1237 2352/4569/1237
f 2435/4444/1323 2344/4475/1323 2281/4476/1323 2311/4445/1323
f 2447/4570/374 2475/4570/374 2485/4570/374 2446/4570/374
f 2333/4396/374 2472/4396/374 2456/4396/374 2332/4396/374
f 2448/4570/374 2459/4570/374 2475/4570/374 2447/4570/374
f 2330/4396/374 2480/4396/374 2464/4396/374 2329/4396/374
f 2328/4396/374 2465/4396/374 2470/4396/374 2343/4396/374
f 2449/4570/374 2486/4570/374 2459/4570/374 2448/4570/374
f 2341/4396/374 2462/4396/374 2469/4396/374 2340/4396/374
f 2450/4570/374 2473/4570/374 2486/4570/374 2449/4570/374
f 2338/4396/374 2460/4396/374 2468/4396/374 2337/4396/374
f 2451/4570/374 2457/4570/374 2473/4570/374 2450/4570/374
f 2452/4570/374 2487/4570/374 2457/4570/374 2451/4570/374
f 2335/4396/374 2458/4396/374 2467/4396/374 2334/4396/374
f 2453/4570/374 2482/4570/374 2487/4570/374 2452/4570/374
f 2332/4396/374 2456/4396/374 2466/4396/374 2331/4396/374
f 2440/4570/374 2483/4570/374 2481/4570/374 2455/4570/374
f 2310/4571/1324 2280/4572/1324 2455/4573/1324 2454/4574/1324
f 2308/4575/1325 2310/4571/1325 2454/4574/1325 2453/4576/1325
f 2306/4577/1326 2308/4578/1326 2453/4579/1326 2452/4580/1326
f 2304/4581/1327 2306/4577/1327 2452/4580/1327 2451/4582/1327
f 2302/4583/1243 2304/4581/1243 2451/4582/1243 2450/4584/1243
f 2300/4585/1244 2302/4583/1244 2450/4584/1244 2449/4586/1244
f 2298/4587/1245 2300/4588/1245 2449/4589/1245 2448/4590/1245
f 2296/4591/1328 2298/4587/1328 2448/4590/1328 2447/4592/1328
f 2294/4593/1329 2296/4591/1329 2447/4592/1329 2446/4594/1329
f 2292/4595/1330 2294/4593/1330 2446/4594/1330 2445/4596/1330
f 2290/4597/1331 2292/4598/1331 2445/4599/1331 2444/4600/1331
f 2288/4601/1332 2290/4597/1332 2444/4600/1332 2443/4602/1332
f 2286/4603/1333 2288/4601/1333 2443/4602/1333 2442/4604/1333
f 2284/4605/1334 2286/4603/1334 2442/4604/1334 2441/4606/1334
f 2282/4607/1335 2284/4605/1335 2441/4606/1335 2440/4608/1335
f 2280/4572/1254 2282/4609/1254 2440/4610/1254 2455/4573/1254
f 2481/4611/1336 2483/4612/1336 2554/4613/1337 2543/4614/1337
f 2542/4615/1338 2555/4616/1338 2470/4617/1338 2465/4618/1338
f 2482/4619/1339 2471/4620/1339 2512/4621/1340 2548/4622/1340
f 2463/4623/1341 2484/4624/1341 2560/4625/1342 2506/4626/1342
f 2483/4612/1343 2479/4627/1343 2536/4628/1343 2554/4613/1343
f 2479/4627/1344 2463/4623/1344 2506/4626/1345 2536/4628/1345
f 2461/4629/1346 2485/4630/1346 2566/4631/1346 2500/4632/1346
f 2484/4624/1347 2477/4633/1347 2530/4634/1347 2560/4625/1347
f 2477/4633/1348 2461/4635/1348 2500/4636/1349 2530/4634/1349
f 2459/4637/1350 2486/4638/1350 2572/4639/1350 2494/4640/1350
f 2485/4630/1351 2475/4641/1351 2524/4642/1352 2566/4631/1352
f 2475/4641/1353 2459/4637/1353 2494/4640/1353 2524/4642/1353
f 2457/4643/1354 2487/4644/1354 2578/4645/1354 2488/4646/1354
f 2486/4638/1355 2473/4647/1355 2518/4648/1355 2572/4639/1355
f 2471/4620/1356 2481/4649/1356 2543/4650/1356 2512/4621/1356
f 2446/4570/374 2485/4570/374 2461/4570/374 2445/4570/374
f 2339/4396/374 2476/4396/374 2460/4396/374 2338/4396/374
f 2343/4396/374 2470/4396/374 2478/4396/374 2342/4396/374
f 2445/4570/374 2461/4570/374 2477/4570/374 2444/4570/374
f 2342/4396/374 2478/4396/374 2462/4396/374 2341/4396/374
f 2340/4396/374 2469/4396/374 2476/4396/374 2339/4396/374
f 2444/4570/374 2477/4570/374 2484/4570/374 2443/4570/374
f 2337/4396/374 2468/4396/374 2474/4396/374 2336/4396/374
f 2443/4570/374 2484/4570/374 2463/4570/374 2442/4570/374
f 2334/4396/374 2467/4396/374 2472/4396/374 2333/4396/374
f 2442/4570/374 2463/4570/374 2479/4570/374 2441/4570/374
f 2455/4570/374 2481/4570/374 2471/4570/374 2454/4570/374
f 2331/4396/374 2466/4396/374 2480/4396/374 2330/4396/374
f 2441/4570/374 2479/4570/374 2483/4570/374 2440/4570/374
f 2454/4570/374 2471/4570/374 2482/4570/374 2453/4570/374
f 2329/4396/374 2464/4396/374 2465/4396/374 2328/4396/374
f 2549/4651/1357 2513/4652/1357 2464/4653/1357 2480/4654/1357
f 2513/4652/1358 2542/4615/1358 2465/4618/1358 2464/4653/1358
f 2579/4655/1359 2549/4656/1359 2480/4657/1359 2466/4658/1359
f 2519/4659/1360 2489/4660/1360 2456/4661/1360 2472/4662/1360
f 2489/4660/1361 2579/4655/1361 2466/4658/1361 2456/4661/1361
f 2573/4663/1362 2519/4659/1362 2472/4662/1362 2467/4664/1362
f 2525/4665/1363 2495/4666/1363 2458/4667/1363 2474/4668/1363
f 2495/4666/1364 2573/4669/1364 2467/4670/1364 2458/4667/1364
f 2567/4671/1365 2525/4665/1365 2474/4668/1365 2468/4672/1365
f 2531/4673/1366 2501/4674/1366 2460/4675/1366 2476/4676/1366
f 2501/4674/1367 2567/4671/1367 2468/4672/1367 2460/4675/1367
f 2561/4677/1368 2531/4678/1368 2476/4679/1368 2469/4680/1368
f 2537/4681/1369 2507/4682/1369 2462/4683/1369 2478/4684/1369
f 2507/4685/1370 2561/4677/1370 2469/4680/1370 2462/4686/1370
f 2555/4616/1371 2537/4681/1371 2478/4684/1371 2470/4617/1371
f 2487/4644/1372 2482/4619/1372 2548/4622/1373 2578/4645/1373
f 2513/4652/1374 2517/4687/1374 2544/4688/1374 2542/4615/1374
f 2517/4687/1375 2516/4689/1375 2545/4690/1375 2544/4688/1375
f 2516/4691/1376 2515/4692/1376 2546/4693/1376 2545/4694/1376
f 2515/4695/374 2514/4695/374 2547/4695/374 2546/4695/374
f 2514/4696/1377 2512/4621/1356 2543/4650/1356 2547/4697/1377
f 2549/4651/1378 2553/4698/1378 2517/4687/1378 2513/4652/1378
f 2553/4698/1379 2552/4699/1379 2516/4689/1379 2517/4687/1379
f 2552/4700/1380 2551/4701/1380 2515/4692/1380 2516/4691/1380
f 2551/4695/374 2550/4695/374 2514/4695/374 2515/4695/374
f 2550/4702/1381 2548/4622/1340 2512/4621/1340 2514/4696/1381
f 2579/4655/1382 2583/4703/1382 2553/4704/1382 2549/4656/1382
f 2583/4703/1383 2582/4705/1383 2552/4706/1383 2553/4704/1383
f 2582/4707/1384 2581/4708/1384 2551/4701/1384 2552/4700/1384
f 2581/4695/374 2580/4695/374 2550/4695/374 2551/4695/374
f 2580/4709/1373 2578/4645/1373 2548/4622/1373 2550/4702/1373
f 2489/4660/1385 2493/4710/1385 2583/4703/1385 2579/4655/1385
f 2493/4710/1386 2492/4711/1386 2582/4705/1386 2583/4703/1386
f 2492/4712/1387 2491/4713/1387 2581/4708/1387 2582/4707/1387
f 2491/4695/374 2490/4695/374 2580/4695/374 2581/4695/374
f 2490/4714/1354 2488/4646/1354 2578/4645/1354 2580/4709/1354
f 2519/4659/1388 2523/4715/1388 2493/4710/1388 2489/4660/1388
f 2523/4715/1389 2522/4716/1389 2492/4711/1389 2493/4710/1389
f 2522/4716/1390 2521/4717/1390 2491/4718/1390 2492/4711/1390
f 2521/4695/374 2520/4695/374 2490/4695/374 2491/4695/374
f 2520/4719/1391 2518/4720/1391 2488/4646/1391 2490/4714/1391
f 2573/4663/1392 2577/4721/1392 2523/4715/1392 2519/4659/1392
f 2577/4721/1393 2576/4722/1393 2522/4716/1393 2523/4715/1393
f 2576/4722/1394 2575/4723/1394 2521/4717/1394 2522/4716/1394
f 2575/4695/374 2574/4695/374 2520/4695/374 2521/4695/374
f 2574/4724/1355 2572/4639/1355 2518/4648/1355 2520/4725/1355
f 2495/4666/1395 2499/4726/1395 2577/4727/1395 2573/4669/1395
f 2499/4728/1396 2498/4729/1396 2576/4730/1396 2577/4731/1396
f 2498/4729/1397 2497/4732/1397 2575/4733/1397 2576/4730/1397
f 2497/4695/374 2496/4695/374 2574/4695/374 2575/4695/374
f 2496/4734/1350 2494/4640/1350 2572/4639/1350 2574/4724/1350
f 2525/4665/1398 2529/4735/1398 2499/4726/1398 2495/4666/1398
f 2529/4736/1399 2528/4737/1399 2498/4729/1399 2499/4728/1399
f 2528/4737/1400 2527/4738/1400 2497/4732/1400 2498/4729/1400
f 2527/4695/374 2526/4695/374 2496/4695/374 2497/4695/374
f 2526/4739/1353 2524/4642/1353 2494/4640/1353 2496/4734/1353
f 2567/4671/1401 2571/4740/1401 2529/4735/1401 2525/4665/1401
f 2571/4741/1402 2570/4742/1402 2528/4737/1402 2529/4736/1402
f 2570/4742/1403 2569/4743/1403 2527/4738/1403 2528/4737/1403
f 2569/4695/374 2568/4695/374 2526/4695/374 2527/4695/374
f 2568/4744/1352 2566/4631/1352 2524/4642/1352 2526/4739/1352
f 2501/4674/1404 2505/4745/1404 2571/4740/1404 2567/4671/1404
f 2505/4746/1405 2504/4747/1405 2570/4742/1405 2571/4741/1405
f 2504/4747/1406 2503/4748/1406 2569/4743/1406 2570/4742/1406
f 2503/4695/374 2502/4695/374 2568/4695/374 2569/4695/374
f 2502/4749/1346 2500/4632/1346 2566/4631/1346 2568/4744/1346
f 2531/4673/1407 2535/4750/1407 2505/4745/1407 2501/4674/1407
f 2535/4751/1408 2534/4752/1408 2504/4753/1408 2505/4754/1408
f 2534/4752/1409 2533/4755/1409 2503/4756/1409 2504/4753/1409
f 2533/4695/374 2532/4695/374 2502/4695/374 2503/4695/374
f 2532/4757/1349 2530/4634/1349 2500/4636/1349 2502/4758/1349
f 2561/4677/1410 2565/4759/1410 2535/4751/1410 2531/4678/1410
f 2565/4759/1411 2564/4760/1411 2534/4752/1411 2535/4751/1411
f 2564/4760/1412 2563/4761/1412 2533/4755/1412 2534/4752/1412
f 2563/4695/374 2562/4695/374 2532/4695/374 2533/4695/374
f 2562/4762/1413 2560/4625/1347 2530/4634/1347 2532/4757/1413
f 2507/4685/1414 2511/4763/1414 2565/4759/1414 2561/4677/1414
f 2511/4763/1415 2510/4764/1415 2564/4760/1415 2565/4759/1415
f 2510/4764/1416 2509/4765/1416 2563/4761/1416 2564/4760/1416
f 2509/4695/374 2508/4695/374 2562/4695/374 2563/4695/374
f 2508/4766/1342 2506/4626/1342 2560/4625/1342 2562/4762/1342
f 2537/4681/1417 2541/4767/1417 2511/4768/1417 2507/4682/1417
f 2541/4769/1418 2540/4770/1418 2510/4764/1418 2511/4763/1418
f 2540/4770/1419 2539/4771/1419 2509/4765/1419 2510/4764/1419
f 2539/4695/374 2538/4695/374 2508/4695/374 2509/4695/374
f 2538/4772/1345 2536/4628/1345 2506/4626/1345 2508/4766/1345
f 2555/4616/1420 2559/4773/1420 2541/4767/1420 2537/4681/1420
f 2559/4774/1421 2558/4775/1421 2540/4770/1421 2541/4769/1421
f 2558/4775/1422 2557/4776/1422 2539/4771/1422 2540/4770/1422
f 2557/4695/374 2556/4695/374 2538/4695/374 2539/4695/374
f 2556/4777/1343 2554/4613/1343 2536/4628/1343 2538/4772/1343
f 2542/4615/1423 2544/4688/1423 2559/4773/1423 2555/4616/1423
f 2544/4688/1424 2545/4690/1424 2558/4778/1424 2559/4773/1424
f 2545/4690/1425 2546/4779/1425 2557/4780/1425 2558/4778/1425
f 2546/4695/374 2547/4695/374 2556/4695/374 2557/4695/374
f 2547/4781/1337 2543/4614/1337 2554/4613/1337 2556/4777/1337
f 2473/4782/1391 2457/4643/1391 2488/4646/1391 2518/4720/1391
f 2631/4783/1426 2616/4784/1426 2649/4785/1426 2738/4786/1426
f 2618/4787/1427 2619/4788/1427 2666/4789/1427 2660/4790/1427
f 2619/4788/1428 2620/4791/1428 2672/4792/1429 2666/4789/1429
f 2620/4791/1430 2621/4793/1430 2678/4794/1430 2672/4792/1430
f 2621/4795/1431 2622/4796/1431 2684/4797/1431 2678/4798/1431
f 2622/4796/1432 2623/4799/1432 2690/4800/1432 2684/4797/1432
f 2623/4799/1433 2624/4801/1433 2696/4802/1433 2690/4800/1433
f 2624/4801/1434 2625/4803/1434 2702/4804/1434 2696/4802/1434
f 2625/4803/1435 2626/4805/1435 2708/4806/1435 2702/4804/1435
f 2626/4807/1436 2627/4808/1436 2714/4809/1436 2708/4810/1436
f 2627/4808/1437 2628/4811/1437 2720/4812/1437 2714/4809/1437
f 2628/4813/1438 2629/4814/1438 2726/4815/1439 2720/4816/1439
f 2629/4814/1440 2630/4817/1440 2732/4818/1440 2726/4815/1440
f 2630/4817/1441 2631/4783/1441 2738/4786/1441 2732/4818/1441
f 2587/4819/1442 2589/4820/1442 2591/4821/1442 2593/4822/1442 2595/4823/1442 2597/4824/1442 2599/4825/1442 2601/4826/1442 2603/4827/1442 2605/4828/1442 2607/4829/1442 2609/4830/1442 2611/4831/1442 2613/4832/1442 2615/4833/1442 2585/4834/1442
f 2640/4835/374 2778/4835/374 2762/4835/374 2639/4835/374
f 2616/4836/1443 2617/4837/1443 2654/4838/1444 2649/4839/1444
f 2584/4840/1445 2614/4841/1445 2612/4842/1445 2610/4843/1445 2608/4844/1445 2606/4845/1445 2604/4846/1445 2602/4847/1445 2600/4848/1445 2598/4849/1445 2596/4850/1445 2594/4851/1445 2592/4852/1445 2590/4853/1445 2588/4854/1445 2586/4855/1445
f 2633/4856/1446 2632/4857/1446 2616/4784/1446 2631/4783/1446
f 2634/4858/1447 2633/4856/1447 2631/4783/1447 2630/4817/1447
f 2635/4859/1448 2634/4858/1448 2630/4817/1448 2629/4814/1448
f 2636/4860/1449 2635/4861/1449 2629/4862/1449 2628/4811/1449
f 2637/4863/1450 2636/4860/1450 2628/4811/1450 2627/4808/1450
f 2638/4864/1451 2637/4863/1451 2627/4808/1451 2626/4807/1451
f 2639/4865/1452 2638/4866/1452 2626/4867/1452 2625/4868/1452
f 2640/4869/1453 2639/4865/1453 2625/4868/1453 2624/4870/1453
f 2641/4871/1454 2640/4869/1454 2624/4870/1454 2623/4872/1454
f 2642/4873/1455 2641/4871/1455 2623/4872/1455 2622/4874/1455
f 2643/4875/1456 2642/4873/1456 2622/4874/1456 2621/4876/1456
f 2644/4877/1457 2643/4878/1457 2621/4793/1457 2620/4791/1457
f 2645/4879/1458 2644/4877/1458 2620/4791/1458 2619/4788/1458
f 2646/4880/1459 2645/4879/1459 2619/4788/1459 2618/4787/1459
f 2647/4881/1460 2646/4880/1460 2618/4787/1460 2617/4837/1460
f 2632/4882/1461 2647/4881/1461 2617/4837/1461 2616/4836/1461
f 2617/4837/1462 2618/4787/1462 2660/4790/1462 2654/4838/1462
f 2733/4883/1463 2739/4884/1463 2615/4885/1463 2613/4886/1463
f 2727/4887/1464 2733/4888/1464 2613/4889/1464 2611/4890/1464
f 2721/4891/1465 2727/4887/1465 2611/4890/1465 2609/4892/1465
f 2715/4893/1466 2721/4891/1466 2609/4892/1466 2607/4894/1466
f 2709/4895/1467 2715/4893/1467 2607/4894/1467 2605/4896/1467
f 2703/4897/1468 2709/4898/1468 2605/4899/1468 2603/4900/1468
f 2697/4901/1469 2703/4897/1469 2603/4900/1469 2601/4902/1469
f 2691/4903/1470 2697/4901/1470 2601/4902/1470 2599/4904/1470
f 2685/4905/1471 2691/4903/1471 2599/4904/1471 2597/4906/1471
f 2679/4907/1472 2685/4905/1472 2597/4906/1472 2595/4908/1472
f 2673/4909/1473 2679/4910/1473 2595/4911/1473 2593/4912/1473
f 2667/4913/1474 2673/4909/1474 2593/4912/1474 2591/4914/1474
f 2661/4915/1475 2667/4913/1475 2591/4914/1475 2589/4916/1475
f 2655/4917/1476 2661/4915/1476 2589/4916/1476 2587/4918/1476
f 2648/4919/1477 2655/4920/1477 2587/4819/1477 2585/4834/1477
f 2739/4921/1478 2743/4922/1478 2650/4923/1478 2648/4919/1478
f 2743/4924/1479 2742/4925/1479 2651/4926/1479 2650/4927/1479
f 2742/4925/1480 2741/4928/1480 2652/4929/1480 2651/4926/1480
f 2741/4930/374 2740/4930/374 2653/4930/374 2652/4930/374
f 2740/4931/1426 2738/4786/1426 2649/4785/1426 2653/4932/1426
f 2733/4883/1481 2737/4933/1481 2743/4924/1481 2739/4884/1481
f 2737/4933/1482 2736/4934/1482 2742/4925/1482 2743/4924/1482
f 2736/4934/1483 2735/4935/1483 2741/4928/1483 2742/4925/1483
f 2735/4930/374 2734/4930/374 2740/4930/374 2741/4930/374
f 2734/4936/1441 2732/4818/1441 2738/4786/1441 2740/4931/1441
f 2727/4887/1484 2731/4937/1484 2737/4938/1484 2733/4888/1484
f 2731/4939/1485 2730/4940/1485 2736/4934/1485 2737/4933/1485
f 2730/4940/1486 2729/4941/1486 2735/4935/1486 2736/4934/1486
f 2729/4930/374 2728/4930/374 2734/4930/374 2735/4930/374
f 2728/4942/1440 2726/4815/1440 2732/4818/1440 2734/4936/1440
f 2721/4891/1487 2725/4943/1487 2731/4937/1487 2727/4887/1487
f 2725/4943/1488 2724/4944/1488 2730/4945/1488 2731/4937/1488
f 2724/4944/1489 2723/4946/1489 2729/4947/1489 2730/4945/1489
f 2723/4930/374 2722/4930/374 2728/4930/374 2729/4930/374
f 2722/4948/1439 2720/4816/1439 2726/4815/1439 2728/4942/1439
f 2715/4893/1490 2719/4949/1490 2725/4943/1490 2721/4891/1490
f 2719/4949/1491 2718/4950/1491 2724/4944/1491 2725/4943/1491
f 2718/4950/1492 2717/4951/1492 2723/4946/1492 2724/4944/1492
f 2717/4930/374 2716/4930/374 2722/4930/374 2723/4930/374
f 2716/4952/1437 2714/4809/1437 2720/4812/1437 2722/4953/1437
f 2709/4895/1493 2713/4954/1493 2719/4949/1493 2715/4893/1493
f 2713/4954/1494 2712/4955/1494 2718/4950/1494 2719/4949/1494
f 2712/4955/1495 2711/4956/1495 2717/4951/1495 2718/4950/1495
f 2711/4930/374 2710/4930/374 2716/4930/374 2717/4930/374
f 2710/4957/1496 2708/4810/1436 2714/4809/1436 2716/4952/1496
f 2703/4897/1497 2707/4958/1497 2713/4959/1497 2709/4898/1497
f 2707/4958/1498 2706/4960/1498 2712/4961/1498 2713/4959/1498
f 2706/4960/1499 2705/4962/1499 2711/4963/1499 2712/4961/1499
f 2705/4930/374 2704/4930/374 2710/4930/374 2711/4930/374
f 2704/4964/1500 2702/4804/1435 2708/4806/1435 2710/4965/1500
f 2697/4901/1501 2701/4966/1501 2707/4958/1501 2703/4897/1501
f 2701/4966/1502 2700/4967/1502 2706/4960/1502 2707/4958/1502
f 2700/4967/1503 2699/4968/1503 2705/4962/1503 2706/4960/1503
f 2699/4930/374 2698/4930/374 2704/4930/374 2705/4930/374
f 2698/4969/1434 2696/4802/1434 2702/4804/1434 2704/4964/1434
f 2691/4903/1504 2695/4970/1504 2701/4966/1504 2697/4901/1504
f 2695/4970/1505 2694/4971/1505 2700/4967/1505 2701/4966/1505
f 2694/4971/1506 2693/4972/1506 2699/4968/1506 2700/4967/1506
f 2693/4930/374 2692/4930/374 2698/4930/374 2699/4930/374
f 2692/4973/1507 2690/4800/1433 2696/4802/1433 2698/4969/1507
f 2685/4905/1508 2689/4974/1508 2695/4970/1508 2691/4903/1508
f 2689/4974/1509 2688/4975/1509 2694/4971/1509 2695/4970/1509
f 2688/4975/1510 2687/4976/1510 2693/4972/1510 2694/4971/1510
f 2687/4930/374 2686/4930/374 2692/4930/374 2693/4930/374
f 2686/4977/1432 2684/4797/1432 2690/4800/1432 2692/4973/1432
f 2679/4907/1511 2683/4978/1511 2689/4974/1511 2685/4905/1511
f 2683/4978/1512 2682/4979/1512 2688/4975/1512 2689/4974/1512
f 2682/4980/1513 2681/4981/1513 2687/4982/1513 2688/4983/1513
f 2681/4930/374 2680/4930/374 2686/4930/374 2687/4930/374
f 2680/4984/1431 2678/4798/1431 2684/4797/1431 2686/4977/1431
f 2673/4909/1514 2677/4985/1514 2683/4986/1514 2679/4910/1514
f 2677/4985/1515 2676/4987/1515 2682/4980/1515 2683/4986/1515
f 2676/4987/1516 2675/4988/1516 2681/4981/1516 2682/4980/1516
f 2675/4930/374 2674/4930/374 2680/4930/374 2681/4930/374
f 2674/4989/1517 2672/4792/1430 2678/4794/1430 2680/4990/1517
f 2667/4913/1518 2671/4991/1518 2677/4985/1518 2673/4909/1518
f 2671/4991/1519 2670/4992/1519 2676/4987/1519 2677/4985/1519
f 2670/4992/1520 2669/4993/1520 2675/4988/1520 2676/4987/1520
f 2669/4930/374 2668/4930/374 2674/4930/374 2675/4930/374
f 2668/4994/1521 2666/4789/1429 2672/4792/1429 2674/4989/1521
f 2661/4915/1522 2665/4995/1522 2671/4991/1522 2667/4913/1522
f 2665/4995/1523 2664/4996/1523 2670/4992/1523 2671/4991/1523
f 2664/4996/1524 2663/4997/1524 2669/4993/1524 2670/4992/1524
f 2663/4930/374 2662/4930/374 2668/4930/374 2669/4930/374
f 2662/4998/1427 2660/4790/1427 2666/4789/1427 2668/4994/1427
f 2655/4917/1525 2659/4999/1525 2665/4995/1525 2661/4915/1525
f 2659/4999/1526 2658/5000/1526 2664/4996/1526 2665/4995/1526
f 2658/5000/1527 2657/5001/1527 2663/4997/1527 2664/4996/1527
f 2657/4930/374 2656/4930/374 2662/4930/374 2663/4930/374
f 2656/5002/1462 2654/4838/1462 2660/4790/1462 2662/4998/1462
f 2648/4919/1528 2650/4923/1528 2659/5003/1528 2655/4920/1528
f 2650/5004/1529 2651/5005/1529 2658/5000/1529 2659/4999/1529
f 2651/5005/1530 2652/5006/1530 2657/5001/1530 2658/5000/1530
f 2652/4930/374 2653/4930/374 2656/4930/374 2657/4930/374
f 2653/5007/1444 2649/4839/1444 2654/4838/1444 2656/5002/1444
f 2739/4921/1531 2648/4919/1531 2585/4834/1531 2615/4833/1531
f 2751/5008/374 2779/5008/374 2789/5008/374 2750/5008/374
f 2637/4835/374 2776/4835/374 2760/4835/374 2636/4835/374
f 2752/5008/374 2763/5008/374 2779/5008/374 2751/5008/374
f 2634/4835/374 2784/4835/374 2768/4835/374 2633/4835/374
f 2632/4835/374 2769/4835/374 2774/4835/374 2647/4835/374
f 2753/5008/374 2790/5008/374 2763/5008/374 2752/5008/374
f 2645/4835/374 2766/4835/374 2773/4835/374 2644/4835/374
f 2754/5008/374 2777/5008/374 2790/5008/374 2753/5008/374
f 2642/4835/374 2764/4835/374 2772/4835/374 2641/4835/374
f 2755/5008/374 2761/5008/374 2777/5008/374 2754/5008/374
f 2756/5008/374 2791/5008/374 2761/5008/374 2755/5008/374
f 2639/4835/374 2762/4835/374 2771/4835/374 2638/4835/374
f 2757/5008/374 2786/5008/374 2791/5008/374 2756/5008/374
f 2636/4835/374 2760/4835/374 2770/4835/374 2635/4835/374
f 2744/5008/374 2787/5008/374 2785/5008/374 2759/5008/374
f 2614/5009/1532 2584/5010/1532 2759/5011/1532 2758/5012/1532
f 2612/5013/1447 2614/5009/1447 2758/5012/1447 2757/5014/1447
f 2610/5015/1448 2612/5013/1448 2757/5014/1448 2756/5016/1448
f 2608/5017/1533 2610/5018/1533 2756/5019/1533 2755/5020/1533
f 2606/5021/1534 2608/5017/1534 2755/5020/1534 2754/5022/1534
f 2604/5023/1535 2606/5021/1535 2754/5022/1535 2753/5024/1535
f 2602/5025/1536 2604/5026/1536 2753/5027/1536 2752/5028/1536
f 2600/5029/1537 2602/5025/1537 2752/5028/1537 2751/5030/1537
f 2598/5031/1538 2600/5029/1538 2751/5030/1538 2750/5032/1538
f 2596/5033/1455 2598/5031/1455 2750/5032/1455 2749/5034/1455
f 2594/5035/1539 2596/5033/1539 2749/5034/1539 2748/5036/1539
f 2592/5037/1540 2594/5038/1540 2748/5039/1540 2747/5040/1540
f 2590/5041/1541 2592/5037/1541 2747/5040/1541 2746/5042/1541
f 2588/5043/1542 2590/5041/1542 2746/5042/1542 2745/5044/1542
f 2586/5045/1543 2588/5043/1543 2745/5044/1543 2744/5046/1543
f 2584/5047/1544 2586/5045/1544 2744/5046/1544 2759/5048/1544
f 2785/5049/1545 2787/5050/1545 2858/5051/1545 2847/5052/1545
f 2846/5053/1546 2859/5054/1546 2774/5055/1546 2769/5056/1546
f 2786/5057/1547 2775/5058/1547 2816/5059/1548 2852/5060/1548
f 2767/5061/1549 2788/5062/1549 2864/5063/1550 2810/5064/1550
f 2787/5065/1551 2783/5066/1551 2840/5067/1551 2858/5068/1551
f 2783/5066/1552 2767/5061/1552 2810/5064/1553 2840/5067/1553
f 2765/5069/1554 2789/5070/1554 2870/5071/1555 2804/5072/1555
f 2788/5062/1556 2781/5073/1556 2834/5074/1556 2864/5063/1556
f 2781/5075/1557 2765/5069/1557 2804/5072/1558 2834/5076/1558
f 2763/5077/1559 2790/5078/1559 2876/5079/1560 2798/5080/1560
f 2789/5070/1561 2779/5081/1561 2828/5082/1561 2870/5071/1561
f 2779/5081/1562 2763/5077/1562 2798/5080/1562 2828/5082/1562
f 2761/5083/1563 2791/5084/1563 2882/5085/1563 2792/5086/1563
f 2790/5087/1564 2777/5088/1564 2822/5089/1564 2876/5090/1564
f 2775/5058/1565 2785/5049/1565 2847/5052/1565 2816/5059/1565
f 2750/5008/374 2789/5008/374 2765/5008/374 2749/5008/374
f 2643/4835/374 2780/4835/374 2764/4835/374 2642/4835/374
f 2647/4835/374 2774/4835/374 2782/4835/374 2646/4835/374
f 2749/5008/374 2765/5008/374 2781/5008/374 2748/5008/374
f 2646/4835/374 2782/4835/374 2766/4835/374 2645/4835/374
f 2644/4835/374 2773/4835/374 2780/4835/374 2643/4835/374
f 2748/5008/374 2781/5008/374 2788/5008/374 2747/5008/374
f 2641/4835/374 2772/4835/374 2778/4835/374 2640/4835/374
f 2747/5008/374 2788/5008/374 2767/5008/374 2746/5008/374
f 2638/4835/374 2771/4835/374 2776/4835/374 2637/4835/374
f 2746/5008/374 2767/5008/374 2783/5008/374 2745/5008/374
f 2759/5008/374 2785/5008/374 2775/5008/374 2758/5008/374
f 2635/4835/374 2770/4835/374 2784/4835/374 2634/4835/374
f 2745/5008/374 2783/5008/374 2787/5008/374 2744/5008/374
f 2758/5008/374 2775/5008/374 2786/5008/374 2757/5008/374
f 2633/4835/374 2768/4835/374 2769/4835/374 2632/4835/374
f 2853/5091/1566 2817/5092/1566 2768/5093/1566 2784/5094/1566
f 2817/5092/1567 2846/5053/1567 2769/5056/1567 2768/5093/1567
f 2883/5095/1568 2853/5096/1568 2784/5097/1568 2770/5098/1568
f 2823/5099/1569 2793/5100/1569 2760/5101/1569 2776/5102/1569
f 2793/5100/1570 2883/5095/1570 2770/5098/1570 2760/5101/1570
f 2877/5103/1571 2823/5099/1571 2776/5102/1571 2771/5104/1571
f 2829/5105/1572 2799/5106/1572 2762/5107/1572 2778/5108/1572
f 2799/5106/1573 2877/5109/1573 2771/5110/1573 2762/5107/1573
f 2871/5111/1574 2829/5105/1574 2778/5108/1574 2772/5112/1574
f 2835/5113/1575 2805/5114/1575 2764/5115/1575 2780/5116/1575
f 2805/5114/1576 2871/5111/1576 2772/5112/1576 2764/5115/1576
f 2865/5117/1577 2835/5118/1577 2780/5119/1577 2773/5120/1577
f 2841/5121/1578 2811/5122/1578 2766/5123/1578 2782/5124/1578
f 2811/5122/1579 2865/5117/1579 2773/5120/1579 2766/5123/1579
f 2859/5054/1580 2841/5125/1580 2782/5126/1580 2774/5055/1580
f 2791/5084/1581 2786/5057/1581 2852/5060/1582 2882/5085/1582
f 2817/5092/1583 2821/5127/1583 2848/5128/1583 2846/5053/1583
f 2821/5129/1584 2820/5130/1584 2849/5131/1584 2848/5132/1584
f 2820/5130/1585 2819/5133/1585 2850/5134/1585 2849/5131/1585
f 2819/5135/374 2818/5135/374 2851/5135/374 2850/5135/374
f 2818/5136/1565 2816/5059/1565 2847/5052/1565 2851/5137/1565
f 2853/5091/1586 2857/5138/1586 2821/5127/1586 2817/5092/1586
f 2857/5139/1587 2856/5140/1587 2820/5130/1587 2821/5129/1587
f 2856/5140/1588 2855/5141/1588 2819/5133/1588 2820/5130/1588
f 2855/5135/374 2854/5135/374 2818/5135/374 2819/5135/374
f 2854/5142/1548 2852/5060/1548 2816/5059/1548 2818/5136/1548
f 2883/5095/1589 2887/5143/1589 2857/5144/1589 2853/5096/1589
f 2887/5145/1590 2886/5146/1590 2856/5140/1590 2857/5139/1590
f 2886/5146/1591 2885/5147/1591 2855/5141/1591 2856/5140/1591
f 2885/5135/374 2884/5135/374 2854/5135/374 2855/5135/374
f 2884/5148/1582 2882/5085/1582 2852/5060/1582 2854/5142/1582
f 2793/5100/1592 2797/5149/1592 2887/5143/1592 2883/5095/1592
f 2797/5149/1593 2796/5150/1593 2886/5151/1593 2887/5143/1593
f 2796/5150/1594 2795/5152/1594 2885/5153/1594 2886/5151/1594
f 2795/5135/374 2794/5135/374 2884/5135/374 2885/5135/374
f 2794/5154/1563 2792/5086/1563 2882/5085/1563 2884/5148/1563
f 2823/5099/1595 2827/5155/1595 2797/5149/1595 2793/5100/1595
f 2827/5155/1596 2826/5156/1596 2796/5150/1596 2797/5149/1596
f 2826/5156/1597 2825/5157/1597 2795/5152/1597 2796/5150/1597
f 2825/5135/374 2824/5135/374 2794/5135/374 2795/5135/374
f 2824/5158/1598 2822/5089/1599 2792/5159/1599 2794/5160/1598
f 2877/5103/1600 2881/5161/1600 2827/5155/1600 2823/5099/1600
f 2881/5161/1601 2880/5162/1601 2826/5156/1601 2827/5155/1601
f 2880/5162/1602 2879/5163/1602 2825/5157/1602 2826/5156/1602
f 2879/5135/374 2878/5135/374 2824/5135/374 2825/5135/374
f 2878/5164/1603 2876/5090/1564 2822/5089/1564 2824/5158/1603
f 2799/5106/1604 2803/5165/1604 2881/5166/1604 2877/5109/1604
f 2803/5165/1605 2802/5167/1605 2880/5168/1605 2881/5166/1605
f 2802/5169/1606 2801/5170/1606 2879/5171/1606 2880/5172/1606
f 2801/5135/374 2800/5135/374 2878/5135/374 2879/5135/374
f 2800/5173/1560 2798/5080/1560 2876/5079/1560 2878/5174/1560
f 2829/5105/1607 2833/5175/1607 2803/5165/1607 2799/5106/1607
f 2833/5175/1608 2832/5176/1608 2802/5167/1608 2803/5165/1608
f 2832/5177/1609 2831/5178/1609 2801/5170/1609 2802/5169/1609
f 2831/5135/374 2830/5135/374 2800/5135/374 2801/5135/374
f 2830/5179/1610 2828/5082/1562 2798/5080/1562 2800/5173/1610
f 2871/5111/1611 2875/5180/1611 2833/5175/1611 2829/5105/1611
f 2875/5180/1612 2874/5181/1612 2832/5176/1612 2833/5175/1612
f 2874/5182/1613 2873/5183/1613 2831/5178/1613 2832/5177/1613
f 2873/5135/374 2872/5135/374 2830/5135/374 2831/5135/374
f 2872/5184/1614 2870/5071/1561 2828/5082/1561 2830/5179/1614
f 2805/5114/1615 2809/5185/1615 2875/5180/1615 2871/5111/1615
f 2809/5185/1616 2808/5186/1616 2874/5181/1616 2875/5180/1616
f 2808/5187/1617 2807/5188/1617 2873/5183/1617 2874/5182/1617
f 2807/5135/374 2806/5135/374 2872/5135/374 2873/5135/374
f 2806/5189/1555 2804/5072/1555 2870/5071/1555 2872/5184/1555
f 2835/5113/1618 2839/5190/1618 2809/5185/1618 2805/5114/1618
f 2839/5190/1619 2838/5191/1619 2808/5186/1619 2809/5185/1619
f 2838/5192/1620 2837/5193/1620 2807/5188/1620 2808/5187/1620
f 2837/5135/374 2836/5135/374 2806/5135/374 2807/5135/374
f 2836/5194/1558 2834/5076/1558 2804/5072/1558 2806/5189/1558
f 2865/5117/1621 2869/5195/1621 2839/5196/1621 2835/5118/1621
f 2869/5195/1622 2868/5197/1622 2838/5198/1622 2839/5196/1622
f 2868/5197/1623 2867/5199/1623 2837/5200/1623 2838/5198/1623
f 2867/5135/374 2866/5135/374 2836/5135/374 2837/5135/374
f 2866/5201/1624 2864/5063/1556 2834/5074/1556 2836/5202/1624
f 2811/5122/1625 2815/5203/1625 2869/5195/1625 2865/5117/1625
f 2815/5203/1626 2814/5204/1626 2868/5197/1626 2869/5195/1626
f 2814/5204/1627 2813/5205/1627 2867/5199/1627 2868/5197/1627
f 2813/5135/374 2812/5135/374 2866/5135/374 2867/5135/374
f 2812/5206/1550 2810/5064/1550 2864/5063/1550 2866/5201/1550
f 2841/5121/1628 2845/5207/1628 2815/5203/1628 2811/5122/1628
f 2845/5207/1629 2844/5208/1629 2814/5204/1629 2815/5203/1629
f 2844/5208/1630 2843/5209/1630 2813/5205/1630 2814/5204/1630
f 2843/5135/374 2842/5135/374 2812/5135/374 2813/5135/374
f 2842/5210/1631 2840/5067/1553 2810/5064/1553 2812/5206/1631
f 2859/5054/1632 2863/5211/1632 2845/5212/1632 2841/5125/1632
f 2863/5213/1633 2862/5214/1633 2844/5208/1633 2845/5207/1633
f 2862/5214/1634 2861/5215/1634 2843/5209/1634 2844/5208/1634
f 2861/5135/374 2860/5135/374 2842/5135/374 2843/5135/374
f 2860/5216/1551 2858/5068/1551 2840/5067/1551 2842/5210/1551
f 2846/5053/1635 2848/5128/1635 2863/5211/1635 2859/5054/1635
f 2848/5217/1636 2849/5218/1636 2862/5214/1636 2863/5213/1636
f 2849/5218/1637 2850/5219/1637 2861/5215/1637 2862/5214/1637
f 2850/5135/374 2851/5135/374 2860/5135/374 2861/5135/374
f 2851/5137/1545 2847/5052/1545 2858/5051/1545 2860/5220/1545
f 2777/5088/1599 2761/5221/1599 2792/5159/1599 2822/5089/1599
f 2935/5222/1638 2920/5223/1638 2953/5224/1638 3042/5225/1638
f 2922/5226/1639 2923/5227/1639 2970/5228/1640 2964/5229/1640
f 2923/5227/1641 2924/5230/1641 2976/5231/1641 2970/5228/1641
f 2924/5230/1642 2925/5232/1642 2982/5233/1642 2976/5231/1642
f 2925/5234/1643 2926/5235/1643 2988/5236/1643 2982/5237/1643
f 2926/5235/1644 2927/5238/1644 2994/5239/1644 2988/5236/1644
f 2927/5238/1645 2928/5240/1645 3000/5241/1645 2994/5239/1645
f 2928/5240/1646 2929/5242/1646 3006/5243/1646 3000/5241/1646
f 2929/5242/1647 2930/5244/1647 3012/5245/1647 3006/5243/1647
f 2930/5246/1648 2931/5247/1648 3018/5248/1649 3012/5249/1649
f 2931/5247/1650 2932/5250/1650 3024/5251/1650 3018/5248/1650
f 2932/5250/1651 2933/5252/1651 3030/5253/1651 3024/5251/1651
f 2933/5254/1652 2934/5255/1652 3036/5256/1652 3030/5257/1652
f 2934/5255/1653 2935/5222/1653 3042/5225/1653 3036/5256/1653
f 2891/5258/1654 2893/5259/1654 2895/5260/1654 2897/5261/1654 2899/5262/1654 2901/5263/1654 2903/5264/1654 2905/5265/1654 2907/5266/1654 2909/5267/1654 2911/5268/1654 2913/5269/1654 2915/5270/1654 2917/5271/1654 2919/5272/1654 2889/5273/1654
f 2944/5274/374 3082/5274/374 3066/5274/374 2943/5274/374
f 2920/5275/1655 2921/5276/1655 2958/5277/1655 2953/5278/1655
f 2888/5279/1656 2918/5280/1656 2916/5281/1656 2914/5282/1656 2912/5283/1656 2910/5284/1656 2908/5285/1656 2906/5286/1656 2904/5287/1656 2902/5288/1656 2900/5289/1656 2898/5290/1656 2896/5291/1656 2894/5292/1656 2892/5293/1656 2890/5294/1656
f 2937/5295/1657 2936/5296/1657 2920/5223/1657 2935/5222/1657
f 2938/5297/1658 2937/5295/1658 2935/5222/1658 2934/5255/1658
f 2939/5298/1659 2938/5297/1659 2934/5255/1659 2933/5254/1659
f 2940/5299/1660 2939/5300/1660 2933/5252/1660 2932/5250/1660
f 2941/5301/1661 2940/5299/1661 2932/5250/1661 2931/5247/1661
f 2942/5302/1662 2941/5301/1662 2931/5247/1662 2930/5246/1662
f 2943/5303/1663 2942/5304/1663 2930/5244/1663 2929/5242/1663
f 2944/5305/1664 2943/5303/1664 2929/5242/1664 2928/5240/1664
f 2945/5306/1665 2944/5305/1665 2928/5240/1665 2927/5238/1665
f 2946/5307/1666 2945/5306/1666 2927/5238/1666 2926/5235/1666
f 2947/5308/1667 2946/5307/1667 2926/5235/1667 2925/5234/1667
f 2948/5309/1668 2947/5310/1668 2925/5232/1668 2924/5230/1668
f 2949/5311/1669 2948/5309/1669 2924/5230/1669 2923/5227/1669
f 2950/5312/1670 2949/5311/1670 2923/5227/1670 2922/5226/1670
f 2951/5313/1671 2950/5312/1671 2922/5226/1671 2921/5276/1671
f 2936/5314/1672 2951/5313/1672 2921/5276/1672 2920/5275/1672
f 2921/5276/1673 2922/5226/1673 2964/5229/1674 2958/5277/1674
f 3037/5315/1675 3043/5316/1675 2919/5317/1675 2917/5318/1675
f 3031/5319/1676 3037/5315/1676 2917/5318/1676 2915/5320/1676
f 3025/5321/1677 3031/5322/1677 2915/5323/1677 2913/5324/1677
f 3019/5325/1678 3025/5321/1678 2913/5324/1678 2911/5326/1678
f 3013/5327/1679 3019/5325/1679 2911/5326/1679 2909/5328/1679
f 3007/5329/1680 3013/5330/1680 2909/5331/1680 2907/5332/1680
f 3001/5333/1681 3007/5329/1681 2907/5332/1681 2905/5334/1681
f 2995/5335/1682 3001/5333/1682 2905/5334/1682 2903/5336/1682
f 2989/5337/1683 2995/5335/1683 2903/5336/1683 2901/5338/1683
f 2983/5339/1684 2989/5337/1684 2901/5338/1684 2899/5340/1684
f 2977/5341/1685 2983/5342/1685 2899/5343/1685 2897/5344/1685
f 2971/5345/1686 2977/5341/1686 2897/5344/1686 2895/5346/1686
f 2965/5347/1687 2971/5345/1687 2895/5346/1687 2893/5348/1687
f 2959/5349/1688 2965/5347/1688 2893/5348/1688 2891/5350/1688
f 2952/5351/1689 2959/5349/1689 2891/5350/1689 2889/5352/1689
f 3043/5316/1690 3047/5353/1690 2954/5354/1690 2952/5355/1690
f 3047/5353/1691 3046/5356/1691 2955/5357/1691 2954/5354/1691
f 3046/5356/1692 3045/5358/1692 2956/5359/1692 2955/5357/1692
f 3045/5360/374 3044/5360/374 2957/5360/374 2956/5360/374
f 3044/5361/1638 3042/5225/1638 2953/5224/1638 2957/5362/1638
f 3037/5315/1693 3041/5363/1693 3047/5353/1693 3043/5316/1693
f 3041/5363/1694 3040/5364/1694 3046/5356/1694 3047/5353/1694
f 3040/5364/1695 3039/5365/1695 3045/5358/1695 3046/5356/1695
f 3039/5360/374 3038/5360/374 3044/5360/374 3045/5360/374
f 3038/5366/1696 3036/5256/1653 3042/5225/1653 3044/5361/1696
f 3031/5319/1697 3035/5367/1697 3041/5363/1697 3037/5315/1697
f 3035/5367/1698 3034/5368/1698 3040/5364/1698 3041/5363/1698
f 3034/5368/1699 3033/5369/1699 3039/5365/1699 3040/5364/1699
f 3033/5360/374 3032/5360/374 3038/5360/374 3039/5360/374
f 3032/5370/1652 3030/5257/1652 3036/5256/1652 3038/5366/1652
f 3025/5321/1700 3029/5371/1700 3035/5372/1700 3031/5322/1700
f 3029/5371/1701 3028/5373/1701 3034/5374/1701 3035/5372/1701
f 3028/5373/1702 3027/5375/1702 3033/5376/1702 3034/5374/1702
f 3027/5360/374 3026/5360/374 3032/5360/374 3033/5360/374
f 3026/5377/1651 3024/5251/1651 3030/5253/1651 3032/5378/1651
f 3019/5325/1703 3023/5379/1703 3029/5371/1703 3025/5321/1703
f 3023/5379/1704 3022/5380/1704 3028/5373/1704 3029/5371/1704
f 3022/5380/1705 3021/5381/1705 3027/5375/1705 3028/5373/1705
f 3021/5360/374 3020/5360/374 3026/5360/374 3027/5360/374
f 3020/5382/1706 3018/5248/1650 3024/5251/1650 3026/5377/1706
f 3013/5327/1707 3017/5383/1707 3023/5379/1707 3019/5325/1707
f 3017/5383/1708 3016/5384/1708 3022/5380/1708 3023/5379/1708
f 3016/5384/1709 3015/5385/1709 3021/5381/1709 3022/5380/1709
f 3015/5360/374 3014/5360/374 3020/5360/374 3021/5360/374
f 3014/5386/1649 3012/5249/1649 3018/5248/1649 3020/5382/1649
f 3007/5329/1710 3011/5387/1710 3017/5388/1710 3013/5330/1710
f 3011/5387/1711 3010/5389/1711 3016/5390/1711 3017/5388/1711
f 3010/5389/1712 3009/5391/1712 3015/5392/1712 3016/5390/1712
f 3009/5360/374 3008/5360/374 3014/5360/374 3015/5360/374
f 3008/5393/1647 3006/5243/1647 3012/5245/1647 3014/5394/1647
f 3001/5333/1713 3005/5395/1713 3011/5387/1713 3007/5329/1713
f 3005/5395/1714 3004/5396/1714 3010/5389/1714 3011/5387/1714
f 3004/5396/1715 3003/5397/1715 3009/5391/1715 3010/5389/1715
f 3003/5360/374 3002/5360/374 3008/5360/374 3009/5360/374
f 3002/5398/1646 3000/5241/1646 3006/5243/1646 3008/5393/1646
f 2995/5335/1716 2999/5399/1716 3005/5395/1716 3001/5333/1716
f 2999/5399/1717 2998/5400/1717 3004/5396/1717 3005/5395/1717
f 2998/5400/1718 2997/5401/1718 3003/5397/1718 3004/5396/1718
f 2997/5360/374 2996/5360/374 3002/5360/374 3003/5360/374
f 2996/5402/1645 2994/5239/1645 3000/5241/1645 3002/5398/1645
f 2989/5337/1719 2993/5403/1719 2999/5399/1719 2995/5335/1719
f 2993/5403/1720 2992/5404/1720 2998/5400/1720 2999/5399/1720
f 2992/5404/1721 2991/5405/1721 2997/5401/1721 2998/5400/1721
f 2991/5360/374 2990/5360/374 2996/5360/374 2997/5360/374
f 2990/5406/1722 2988/5236/1644 2994/5239/1644 2996/5402/1722
f 2983/5339/1723 2987/5407/1723 2993/5403/1723 2989/5337/1723
f 2987/5407/1724 2986/5408/1724 2992/5404/1724 2993/5403/1724
f 2986/5408/1725 2985/5409/1725 2991/5405/1725 2992/5404/1725
f 2985/5360/374 2984/5360/374 2990/5360/374 2991/5360/374
f 2984/5410/1726 2982/5237/1643 2988/5236/1643 2990/5406/1726
f 2977/5341/1727 2981/5411/1727 2987/5412/1727 2983/5342/1727
f 2981/5411/1728 2980/5413/1728 2986/5414/1728 2987/5412/1728
f 2980/5413/1729 2979/5415/1729 2985/5416/1729 2986/5414/1729
f 2979/5360/374 2978/5360/374 2984/5360/374 2985/5360/374
f 2978/5417/1642 2976/5231/1642 2982/5233/1642 2984/5418/1642
f 2971/5345/1730 2975/5419/1730 2981/5411/1730 2977/5341/1730
f 2975/5419/1731 2974/5420/1731 2980/5413/1731 2981/5411/1731
f 2974/5420/1732 2973/5421/1732 2979/5415/1732 2980/5413/1732
f 2973/5360/374 2972/5360/374 2978/5360/374 2979/5360/374
f 2972/5422/1733 2970/5228/1641 2976/5231/1641 2978/5417/1733
f 2965/5347/1734 2969/5423/1734 2975/5419/1734 2971/5345/1734
f 2969/5423/1735 2968/5424/1735 2974/5420/1735 2975/5419/1735
f 2968/5424/1736 2967/5425/1736 2973/5421/1736 2974/5420/1736
f 2967/5360/374 2966/5360/374 2972/5360/374 2973/5360/374
f 2966/5426/1737 2964/5229/1640 2970/5228/1640 2972/5422/1737
f 2959/5349/1738 2963/5427/1738 2969/5423/1738 2965/5347/1738
f 2963/5427/1739 2962/5428/1739 2968/5424/1739 2969/5423/1739
f 2962/5428/1740 2961/5429/1740 2967/5425/1740 2968/5424/1740
f 2961/5360/374 2960/5360/374 2966/5360/374 2967/5360/374
f 2960/5430/1674 2958/5277/1674 2964/5229/1674 2966/5426/1674
f 2952/5351/1741 2954/5431/1741 2963/5427/1741 2959/5349/1741
f 2954/5431/1742 2955/5432/1742 2962/5428/1742 2963/5427/1742
f 2955/5432/1743 2956/5433/1743 2961/5429/1743 2962/5428/1743
f 2956/5360/374 2957/5360/374 2960/5360/374 2961/5360/374
f 2957/5434/1655 2953/5278/1655 2958/5277/1655 2960/5430/1655
f 3043/5316/1744 2952/5355/1744 2889/5435/1744 2919/5317/1744
f 3055/5436/374 3083/5436/374 3093/5436/374 3054/5436/374
f 2941/5274/374 3080/5274/374 3064/5274/374 2940/5274/374
f 3056/5436/374 3067/5436/374 3083/5436/374 3055/5436/374
f 2938/5274/374 3088/5274/374 3072/5274/374 2937/5274/374
f 2936/5274/374 3073/5274/374 3078/5274/374 2951/5274/374
f 3057/5436/374 3094/5436/374 3067/5436/374 3056/5436/374
f 2949/5274/374 3070/5274/374 3077/5274/374 2948/5274/374
f 3058/5436/374 3081/5436/374 3094/5436/374 3057/5436/374
f 2946/5274/374 3068/5274/374 3076/5274/374 2945/5274/374
f 3059/5436/374 3065/5436/374 3081/5436/374 3058/5436/374
f 3060/5436/374 3095/5436/374 3065/5436/374 3059/5436/374
f 2943/5274/374 3066/5274/374 3075/5274/374 2942/5274/374
f 3061/5436/374 3090/5436/374 3095/5436/374 3060/5436/374
f 2940/5274/374 3064/5274/374 3074/5274/374 2939/5274/374
f 3048/5436/374 3091/5436/374 3089/5436/374 3063/5436/374
f 2918/5437/1657 2888/5438/1657 3063/5439/1657 3062/5440/1657
f 2916/5441/1658 2918/5437/1658 3062/5440/1658 3061/5442/1658
f 2914/5443/1745 2916/5441/1745 3061/5442/1745 3060/5444/1745
f 2912/5445/1746 2914/5446/1746 3060/5447/1746 3059/5448/1746
f 2910/5449/1747 2912/5445/1747 3059/5448/1747 3058/5450/1747
f 2908/5451/1662 2910/5449/1662 3058/5450/1662 3057/5452/1662
f 2906/5453/1663 2908/5454/1663 3057/5455/1663 3056/5456/1663
f 2904/5457/1664 2906/5453/1664 3056/5456/1664 3055/5458/1664
f 2902/5459/1665 2904/5457/1665 3055/5458/1665 3054/5460/1665
f 2900/5461/1666 2902/5459/1666 3054/5460/1666 3053/5462/1666
f 2898/5463/1748 2900/5461/1748 3053/5462/1748 3052/5464/1748
f 2896/5465/1668 2898/5466/1668 3052/5467/1668 3051/5468/1668
f 2894/5469/1749 2896/5465/1749 3051/5468/1749 3050/5470/1749
f 2892/5471/1750 2894/5469/1750 3050/5470/1750 3049/5472/1750
f 2890/5473/1751 2892/5471/1751 3049/5472/1751 3048/5474/1751
f 2888/5475/1752 2890/5473/1752 3048/5474/1752 3063/5476/1752
f 3089/5477/1753 3091/5478/1753 3162/5479/1754 3151/5480/1754
f 3150/5481/1755 3163/5482/1755 3078/5483/1755 3073/5484/1755
f 3090/5485/1756 3079/5486/1756 3120/5487/1757 3156/5488/1757
f 3071/5489/1758 3092/5490/1758 3168/5491/1758 3114/5492/1758
f 3091/5478/1759 3087/5493/1759 3144/5494/1759 3162/5479/1759
f 3087/5493/1760 3071/5489/1760 3114/5492/1760 3144/5494/1760
f 3069/5495/1761 3093/5496/1761 3174/5497/1761 3108/5498/1761
f 3092/5490/1762 3085/5499/1762 3138/5500/1762 3168/5491/1762
f 3085/5501/1763 3069/5495/1763 3108/5498/1764 3138/5502/1764
f 3067/5503/1765 3094/5504/1765 3180/5505/1765 3102/5506/1765
f 3093/5496/1766 3083/5507/1766 3132/5508/1767 3174/5497/1767
f 3083/5507/1768 3067/5503/1768 3102/5506/1768 3132/5508/1768
f 3065/5509/1769 3095/5510/1769 3186/5511/1770 3096/5512/1770
f 3094/5513/1771 3081/5514/1771 3126/5515/1772 3180/5516/1772
f 3079/5486/1773 3089/5517/1773 3151/5518/1773 3120/5487/1773
f 3054/5436/374 3093/5436/374 3069/5436/374 3053/5436/374
f 2947/5274/374 3084/5274/374 3068/5274/374 2946/5274/374
f 2951/5274/374 3078/5274/374 3086/5274/374 2950/5274/374
f 3053/5436/374 3069/5436/374 3085/5436/374 3052/5436/374
f 2950/5274/374 3086/5274/374 3070/5274/374 2949/5274/374
f 2948/5274/374 3077/5274/374 3084/5274/374 2947/5274/374
f 3052/5436/374 3085/5436/374 3092/5436/374 3051/5436/374
f 2945/5274/374 3076/5274/374 3082/5274/374 2944/5274/374
f 3051/5436/374 3092/5436/374 3071/5436/374 3050/5436/374
f 2942/5274/374 3075/5274/374 3080/5274/374 2941/5274/374
f 3050/5436/374 3071/5436/374 3087/5436/374 3049/5436/374
f 3063/5436/374 3089/5436/374 3079/5436/374 3062/5436/374
f 2939/5274/374 3074/5274/374 3088/5274/374 2938/5274/374
f 3049/5436/374 3087/5436/374 3091/5436/374 3048/5436/374
f 3062/5436/374 3079/5436/374 3090/5436/374 3061/5436/374
f 2937/5274/374 3072/5274/374 3073/5274/374 2936/5274/374
f 3157/5519/1774 3121/5520/1774 3072/5521/1774 3088/5522/1774
f 3121/5520/1775 3150/5523/1775 3073/5524/1775 3072/5521/1775
f 3187/5525/1776 3157/5519/1776 3088/5522/1776 3074/5526/1776
f 3127/5527/1777 3097/5528/1777 3064/5529/1777 3080/5530/1777
f 3097/5528/1778 3187/5531/1778 3074/5532/1778 3064/5529/1778
f 3181/5533/1779 3127/5527/1779 3080/5530/1779 3075/5534/1779
f 3133/5535/1780 3103/5536/1780 3066/5537/1780 3082/5538/1780
f 3103/5536/1781 3181/5539/1781 3075/5540/1781 3066/5537/1781
f 3175/5541/1782 3133/5535/1782 3082/5538/1782 3076/5542/1782
f 3139/5543/1783 3109/5544/1783 3068/5545/1783 3084/5546/1783
f 3109/5544/1784 3175/5541/1784 3076/5542/1784 3068/5545/1784
f 3169/5547/1785 3139/5548/1785 3084/5549/1785 3077/5550/1785
f 3145/5551/1786 3115/5552/1786 3070/5553/1786 3086/5554/1786
f 3115/5552/1787 3169/5547/1787 3077/5550/1787 3070/5553/1787
f 3163/5482/1788 3145/5551/1788 3086/5554/1788 3078/5483/1788
f 3095/5555/1789 3090/5485/1789 3156/5488/1789 3186/5556/1789
f 3121/5520/1790 3125/5557/1790 3152/5558/1790 3150/5523/1790
f 3125/5557/1791 3124/5559/1791 3153/5560/1791 3152/5558/1791
f 3124/5559/1792 3123/5561/1792 3154/5562/1792 3153/5560/1792
f 3123/5563/374 3122/5563/374 3155/5563/374 3154/5563/374
f 3122/5564/1773 3120/5487/1773 3151/5518/1773 3155/5565/1773
f 3157/5519/1793 3161/5566/1793 3125/5557/1793 3121/5520/1793
f 3161/5566/1794 3160/5567/1794 3124/5559/1794 3125/5557/1794
f 3160/5567/1795 3159/5568/1795 3123/5561/1795 3124/5559/1795
f 3159/5563/374 3158/5563/374 3122/5563/374 3123/5563/374
f 3158/5569/1757 3156/5488/1757 3120/5487/1757 3122/5564/1757
f 3187/5525/1796 3191/5570/1796 3161/5566/1796 3157/5519/1796
f 3191/5570/1797 3190/5571/1797 3160/5567/1797 3161/5566/1797
f 3190/5571/1798 3189/5572/1798 3159/5568/1798 3160/5567/1798
f 3189/5563/374 3188/5563/374 3158/5563/374 3159/5563/374
f 3188/5573/1789 3186/5556/1789 3156/5488/1789 3158/5569/1789
f 3097/5528/1799 3101/5574/1799 3191/5575/1799 3187/5531/1799
f 3101/5574/1800 3100/5576/1800 3190/5577/1800 3191/5575/1800
f 3100/5576/1801 3099/5578/1801 3189/5579/1801 3190/5577/1801
f 3099/5563/374 3098/5563/374 3188/5563/374 3189/5563/374
f 3098/5580/1770 3096/5512/1770 3186/5511/1770 3188/5581/1770
f 3127/5527/1802 3131/5582/1802 3101/5574/1802 3097/5528/1802
f 3131/5582/1803 3130/5583/1803 3100/5576/1803 3101/5574/1803
f 3130/5583/1804 3129/5584/1804 3099/5578/1804 3100/5576/1804
f 3129/5563/374 3128/5563/374 3098/5563/374 3099/5563/374
f 3128/5585/1805 3126/5515/1805 3096/5512/1805 3098/5580/1805
f 3181/5533/1806 3185/5586/1806 3131/5582/1806 3127/5527/1806
f 3185/5586/1807 3184/5587/1807 3130/5583/1807 3131/5582/1807
f 3184/5587/1808 3183/5588/1808 3129/5584/1808 3130/5583/1808
f 3183/5563/374 3182/5563/374 3128/5563/374 3129/5563/374
f 3182/5589/1809 3180/5516/1772 3126/5515/1772 3128/5585/1809
f 3103/5536/1810 3107/5590/1810 3185/5591/1810 3181/5539/1810
f 3107/5590/1811 3106/5592/1811 3184/5593/1811 3185/5591/1811
f 3106/5592/1812 3105/5594/1812 3183/5595/1812 3184/5593/1812
f 3105/5563/374 3104/5563/374 3182/5563/374 3183/5563/374
f 3104/5596/1813 3102/5506/1765 3180/5505/1765 3182/5597/1813
f 3133/5535/1814 3137/5598/1814 3107/5590/1814 3103/5536/1814
f 3137/5598/1815 3136/5599/1815 3106/5592/1815 3107/5590/1815
f 3136/5599/1816 3135/5600/1816 3105/5594/1816 3106/5592/1816
f 3135/5563/374 3134/5563/374 3104/5563/374 3105/5563/374
f 3134/5601/1768 3132/5508/1768 3102/5506/1768 3104/5596/1768
f 3175/5541/1817 3179/5602/1817 3137/5598/1817 3133/5535/1817
f 3179/5602/1818 3178/5603/1818 3136/5599/1818 3137/5598/1818
f 3178/5603/1819 3177/5604/1819 3135/5600/1819 3136/5599/1819
f 3177/5563/374 3176/5563/374 3134/5563/374 3135/5563/374
f 3176/5605/1767 3174/5497/1767 3132/5508/1767 3134/5601/1767
f 3109/5544/1820 3113/5606/1820 3179/5602/1820 3175/5541/1820
f 3113/5606/1821 3112/5607/1821 3178/5603/1821 3179/5602/1821
f 3112/5607/1822 3111/5608/1822 3177/5604/1822 3178/5603/1822
f 3111/5563/374 3110/5563/374 3176/5563/374 3177/5563/374
f 3110/5609/1761 3108/5498/1761 3174/5497/1761 3176/5605/1761
f 3139/5543/1823 3143/5610/1823 3113/5606/1823 3109/5544/1823
f 3143/5610/1824 3142/5611/1824 3112/5607/1824 3113/5606/1824
f 3142/5611/1825 3141/5612/1825 3111/5608/1825 3112/5607/1825
f 3141/5563/374 3140/5563/374 3110/5563/374 3111/5563/374
f 3140/5613/1826 3138/5502/1764 3108/5498/1764 3110/5609/1826
f 3169/5547/1827 3173/5614/1827 3143/5615/1827 3139/5548/1827
f 3173/5614/1828 3172/5616/1828 3142/5617/1828 3143/5615/1828
f 3172/5616/1829 3171/5618/1829 3141/5619/1829 3142/5617/1829
f 3171/5563/374 3170/5563/374 3140/5563/374 3141/5563/374
f 3170/5620/1830 3168/5491/1762 3138/5500/1762 3140/5621/1830
f 3115/5552/1831 3119/5622/1831 3173/5614/1831 3169/5547/1831
f 3119/5622/1832 3118/5623/1832 3172/5616/1832 3173/5614/1832
f 3118/5623/1833 3117/5624/1833 3171/5618/1833 3172/5616/1833
f 3117/5563/374 3116/5563/374 3170/5563/374 3171/5563/374
f 3116/5625/1758 3114/5492/1758 3168/5491/1758 3170/5620/1758
f 3145/5551/1834 3149/5626/1834 3119/5622/1834 3115/5552/1834
f 3149/5626/1835 3148/5627/1835 3118/5623/1835 3119/5622/1835
f 3148/5627/1836 3147/5628/1836 3117/5624/1836 3118/5623/1836
f 3147/5563/374 3146/5563/374 3116/5563/374 3117/5563/374
f 3146/5629/1837 3144/5494/1760 3114/5492/1760 3116/5625/1837
f 3163/5482/1838 3167/5630/1838 3149/5626/1838 3145/5551/1838
f 3167/5630/1839 3166/5631/1839 3148/5627/1839 3149/5626/1839
f 3166/5631/1840 3165/5632/1840 3147/5628/1840 3148/5627/1840
f 3165/5563/374 3164/5563/374 3146/5563/374 3147/5563/374
f 3164/5633/1841 3162/5479/1759 3144/5494/1759 3146/5629/1841
f 3150/5481/1842 3152/5634/1842 3167/5630/1842 3163/5482/1842
f 3152/5634/1843 3153/5635/1843 3166/5631/1843 3167/5630/1843
f 3153/5635/1844 3154/5636/1844 3165/5632/1844 3166/5631/1844
f 3154/5563/374 3155/5563/374 3164/5563/374 3165/5563/374
f 3155/5637/1754 3151/5480/1754 3162/5479/1754 3164/5633/1754
f 3081/5514/1845 3065/5509/1845 3096/5512/1805 3126/5515/1805
f 3239/5638/1846 3224/5639/1846 3257/5640/1846 3346/5641/1846
f 3226/5642/1847 3227/5643/1847 3274/5644/1847 3268/5645/1847
f 3227/5643/1848 3228/5646/1848 3280/5647/1848 3274/5644/1848
f 3228/5646/1849 3229/5648/1849 3286/5649/1850 3280/5647/1850
f 3229/5650/1851 3230/5651/1851 3292/5652/1851 3286/5653/1851
f 3230/5651/1852 3231/5654/1852 3298/5655/1852 3292/5652/1852
f 3231/5654/1853 3232/5656/1853 3304/5657/1854 3298/5655/1854
f 3232/5656/1855 3233/5658/1855 3310/5659/1855 3304/5657/1855
f 3233/5658/1856 3234/5660/1856 3316/5661/1856 3310/5659/1856
f 3234/5662/1857 3235/5663/1857 3322/5664/1857 3316/5665/1857
f 3235/5663/1858 3236/5666/1858 3328/5667/1858 3322/5664/1858
f 3236/5666/1859 3237/5668/1859 3334/5669/1860 3328/5667/1860
f 3237/5670/1861 3238/5671/1861 3340/5672/1861 3334/5673/1861
f 3238/5674/1862 3239/5638/1862 3346/5641/1863 3340/5675/1863
f 3195/5676/1864 3197/5677/1864 3199/5678/1864 3201/5679/1864 3203/5680/1864 3205/5681/1864 3207/5682/1864 3209/5683/1864 3211/5684/1864 3213/5685/1864 3215/5686/1864 3217/5687/1864 3219/5688/1864 3221/5689/1864 3223/5690/1864 3193/5691/1864
f 3248/5692/374 3386/5692/374 3370/5692/374 3247/5692/374
f 3224/5639/1865 3225/5693/1865 3262/5694/1865 3257/5640/1865
f 3192/5695/1866 3222/5696/1866 3220/5697/1866 3218/5698/1866 3216/5699/1866 3214/5700/1866 3212/5701/1866 3210/5702/1866 3208/5703/1866 3206/5704/1866 3204/5705/1866 3202/5706/1866 3200/5707/1866 3198/5708/1866 3196/5709/1866 3194/5710/1866
f 3241/5711/1867 3240/5712/1867 3224/5713/1867 3239/5714/1867
f 3242/5715/1868 3241/5711/1868 3239/5714/1868 3238/5671/1868
f 3243/5716/1869 3242/5715/1869 3238/5671/1869 3237/5670/1869
f 3244/5717/1870 3243/5718/1870 3237/5668/1870 3236/5666/1870
f 3245/5719/1871 3244/5717/1871 3236/5666/1871 3235/5663/1871
f 3246/5720/1872 3245/5719/1872 3235/5663/1872 3234/5662/1872
f 3247/5721/1873 3246/5720/1873 3234/5662/1873 3233/5722/1873
f 3248/5723/1874 3247/5724/1874 3233/5658/1874 3232/5656/1874
f 3249/5725/1875 3248/5723/1875 3232/5656/1875 3231/5654/1875
f 3250/5726/1876 3249/5725/1876 3231/5654/1876 3230/5651/1876
f 3251/5727/1877 3250/5726/1877 3230/5651/1877 3229/5650/1877
f 3252/5728/1878 3251/5729/1878 3229/5648/1878 3228/5646/1878
f 3253/5730/1879 3252/5728/1879 3228/5646/1879 3227/5643/1879
f 3254/5731/1880 3253/5730/1880 3227/5643/1880 3226/5642/1880
f 3255/5732/1881 3254/5731/1881 3226/5642/1881 3225/5733/1881
f 3240/5734/1882 3255/5732/1882 3225/5733/1882 3224/5735/1882
f 3225/5693/1883 3226/5736/1883 3268/5737/1883 3262/5694/1883
f 3341/5738/1884 3347/5739/1884 3223/5740/1884 3221/5741/1884
f 3335/5742/1885 3341/5738/1885 3221/5741/1885 3219/5743/1885
f 3329/5744/1886 3335/5745/1886 3219/5746/1886 3217/5747/1886
f 3323/5748/1887 3329/5744/1887 3217/5747/1887 3215/5749/1887
f 3317/5750/1888 3323/5748/1888 3215/5749/1888 3213/5751/1888
f 3311/5752/1889 3317/5753/1889 3213/5685/1889 3211/5684/1889
f 3305/5754/1890 3311/5752/1890 3211/5684/1890 3209/5683/1890
f 3299/5755/1891 3305/5754/1891 3209/5683/1891 3207/5682/1891
f 3293/5756/1892 3299/5755/1892 3207/5682/1892 3205/5681/1892
f 3287/5757/1893 3293/5756/1893 3205/5681/1893 3203/5680/1893
f 3281/5758/1894 3287/5759/1894 3203/5760/1894 3201/5761/1894
f 3275/5762/1895 3281/5758/1895 3201/5761/1895 3199/5763/1895
f 3269/5764/1896 3275/5762/1896 3199/5763/1896 3197/5765/1896
f 3263/5766/1897 3269/5764/1897 3197/5765/1897 3195/5767/1897
f 3256/5768/1898 3263/5766/1898 3195/5767/1898 3193/5769/1898
f 3347/5739/1899 3351/5770/1899 3258/5771/1899 3256/5772/1899
f 3351/5770/1900 3350/5773/1900 3259/5774/1900 3258/5771/1900
f 3350/5775/1901 3349/5776/1901 3260/5777/1901 3259/5778/1901
f 3349/5779/374 3348/5779/374 3261/5779/374 3260/5779/374
f 3348/5780/1846 3346/5641/1846 3257/5640/1846 3261/5781/1846
f 3341/5738/1902 3345/5782/1902 3351/5770/1902 3347/5739/1902
f 3345/5782/1903 3344/5783/1903 3350/5773/1903 3351/5770/1903
f 3344/5783/1904 3343/5784/1904 3349/5785/1904 3350/5773/1904
f 3343/5779/374 3342/5779/374 3348/5779/374 3349/5779/374
f 3342/5786/1863 3340/5675/1863 3346/5641/1863 3348/5780/1863
f 3335/5742/1905 3339/5787/1905 3345/5782/1905 3341/5738/1905
f 3339/5787/1906 3338/5788/1906 3344/5783/1906 3345/5782/1906
f 3338/5788/1907 3337/5789/1907 3343/5784/1907 3344/5783/1907
f 3337/5779/374 3336/5779/374 3342/5779/374 3343/5779/374
f 3336/5790/1908 3334/5673/1861 3340/5672/1861 3342/5791/1908
f 3329/5744/1909 3333/5792/1909 3339/5793/1909 3335/5745/1909
f 3333/5792/1910 3332/5794/1910 3338/5795/1910 3339/5793/1910
f 3332/5794/1911 3331/5796/1911 3337/5797/1911 3338/5795/1911
f 3331/5779/374 3330/5779/374 3336/5779/374 3337/5779/374
f 3330/5798/1860 3328/5667/1860 3334/5669/1860 3336/5799/1860
f 3323/5748/1912 3327/5800/1912 3333/5792/1912 3329/5744/1912
f 3327/5800/1913 3326/5801/1913 3332/5794/1913 3333/5792/1913
f 3326/5801/1914 3325/5802/1914 3331/5796/1914 3332/5794/1914
f 3325/5779/374 3324/5779/374 3330/5779/374 3331/5779/374
f 3324/5803/1858 3322/5664/1858 3328/5667/1858 3330/5798/1858
f 3317/5750/1915 3321/5804/1915 3327/5800/1915 3323/5748/1915
f 3321/5804/1916 3320/5805/1916 3326/5801/1916 3327/5800/1916
f 3320/5805/1917 3319/5806/1917 3325/5802/1917 3326/5801/1917
f 3319/5779/374 3318/5779/374 3324/5779/374 3325/5779/374
f 3318/5807/1857 3316/5665/1857 3322/5664/1857 3324/5803/1857
f 3311/5808/1918 3315/5809/1918 3321/5804/1918 3317/5750/1918
f 3315/5809/1919 3314/5810/1919 3320/5805/1919 3321/5804/1919
f 3314/5811/1920 3313/5812/1920 3319/5813/1920 3320/5814/1920
f 3313/5779/374 3312/5779/374 3318/5779/374 3319/5779/374
f 3312/5815/1921 3310/5659/1856 3316/5661/1856 3318/5816/1921
f 3305/5754/1922 3309/5817/1922 3315/5818/1922 3311/5752/1922
f 3309/5819/1923 3308/5820/1923 3314/5811/1923 3315/5821/1923
f 3308/5820/1924 3307/5822/1924 3313/5812/1924 3314/5811/1924
f 3307/5779/374 3306/5779/374 3312/5779/374 3313/5779/374
f 3306/5823/1855 3304/5657/1855 3310/5659/1855 3312/5815/1855
f 3299/5755/1925 3303/5824/1925 3309/5817/1925 3305/5754/1925
f 3303/5825/1926 3302/5826/1926 3308/5820/1926 3309/5819/1926
f 3302/5826/1927 3301/5827/1927 3307/5822/1927 3308/5820/1927
f 3301/5779/374 3300/5779/374 3306/5779/374 3307/5779/374
f 3300/5828/1854 3298/5655/1854 3304/5657/1854 3306/5823/1854
f 3293/5756/1928 3297/5829/1928 3303/5824/1928 3299/5755/1928
f 3297/5830/1929 3296/5831/1929 3302/5826/1929 3303/5825/1929
f 3296/5831/1930 3295/5832/1930 3301/5827/1930 3302/5826/1930
f 3295/5779/374 3294/5779/374 3300/5779/374 3301/5779/374
f 3294/5833/1852 3292/5652/1852 3298/5655/1852 3300/5828/1852
f 3287/5757/1931 3291/5834/1931 3297/5829/1931 3293/5756/1931
f 3291/5835/1932 3290/5836/1932 3296/5831/1932 3297/5830/1932
f 3290/5836/1933 3289/5837/1933 3295/5832/1933 3296/5831/1933
f 3289/5779/374 3288/5779/374 3294/5779/374 3295/5779/374
f 3288/5838/1851 3286/5653/1851 3292/5652/1851 3294/5833/1851
f 3281/5758/1934 3285/5839/1934 3291/5840/1934 3287/5759/1934
f 3285/5839/1935 3284/5841/1935 3290/5842/1935 3291/5840/1935
f 3284/5841/1936 3283/5843/1936 3289/5844/1936 3290/5842/1936
f 3283/5779/374 3282/5779/374 3288/5779/374 3289/5779/374
f 3282/5845/1850 3280/5647/1850 3286/5649/1850 3288/5846/1850
f 3275/5762/1937 3279/5847/1937 3285/5839/1937 3281/5758/1937
f 3279/5847/1938 3278/5848/1938 3284/5841/1938 3285/5839/1938
f 3278/5848/1939 3277/5849/1939 3283/5843/1939 3284/5841/1939
f 3277/5779/374 3276/5779/374 3282/5779/374 3283/5779/374
f 3276/5850/1848 3274/5644/1848 3280/5647/1848 3282/5845/1848
f 3269/5764/1940 3273/5851/1940 3279/5847/1940 3275/5762/1940
f 3273/5851/1941 3272/5852/1941 3278/5848/1941 3279/5847/1941
f 3272/5852/1942 3271/5853/1942 3277/5849/1942 3278/5848/1942
f 3271/5779/374 3270/5779/374 3276/5779/374 3277/5779/374
f 3270/5854/1847 3268/5645/1847 3274/5644/1847 3276/5850/1847
f 3263/5766/1943 3267/5855/1943 3273/5851/1943 3269/5764/1943
f 3267/5855/1944 3266/5856/1944 3272/5852/1944 3273/5851/1944
f 3266/5856/1945 3265/5857/1945 3271/5853/1945 3272/5852/1945
f 3265/5779/374 3264/5779/374 3270/5779/374 3271/5779/374
f 3264/5858/1946 3262/5694/1883 3268/5737/1883 3270/5859/1946
f 3256/5768/1947 3258/5860/1947 3267/5855/1947 3263/5766/1947
f 3258/5860/1948 3259/5861/1948 3266/5856/1948 3267/5855/1948
f 3259/5778/1949 3260/5777/1949 3265/5862/1949 3266/5863/1949
f 3260/5779/374 3261/5779/374 3264/5779/374 3265/5779/374
f 3261/5781/1865 3257/5640/1865 3262/5694/1865 3264/5858/1865
f 3347/5739/1950 3256/5772/1950 3193/5864/1950 3223/5740/1950
f 3359/5865/374 3387/5865/374 3397/5865/374 3358/5865/374
f 3245/5692/374 3384/5692/374 3368/5692/374 3244/5692/374
f 3360/5865/374 3371/5865/374 3387/5865/374 3359/5865/374
f 3242/5692/374 3392/5692/374 3376/5692/374 3241/5692/374
f 3240/5692/374 3377/5692/374 3382/5692/374 3255/5692/374
f 3361/5865/374 3398/5865/374 3371/5865/374 3360/5865/374
f 3253/5692/374 3374/5692/374 3381/5692/374 3252/5692/374
f 3362/5865/374 3385/5865/374 3398/5865/374 3361/5865/374
f 3250/5692/374 3372/5692/374 3380/5692/374 3249/5692/374
f 3363/5865/374 3369/5865/374 3385/5865/374 3362/5865/374
f 3364/5865/374 3399/5865/374 3369/5865/374 3363/5865/374
f 3247/5692/374 3370/5692/374 3379/5692/374 3246/5692/374
f 3365/5865/374 3394/5865/374 3399/5865/374 3364/5865/374
f 3244/5692/374 3368/5692/374 3378/5692/374 3243/5692/374
f 3352/5865/374 3395/5865/374 3393/5865/374 3367/5865/374
f 3222/5866/1867 3192/5867/1867 3367/5868/1867 3366/5869/1867
f 3220/5870/1951 3222/5866/1951 3366/5869/1951 3365/5871/1951
f 3218/5872/1952 3220/5870/1952 3365/5871/1952 3364/5873/1952
f 3216/5874/1953 3218/5875/1953 3364/5876/1953 3363/5877/1953
f 3214/5878/1954 3216/5874/1954 3363/5877/1954 3362/5879/1954
f 3212/5880/1955 3214/5878/1955 3362/5879/1955 3361/5881/1955
f 3210/5882/1956 3212/5880/1956 3361/5881/1956 3360/5883/1956
f 3208/5884/1874 3210/5885/1874 3360/5886/1874 3359/5887/1874
f 3206/5888/1875 3208/5884/1875 3359/5887/1875 3358/5889/1875
f 3204/5890/1876 3206/5888/1876 3358/5889/1876 3357/5891/1876
f 3202/5892/1957 3204/5890/1957 3357/5891/1957 3356/5893/1957
f 3200/5894/1878 3202/5895/1878 3356/5896/1878 3355/5897/1878
f 3198/5898/1958 3200/5894/1958 3355/5897/1958 3354/5899/1958
f 3196/5900/1959 3198/5898/1959 3354/5899/1959 3353/5901/1959
f 3194/5902/1881 3196/5900/1881 3353/5901/1881 3352/5903/1881
f 3192/5904/1882 3194/5902/1882 3352/5903/1882 3367/5905/1882
f 3393/5906/1960 3395/5907/1960 3466/5908/1961 3455/5909/1961
f 3454/5910/1962 3467/5911/1962 3382/5912/1962 3377/5913/1962
f 3394/5914/1963 3383/5915/1963 3424/5916/1963 3460/5917/1963
f 3375/5918/1964 3396/5919/1964 3472/5920/1964 3418/5921/1964
f 3395/5907/1965 3391/5922/1965 3448/5923/1965 3466/5908/1965
f 3391/5924/1966 3375/5918/1966 3418/5921/1967 3448/5925/1967
f 3373/5926/1968 3397/5927/1968 3478/5928/1969 3412/5929/1969
f 3396/5919/1970 3389/5930/1970 3442/5931/1970 3472/5920/1970
f 3389/5932/1971 3373/5926/1971 3412/5929/1971 3442/5933/1971
f 3371/5934/1972 3398/5935/1972 3484/5936/1973 3406/5937/1973
f 3397/5927/1974 3387/5938/1974 3436/5939/1974 3478/5928/1974
f 3387/5938/1975 3371/5934/1975 3406/5937/1975 3436/5939/1975
f 3369/5940/1976 3399/5941/1976 3490/5942/1977 3400/5943/1977
f 3398/5944/1978 3385/5945/1978 3430/5946/1978 3484/5947/1978
f 3383/5915/1979 3393/5906/1979 3455/5909/1979 3424/5916/1979
f 3358/5865/374 3397/5865/374 3373/5865/374 3357/5865/374
f 3251/5692/374 3388/5692/374 3372/5692/374 3250/5692/374
f 3255/5692/374 3382/5692/374 3390/5692/374 3254/5692/374
f 3357/5865/374 3373/5865/374 3389/5865/374 3356/5865/374
f 3254/5692/374 3390/5692/374 3374/5692/374 3253/5692/374
f 3252/5692/374 3381/5692/374 3388/5692/374 3251/5692/374
f 3356/5865/374 3389/5865/374 3396/5865/374 3355/5865/374
f 3249/5692/374 3380/5692/374 3386/5692/374 3248/5692/374
f 3355/5865/374 3396/5865/374 3375/5865/374 3354/5865/374
f 3246/5692/374 3379/5692/374 3384/5692/374 3245/5692/374
f 3354/5865/374 3375/5865/374 3391/5865/374 3353/5865/374
f 3367/5865/374 3393/5865/374 3383/5865/374 3366/5865/374
f 3243/5692/374 3378/5692/374 3392/5692/374 3242/5692/374
f 3353/5865/374 3391/5865/374 3395/5865/374 3352/5865/374
f 3366/5865/374 3383/5865/374 3394/5865/374 3365/5865/374
f 3241/5692/374 3376/5692/374 3377/5692/374 3240/5692/374
f 3461/5948/1980 3425/5949/1980 3376/5950/1980 3392/5951/1980
f 3425/5949/1981 3454/5910/1981 3377/5913/1981 3376/5950/1981
f 3491/5952/1982 3461/5948/1982 3392/5951/1982 3378/5953/1982
f 3431/5954/1983 3401/5955/1983 3368/5956/1983 3384/5957/1983
f 3401/5958/1984 3491/5952/1984 3378/5953/1984 3368/5959/1984
f 3485/5960/1985 3431/5954/1985 3384/5957/1985 3379/5961/1985
f 3437/5962/1986 3407/5963/1986 3370/5964/1986 3386/5965/1986
f 3407/5963/1987 3485/5966/1987 3379/5967/1987 3370/5964/1987
f 3479/5968/1988 3437/5962/1988 3386/5965/1988 3380/5969/1988
f 3443/5970/1989 3413/5971/1989 3372/5972/1989 3388/5973/1989
f 3413/5971/1990 3479/5968/1990 3380/5969/1990 3372/5972/1990
f 3473/5974/1991 3443/5975/1991 3388/5976/1991 3381/5977/1991
f 3449/5978/1992 3419/5979/1992 3374/5980/1992 3390/5981/1992
f 3419/5979/1993 3473/5974/1993 3381/5977/1993 3374/5980/1993
f 3467/5982/1994 3449/5978/1994 3390/5981/1994 3382/5983/1994
f 3399/5984/1995 3394/5914/1995 3460/5917/1996 3490/5985/1996
f 3425/5949/1997 3429/5986/1997 3456/5987/1997 3454/5910/1997
f 3429/5986/1998 3428/5988/1998 3457/5989/1998 3456/5987/1998
f 3428/5990/1999 3427/5991/1999 3458/5992/1999 3457/5993/1999
f 3427/5994/374 3426/5994/374 3459/5994/374 3458/5994/374
f 3426/5995/2000 3424/5916/1979 3455/5909/1979 3459/5996/2000
f 3461/5948/2001 3465/5997/2001 3429/5986/2001 3425/5949/2001
f 3465/5997/2002 3464/5998/2002 3428/5988/2002 3429/5986/2002
f 3464/5998/2003 3463/5999/2003 3427/6000/2003 3428/5988/2003
f 3463/5994/374 3462/5994/374 3426/5994/374 3427/5994/374
f 3462/6001/1963 3460/5917/1963 3424/5916/1963 3426/5995/1963
f 3491/5952/2004 3495/6002/2004 3465/5997/2004 3461/5948/2004
f 3495/6002/2005 3494/6003/2005 3464/5998/2005 3465/5997/2005
f 3494/6003/2006 3493/6004/2006 3463/5999/2006 3464/5998/2006
f 3493/5994/374 3492/5994/374 3462/5994/374 3463/5994/374
f 3492/6005/1996 3490/5985/1996 3460/5917/1996 3462/6001/1996
f 3401/5955/2007 3405/6006/2007 3495/6007/2007 3491/6008/2007
f 3405/6006/2008 3404/6009/2008 3494/6010/2008 3495/6007/2008
f 3404/6009/2009 3403/6011/2009 3493/6012/2009 3494/6010/2009
f 3403/5994/374 3402/5994/374 3492/5994/374 3493/5994/374
f 3402/6013/2010 3400/5943/1977 3490/5942/1977 3492/6014/2010
f 3431/5954/2011 3435/6015/2011 3405/6006/2011 3401/5955/2011
f 3435/6015/2012 3434/6016/2012 3404/6009/2012 3405/6006/2012
f 3434/6016/2013 3433/6017/2013 3403/6011/2013 3404/6009/2013
f 3433/5994/374 3432/5994/374 3402/5994/374 3403/5994/374
f 3432/6018/2014 3430/5946/2014 3400/5943/2014 3402/6013/2014
f 3485/5960/2015 3489/6019/2015 3435/6015/2015 3431/5954/2015
f 3489/6019/2016 3488/6020/2016 3434/6016/2016 3435/6015/2016
f 3488/6020/2017 3487/6021/2017 3433/6017/2017 3434/6016/2017
f 3487/5994/374 3486/5994/374 3432/5994/374 3433/5994/374
f 3486/6022/2018 3484/5947/1978 3430/5946/1978 3432/6018/2018
f 3407/5963/2019 3411/6023/2019 3489/6024/2019 3485/5966/2019
f 3411/6025/2020 3410/6026/2020 3488/6020/2020 3489/6019/2020
f 3410/6027/2021 3409/6028/2021 3487/6029/2021 3488/6030/2021
f 3409/5994/374 3408/5994/374 3486/5994/374 3487/5994/374
f 3408/6031/1973 3406/5937/1973 3484/5936/1973 3486/6032/1973
f 3437/5962/2022 3441/6033/2022 3411/6023/2022 3407/5963/2022
f 3441/6034/2023 3440/6035/2023 3410/6027/2023 3411/6036/2023
f 3440/6035/2024 3439/6037/2024 3409/6028/2024 3410/6027/2024
f 3439/5994/374 3438/5994/374 3408/5994/374 3409/5994/374
f 3438/6038/1975 3436/5939/1975 3406/5937/1975 3408/6031/1975
f 3479/5968/2025 3483/6039/2025 3441/6033/2025 3437/5962/2025
f 3483/6040/2026 3482/6041/2026 3440/6035/2026 3441/6034/2026
f 3482/6041/2027 3481/6042/2027 3439/6037/2027 3440/6035/2027
f 3481/5994/374 3480/5994/374 3438/5994/374 3439/5994/374
f 3480/6043/1974 3478/5928/1974 3436/5939/1974 3438/6038/1974
f 3413/5971/2028 3417/6044/2028 3483/6039/2028 3479/5968/2028
f 3417/6045/2029 3416/6046/2029 3482/6041/2029 3483/6040/2029
f 3416/6046/2030 3415/6047/2030 3481/6042/2030 3482/6041/2030
f 3415/5994/374 3414/5994/374 3480/5994/374 3481/5994/374
f 3414/6048/2031 3412/5929/1969 3478/5928/1969 3480/6043/2031
f 3443/5970/2032 3447/6049/2032 3417/6044/2032 3413/5971/2032
f 3447/6050/2033 3446/6051/2033 3416/6046/2033 3417/6045/2033
f 3446/6051/2034 3445/6052/2034 3415/6047/2034 3416/6046/2034
f 3445/5994/374 3444/5994/374 3414/5994/374 3415/5994/374
f 3444/6053/1971 3442/5933/1971 3412/5929/1971 3414/6048/1971
f 3473/5974/2035 3477/6054/2035 3447/6055/2035 3443/5975/2035
f 3477/6054/2036 3476/6056/2036 3446/6057/2036 3447/6055/2036
f 3476/6056/2037 3475/6058/2037 3445/6059/2037 3446/6057/2037
f 3475/5994/374 3474/5994/374 3444/5994/374 3445/5994/374
f 3474/6060/2038 3472/5920/1970 3442/5931/1970 3444/6061/2038
f 3419/5979/2039 3423/6062/2039 3477/6054/2039 3473/5974/2039
f 3423/6062/2040 3422/6063/2040 3476/6056/2040 3477/6054/2040
f 3422/6063/2041 3421/6064/2041 3475/6058/2041 3476/6056/2041
f 3421/5994/374 3420/5994/374 3474/5994/374 3475/5994/374
f 3420/6065/1964 3418/5921/1964 3472/5920/1964 3474/6060/1964
f 3449/5978/2042 3453/6066/2042 3423/6062/2042 3419/5979/2042
f 3453/6066/2043 3452/6067/2043 3422/6063/2043 3423/6062/2043
f 3452/6067/2044 3451/6068/2044 3421/6064/2044 3422/6063/2044
f 3451/5994/374 3450/5994/374 3420/5994/374 3421/5994/374
f 3450/6069/1967 3448/5925/1967 3418/5921/1967 3420/6065/1967
f 3467/5982/2045 3471/6070/2045 3453/6066/2045 3449/5978/2045
f 3471/6070/2046 3470/6071/2046 3452/6067/2046 3453/6066/2046
f 3470/6071/2047 3469/6072/2047 3451/6068/2047 3452/6067/2047
f 3469/5994/374 3468/5994/374 3450/5994/374 3451/5994/374
f 3468/6073/1965 3466/5908/1965 3448/5923/1965 3450/6074/1965
f 3454/6075/2048 3456/6076/2048 3471/6070/2048 3467/5982/2048
f 3456/6076/2049 3457/6077/2049 3470/6071/2049 3471/6070/2049
f 3457/5993/2050 3458/5992/2050 3469/6078/2050 3470/6079/2050
f 3458/5994/374 3459/5994/374 3468/5994/374 3469/5994/374
f 3459/5996/1961 3455/5909/1961 3466/5908/1961 3468/6073/1961
f 3385/5945/2014 3369/5940/2014 3400/5943/2014 3430/5946/2014
f 3543/6080/2051 3528/6081/2051 3561/6082/2051 3650/6083/2051
f 3530/6084/2052 3531/6085/2052 3578/6086/2052 3572/6087/2052
f 3531/6088/2053 3532/6089/2053 3584/6090/2053 3578/6091/2053
f 3532/6089/2054 3533/6092/2054 3590/6093/2054 3584/6090/2054
f 3533/6094/2055 3534/6095/2055 3596/6096/2055 3590/6097/2055
f 3534/6095/2056 3535/6098/2056 3602/6099/2056 3596/6096/2056
f 3535/6098/2057 3536/6100/2057 3608/6101/2057 3602/6099/2057
f 3536/6100/2058 3537/6102/2058 3614/6103/2059 3608/6101/2059
f 3537/6104/2060 3538/6105/2060 3620/6106/2060 3614/6107/2060
f 3538/6105/2061 3539/6108/2061 3626/6109/2061 3620/6106/2061
f 3539/6108/2062 3540/6110/2062 3632/6111/2062 3626/6109/2062
f 3540/6110/2063 3541/6112/2063 3638/6113/2063 3632/6111/2063
f 3541/6112/2064 3542/6114/2064 3644/6115/2064 3638/6113/2064
f 3542/6116/2065 3543/6080/2065 3650/6083/2065 3644/6117/2065
f 3499/6118/2066 3501/6119/2066 3503/6120/2066 3505/6121/2066 3507/6122/2066 3509/6123/2066 3511/6124/2066 3513/6125/2066 3515/6126/2066 3517/6127/2066 3519/6128/2066 3521/6129/2066 3523/6130/2066 3525/6131/2066 3527/6132/2066 3497/6133/2066
f 3552/6134/374 3690/6134/374 3674/6134/374 3551/6134/374
f 3528/6081/2067 3529/6135/2067 3566/6136/2067 3561/6082/2067
f 3496/6137/2068 3526/6138/2068 3524/6139/2068 3522/6140/2068 3520/6141/2068 3518/6142/2068 3516/6143/2068 3514/6144/2068 3512/6145/2068 3510/6146/2068 3508/6147/2068 3506/6148/2068 3504/6149/2068 3502/6150/2068 3500/6151/2068 3498/6152/2068
f 3545/6153/2069 3544/6154/2069 3528/6081/2069 3543/6080/2069
f 3546/6155/2070 3545/6153/2070 3543/6080/2070 3542/6116/2070
f 3547/6156/2071 3546/6157/2071 3542/6114/2071 3541/6112/2071
f 3548/6158/2072 3547/6156/2072 3541/6112/2072 3540/6110/2072
f 3549/6159/2073 3548/6158/2073 3540/6110/2073 3539/6108/2073
f 3550/6160/2074 3549/6159/2074 3539/6108/2074 3538/6105/2074
f 3551/6161/2075 3550/6162/2075 3538/6163/2075 3537/6164/2075
f 3552/6165/2076 3551/6161/2076 3537/6164/2076 3536/6166/2076
f 3553/6167/2077 3552/6165/2077 3536/6166/2077 3535/6168/2077
f 3554/6169/2078 3553/6167/2078 3535/6168/2078 3534/6170/2078
f 3555/6171/2079 3554/6172/2079 3534/6173/2079 3533/6092/2079
f 3556/6174/2080 3555/6171/2080 3533/6092/2080 3532/6089/2080
f 3557/6175/2081 3556/6174/2081 3532/6089/2081 3531/6088/2081
f 3558/6176/2082 3557/6175/2082 3531/6088/2082 3530/6177/2082
f 3559/6178/2083 3558/6179/2083 3530/6084/2083 3529/6135/2083
f 3544/6154/2084 3559/6178/2084 3529/6135/2084 3528/6081/2084
f 3529/6135/2085 3530/6084/2085 3572/6087/2085 3566/6136/2085
f 3645/6180/2086 3651/6181/2086 3527/6132/2086 3525/6131/2086
f 3639/6182/2087 3645/6180/2087 3525/6131/2087 3523/6130/2087
f 3633/6183/2088 3639/6182/2088 3523/6130/2088 3521/6129/2088
f 3627/6184/2089 3633/6185/2089 3521/6186/2089 3519/6187/2089
f 3621/6188/2090 3627/6184/2090 3519/6187/2090 3517/6189/2090
f 3615/6190/2091 3621/6191/2091 3517/6192/2091 3515/6193/2091
f 3609/6194/2092 3615/6190/2092 3515/6193/2092 3513/6195/2092
f 3603/6196/2093 3609/6194/2093 3513/6195/2093 3511/6197/2093
f 3597/6198/2094 3603/6196/2094 3511/6197/2094 3509/6199/2094
f 3591/6200/2095 3597/6201/2095 3509/6202/2095 3507/6203/2095
f 3585/6204/2096 3591/6200/2096 3507/6203/2096 3505/6205/2096
f 3579/6206/2097 3585/6204/2097 3505/6205/2097 3503/6207/2097
f 3573/6208/2098 3579/6206/2098 3503/6207/2098 3501/6209/2098
f 3567/6210/2099 3573/6208/2099 3501/6209/2099 3499/6211/2099
f 3560/6212/2100 3567/6213/2100 3499/6214/2100 3497/6215/2100
f 3651/6216/2101 3655/6217/2101 3562/6218/2101 3560/6212/2101
f 3655/6217/2102 3654/6219/2102 3563/6220/2102 3562/6218/2102
f 3654/6219/2103 3653/6221/2103 3564/6222/2103 3563/6220/2103
f 3653/6223/374 3652/6223/374 3565/6223/374 3564/6223/374
f 3652/6224/2104 3650/6083/2051 3561/6082/2051 3565/6225/2104
f 3645/6180/2105 3649/6226/2105 3655/6227/2105 3651/6181/2105
f 3649/6228/2106 3648/6229/2106 3654/6219/2106 3655/6217/2106
f 3648/6229/2107 3647/6230/2107 3653/6221/2107 3654/6219/2107
f 3647/6223/374 3646/6223/374 3652/6223/374 3653/6223/374
f 3646/6231/2108 3644/6117/2065 3650/6083/2065 3652/6224/2108
f 3639/6182/2109 3643/6232/2109 3649/6226/2109 3645/6180/2109
f 3643/6232/2110 3642/6233/2110 3648/6234/2110 3649/6226/2110
f 3642/6235/2111 3641/6236/2111 3647/6237/2111 3648/6238/2111
f 3641/6223/374 3640/6223/374 3646/6223/374 3647/6223/374
f 3640/6239/2064 3638/6113/2064 3644/6115/2064 3646/6240/2064
f 3633/6183/2112 3637/6241/2112 3643/6232/2112 3639/6182/2112
f 3637/6242/2113 3636/6243/2113 3642/6235/2113 3643/6244/2113
f 3636/6243/2114 3635/6245/2114 3641/6236/2114 3642/6235/2114
f 3635/6223/374 3634/6223/374 3640/6223/374 3641/6223/374
f 3634/6246/2063 3632/6111/2063 3638/6113/2063 3640/6239/2063
f 3627/6184/2115 3631/6247/2115 3637/6242/2115 3633/6185/2115
f 3631/6247/2116 3630/6248/2116 3636/6243/2116 3637/6242/2116
f 3630/6248/2117 3629/6249/2117 3635/6245/2117 3636/6243/2117
f 3629/6223/374 3628/6223/374 3634/6223/374 3635/6223/374
f 3628/6250/2118 3626/6109/2062 3632/6111/2062 3634/6246/2118
f 3621/6188/2119 3625/6251/2119 3631/6247/2119 3627/6184/2119
f 3625/6251/2120 3624/6252/2120 3630/6248/2120 3631/6247/2120
f 3624/6252/2121 3623/6253/2121 3629/6249/2121 3630/6248/2121
f 3623/6223/374 3622/6223/374 3628/6223/374 3629/6223/374
f 3622/6254/2122 3620/6106/2061 3626/6109/2061 3628/6250/2122
f 3615/6190/2123 3619/6255/2123 3625/6256/2123 3621/6191/2123
f 3619/6255/2124 3618/6257/2124 3624/6258/2124 3625/6256/2124
f 3618/6259/2125 3617/6260/2125 3623/6253/2125 3624/6252/2125
f 3617/6223/374 3616/6223/374 3622/6223/374 3623/6223/374
f 3616/6261/2060 3614/6107/2060 3620/6106/2060 3622/6254/2060
f 3609/6194/2126 3613/6262/2126 3619/6255/2126 3615/6190/2126
f 3613/6262/2127 3612/6263/2127 3618/6257/2127 3619/6255/2127
f 3612/6263/2128 3611/6264/2128 3617/6265/2128 3618/6257/2128
f 3611/6223/374 3610/6223/374 3616/6223/374 3617/6223/374
f 3610/6266/2059 3608/6101/2059 3614/6103/2059 3616/6267/2059
f 3603/6196/2129 3607/6268/2129 3613/6262/2129 3609/6194/2129
f 3607/6268/2130 3606/6269/2130 3612/6263/2130 3613/6262/2130
f 3606/6269/2131 3605/6270/2131 3611/6264/2131 3612/6263/2131
f 3605/6223/374 3604/6223/374 3610/6223/374 3611/6223/374
f 3604/6271/2132 3602/6099/2057 3608/6101/2057 3610/6266/2132
f 3597/6198/2133 3601/6272/2133 3607/6268/2133 3603/6196/2133
f 3601/6272/2134 3600/6273/2134 3606/6269/2134 3607/6268/2134
f 3600/6273/2135 3599/6274/2135 3605/6270/2135 3606/6269/2135
f 3599/6223/374 3598/6223/374 3604/6223/374 3605/6223/374
f 3598/6275/2056 3596/6096/2056 3602/6099/2056 3604/6271/2056
f 3591/6200/2136 3595/6276/2136 3601/6277/2136 3597/6201/2136
f 3595/6276/2137 3594/6278/2137 3600/6279/2137 3601/6277/2137
f 3594/6278/2138 3593/6280/2138 3599/6281/2138 3600/6279/2138
f 3593/6223/374 3592/6223/374 3598/6223/374 3599/6223/374
f 3592/6282/2055 3590/6097/2055 3596/6096/2055 3598/6275/2055
f 3585/6204/2139 3589/6283/2139 3595/6276/2139 3591/6200/2139
f 3589/6283/2140 3588/6284/2140 3594/6278/2140 3595/6276/2140
f 3588/6284/2141 3587/6285/2141 3593/6280/2141 3594/6278/2141
f 3587/6223/374 3586/6223/374 3592/6223/374 3593/6223/374
f 3586/6286/2142 3584/6090/2054 3590/6093/2054 3592/6287/2142
f 3579/6206/2143 3583/6288/2143 3589/6283/2143 3585/6204/2143
f 3583/6288/2144 3582/6289/2144 3588/6284/2144 3589/6283/2144
f 3582/6289/2145 3581/6290/2145 3587/6285/2145 3588/6284/2145
f 3581/6223/374 3580/6223/374 3586/6223/374 3587/6223/374
f 3580/6291/2053 3578/6091/2053 3584/6090/2053 3586/6286/2053
f 3573/6208/2146 3577/6292/2146 3583/6288/2146 3579/6206/2146
f 3577/6292/2147 3576/6293/2147 3582/6289/2147 3583/6288/2147
f 3576/6293/2148 3575/6294/2148 3581/6290/2148 3582/6289/2148
f 3575/6223/374 3574/6223/374 3580/6223/374 3581/6223/374
f 3574/6295/2052 3572/6087/2052 3578/6086/2052 3580/6296/2052
f 3567/6210/2149 3571/6297/2149 3577/6292/2149 3573/6208/2149
f 3571/6298/2150 3570/6299/2150 3576/6300/2150 3577/6301/2150
f 3570/6299/2151 3569/6302/2151 3575/6303/2151 3576/6300/2151
f 3569/6223/374 3568/6223/374 3574/6223/374 3575/6223/374
f 3568/6304/2085 3566/6136/2085 3572/6087/2085 3574/6295/2085
f 3560/6212/2152 3562/6218/2152 3571/6298/2152 3567/6213/2152
f 3562/6218/2153 3563/6220/2153 3570/6299/2153 3571/6298/2153
f 3563/6220/2154 3564/6222/2154 3569/6302/2154 3570/6299/2154
f 3564/6223/374 3565/6223/374 3568/6223/374 3569/6223/374
f 3565/6225/2067 3561/6082/2067 3566/6136/2067 3568/6304/2067
f 3651/6181/2155 3560/6305/2155 3497/6133/2155 3527/6132/2155
f 3663/6306/374 3691/6306/374 3701/6306/374 3662/6306/374
f 3549/6134/374 3688/6134/374 3672/6134/374 3548/6134/374
f 3664/6306/374 3675/6306/374 3691/6306/374 3663/6306/374
f 3546/6134/374 3696/6134/374 3680/6134/374 3545/6134/374
f 3544/6134/374 3681/6134/374 3686/6134/374 3559/6134/374
f 3665/6306/374 3702/6306/374 3675/6306/374 3664/6306/374
f 3557/6134/374 3678/6134/374 3685/6134/374 3556/6134/374
f 3666/6306/374 3689/6306/374 3702/6306/374 3665/6306/374
f 3554/6134/374 3676/6134/374 3684/6134/374 3553/6134/374
f 3667/6306/374 3673/6306/374 3689/6306/374 3666/6306/374
f 3668/6306/374 3703/6306/374 3673/6306/374 3667/6306/374
f 3551/6134/374 3674/6134/374 3683/6134/374 3550/6134/374
f 3669/6306/374 3698/6306/374 3703/6306/374 3668/6306/374
f 3548/6134/374 3672/6134/374 3682/6134/374 3547/6134/374
f 3656/6306/374 3699/6306/374 3697/6306/374 3671/6306/374
f 3526/6307/2156 3496/6308/2156 3671/6309/2156 3670/6310/2156
f 3524/6311/2157 3526/6307/2157 3670/6310/2157 3669/6312/2157
f 3522/6313/2158 3524/6314/2158 3669/6315/2158 3668/6316/2158
f 3520/6317/2159 3522/6313/2159 3668/6316/2159 3667/6318/2159
f 3518/6319/2160 3520/6317/2160 3667/6318/2160 3666/6320/2160
f 3516/6321/2161 3518/6319/2161 3666/6320/2161 3665/6322/2161
f 3514/6323/2162 3516/6324/2162 3665/6325/2162 3664/6326/2162
f 3512/6327/2163 3514/6323/2163 3664/6326/2163 3663/6328/2163
f 3510/6329/2164 3512/6327/2164 3663/6328/2164 3662/6330/2164
f 3508/6331/2165 3510/6329/2165 3662/6330/2165 3661/6332/2165
f 3506/6333/2079 3508/6334/2079 3661/6335/2079 3660/6336/2079
f 3504/6337/2166 3506/6333/2166 3660/6336/2166 3659/6338/2166
f 3502/6339/2167 3504/6337/2167 3659/6338/2167 3658/6340/2167
f 3500/6341/2082 3502/6339/2082 3658/6340/2082 3657/6342/2082
f 3498/6343/2083 3500/6344/2083 3657/6345/2083 3656/6346/2083
f 3496/6308/2168 3498/6343/2168 3656/6346/2168 3671/6309/2168
f 3697/6347/2169 3699/6348/2169 3770/6349/2169 3759/6350/2169
f 3758/6351/2170 3771/6352/2170 3686/6353/2170 3681/6354/2170
f 3698/6355/2171 3687/6356/2171 3728/6357/2171 3764/6358/2171
f 3679/6359/2172 3700/6360/2172 3776/6361/2172 3722/6362/2172
f 3699/6348/2173 3695/6363/2173 3752/6364/2173 3770/6349/2173
f 3695/6363/2174 3679/6365/2174 3722/6366/2174 3752/6364/2174
f 3677/6367/2175 3701/6368/2175 3782/6369/2175 3716/6370/2175
f 3700/6371/2176 3693/6372/2176 3746/6373/2176 3776/6374/2176
f 3693/6372/2177 3677/6367/2177 3716/6370/2178 3746/6373/2178
f 3675/6375/2179 3702/6376/2179 3788/6377/2179 3710/6378/2179
f 3701/6368/2180 3691/6379/2180 3740/6380/2180 3782/6369/2180
f 3691/6379/2181 3675/6375/2181 3710/6378/2181 3740/6380/2181
f 3673/6381/2182 3703/6382/2182 3794/6383/2183 3704/6384/2183
f 3702/6385/2184 3689/6386/2184 3734/6387/2185 3788/6388/2185
f 3687/6356/2186 3697/6347/2186 3759/6350/2187 3728/6357/2187
f 3662/6306/374 3701/6306/374 3677/6306/374 3661/6306/374
f 3555/6134/374 3692/6134/374 3676/6134/374 3554/6134/374
f 3559/6134/374 3686/6134/374 3694/6134/374 3558/6134/374
f 3661/6306/374 3677/6306/374 3693/6306/374 3660/6306/374
f 3558/6134/374 3694/6134/374 3678/6134/374 3557/6134/374
f 3556/6134/374 3685/6134/374 3692/6134/374 3555/6134/374
f 3660/6306/374 3693/6306/374 3700/6306/374 3659/6306/374
f 3553/6134/374 3684/6134/374 3690/6134/374 3552/6134/374
f 3659/6306/374 3700/6306/374 3679/6306/374 3658/6306/374
f 3550/6134/374 3683/6134/374 3688/6134/374 3549/6134/374
f 3658/6306/374 3679/6306/374 3695/6306/374 3657/6306/374
f 3671/6306/374 3697/6306/374 3687/6306/374 3670/6306/374
f 3547/6134/374 3682/6134/374 3696/6134/374 3546/6134/374
f 3657/6306/374 3695/6306/374 3699/6306/374 3656/6306/374
f 3670/6306/374 3687/6306/374 3698/6306/374 3669/6306/374
f 3545/6134/374 3680/6134/374 3681/6134/374 3544/6134/374
f 3765/6389/2188 3729/6390/2188 3680/6391/2188 3696/6392/2188
f 3729/6390/2189 3758/6393/2189 3681/6394/2189 3680/6391/2189
f 3795/6395/2190 3765/6389/2190 3696/6392/2190 3682/6396/2190
f 3735/6397/2191 3705/6398/2191 3672/6399/2191 3688/6400/2191
f 3705/6401/2192 3795/6395/2192 3682/6396/2192 3672/6402/2192
f 3789/6403/2193 3735/6397/2193 3688/6400/2193 3683/6404/2193
f 3741/6405/2194 3711/6406/2194 3674/6407/2194 3690/6408/2194
f 3711/6406/2195 3789/6409/2195 3683/6410/2195 3674/6407/2195
f 3783/6411/2196 3741/6405/2196 3690/6408/2196 3684/6412/2196
f 3747/6413/2197 3717/6414/2197 3676/6415/2197 3692/6416/2197
f 3717/6417/2198 3783/6411/2198 3684/6412/2198 3676/6418/2198
f 3777/6419/2199 3747/6413/2199 3692/6416/2199 3685/6420/2199
f 3753/6421/2200 3723/6422/2200 3678/6423/2200 3694/6424/2200
f 3723/6422/2201 3777/6419/2201 3685/6420/2201 3678/6423/2201
f 3771/6352/2202 3753/6421/2202 3694/6424/2202 3686/6353/2202
f 3703/6382/2203 3698/6425/2203 3764/6426/2204 3794/6383/2204
f 3729/6390/2205 3733/6427/2205 3760/6428/2205 3758/6393/2205
f 3733/6429/2206 3732/6430/2206 3761/6431/2206 3760/6432/2206
f 3732/6430/2207 3731/6433/2207 3762/6434/2207 3761/6431/2207
f 3731/6435/374 3730/6435/374 3763/6435/374 3762/6435/374
f 3730/6436/2187 3728/6357/2187 3759/6350/2187 3763/6437/2187
f 3765/6389/2208 3769/6438/2208 3733/6427/2208 3729/6390/2208
f 3769/6439/2209 3768/6440/2209 3732/6430/2209 3733/6429/2209
f 3768/6440/2210 3767/6441/2210 3731/6433/2210 3732/6430/2210
f 3767/6435/374 3766/6435/374 3730/6435/374 3731/6435/374
f 3766/6442/2171 3764/6358/2171 3728/6357/2171 3730/6436/2171
f 3795/6395/2211 3799/6443/2211 3769/6438/2211 3765/6389/2211
f 3799/6443/2212 3798/6444/2212 3768/6445/2212 3769/6438/2212
f 3798/6446/2213 3797/6447/2213 3767/6448/2213 3768/6449/2213
f 3797/6435/374 3796/6435/374 3766/6435/374 3767/6435/374
f 3796/6450/2204 3794/6383/2204 3764/6426/2204 3766/6451/2204
f 3705/6401/2214 3709/6452/2214 3799/6443/2214 3795/6395/2214
f 3709/6453/2215 3708/6454/2215 3798/6446/2215 3799/6455/2215
f 3708/6454/2216 3707/6456/2216 3797/6447/2216 3798/6446/2216
f 3707/6435/374 3706/6435/374 3796/6435/374 3797/6435/374
f 3706/6457/2183 3704/6384/2183 3794/6383/2183 3796/6450/2183
f 3735/6397/2217 3739/6458/2217 3709/6453/2217 3705/6398/2217
f 3739/6458/2218 3738/6459/2218 3708/6454/2218 3709/6453/2218
f 3738/6459/2219 3737/6460/2219 3707/6456/2219 3708/6454/2219
f 3737/6435/374 3736/6435/374 3706/6435/374 3707/6435/374
f 3736/6461/2220 3734/6387/2221 3704/6384/2221 3706/6457/2220
f 3789/6403/2222 3793/6462/2222 3739/6458/2222 3735/6397/2222
f 3793/6462/2223 3792/6463/2223 3738/6459/2223 3739/6458/2223
f 3792/6463/2224 3791/6464/2224 3737/6460/2224 3738/6459/2224
f 3791/6435/374 3790/6435/374 3736/6435/374 3737/6435/374
f 3790/6465/2225 3788/6388/2185 3734/6387/2185 3736/6461/2225
f 3711/6406/2226 3715/6466/2226 3793/6467/2226 3789/6409/2226
f 3715/6466/2227 3714/6468/2227 3792/6469/2227 3793/6467/2227
f 3714/6470/2228 3713/6471/2228 3791/6464/2228 3792/6463/2228
f 3713/6435/374 3712/6435/374 3790/6435/374 3791/6435/374
f 3712/6472/2179 3710/6378/2179 3788/6377/2179 3790/6473/2179
f 3741/6405/2229 3745/6474/2229 3715/6466/2229 3711/6406/2229
f 3745/6474/2230 3744/6475/2230 3714/6468/2230 3715/6466/2230
f 3744/6476/2231 3743/6477/2231 3713/6478/2231 3714/6479/2231
f 3743/6435/374 3742/6435/374 3712/6435/374 3713/6435/374
f 3742/6480/2181 3740/6380/2181 3710/6378/2181 3712/6472/2181
f 3783/6411/2232 3787/6481/2232 3745/6474/2232 3741/6405/2232
f 3787/6481/2233 3786/6482/2233 3744/6475/2233 3745/6474/2233
f 3786/6483/2234 3785/6484/2234 3743/6477/2234 3744/6476/2234
f 3785/6435/374 3784/6435/374 3742/6435/374 3743/6435/374
f 3784/6485/2180 3782/6369/2180 3740/6380/2180 3742/6480/2180
f 3717/6417/2235 3721/6486/2235 3787/6481/2235 3783/6411/2235
f 3721/6486/2236 3720/6487/2236 3786/6482/2236 3787/6481/2236
f 3720/6488/2237 3719/6489/2237 3785/6484/2237 3786/6483/2237
f 3719/6435/374 3718/6435/374 3784/6435/374 3785/6435/374
f 3718/6490/2175 3716/6370/2175 3782/6369/2175 3784/6485/2175
f 3747/6413/2238 3751/6491/2238 3721/6492/2238 3717/6414/2238
f 3751/6491/2239 3750/6493/2239 3720/6494/2239 3721/6492/2239
f 3750/6495/2240 3749/6496/2240 3719/6489/2240 3720/6488/2240
f 3749/6435/374 3748/6435/374 3718/6435/374 3719/6435/374
f 3748/6497/2178 3746/6373/2178 3716/6370/2178 3718/6490/2178
f 3777/6419/2241 3781/6498/2241 3751/6491/2241 3747/6413/2241
f 3781/6498/2242 3780/6499/2242 3750/6493/2242 3751/6491/2242
f 3780/6499/2243 3779/6500/2243 3749/6501/2243 3750/6493/2243
f 3779/6435/374 3778/6435/374 3748/6435/374 3749/6435/374
f 3778/6502/2176 3776/6374/2176 3746/6373/2176 3748/6497/2176
f 3723/6422/2244 3727/6503/2244 3781/6498/2244 3777/6419/2244
f 3727/6503/2245 3726/6504/2245 3780/6499/2245 3781/6498/2245
f 3726/6504/2246 3725/6505/2246 3779/6500/2246 3780/6499/2246
f 3725/6435/374 3724/6435/374 3778/6435/374 3779/6435/374
f 3724/6506/2172 3722/6362/2172 3776/6361/2172 3778/6507/2172
f 3753/6421/2247 3757/6508/2247 3727/6503/2247 3723/6422/2247
f 3757/6508/2248 3756/6509/2248 3726/6504/2248 3727/6503/2248
f 3756/6509/2249 3755/6510/2249 3725/6505/2249 3726/6504/2249
f 3755/6435/374 3754/6435/374 3724/6435/374 3725/6435/374
f 3754/6511/2174 3752/6364/2174 3722/6366/2174 3724/6512/2174
f 3771/6352/2250 3775/6513/2250 3757/6508/2250 3753/6421/2250
f 3775/6514/2251 3774/6515/2251 3756/6516/2251 3757/6517/2251
f 3774/6515/2252 3773/6518/2252 3755/6519/2252 3756/6516/2252
f 3773/6435/374 3772/6435/374 3754/6435/374 3755/6435/374
f 3772/6520/2173 3770/6349/2173 3752/6364/2173 3754/6511/2173
f 3758/6521/2253 3760/6432/2253 3775/6514/2253 3771/6522/2253
f 3760/6432/2254 3761/6431/2254 3774/6515/2254 3775/6514/2254
f 3761/6431/2255 3762/6434/2255 3773/6518/2255 3774/6515/2255
f 3762/6435/374 3763/6435/374 3772/6435/374 3773/6435/374
f 3763/6437/2256 3759/6350/2169 3770/6349/2169 3772/6520/2256
f 3689/6386/2257 3673/6381/2257 3704/6384/2221 3734/6387/2221
f 3847/6523/2258 3832/6524/2258 3865/6525/2258 3954/6526/2258
f 3834/6527/2259 3835/6528/2259 3882/6529/2260 3876/6530/2260
f 3835/6531/2261 3836/6532/2261 3888/6533/2261 3882/6534/2261
f 3836/6532/2262 3837/6535/2262 3894/6536/2262 3888/6533/2262
f 3837/6537/2263 3838/6538/2263 3900/6539/2263 3894/6540/2263
f 3838/6538/2264 3839/6541/2264 3906/6542/2264 3900/6539/2264
f 3839/6541/2265 3840/6543/2265 3912/6544/2265 3906/6542/2265
f 3840/6543/2266 3841/6545/2266 3918/6546/2266 3912/6544/2266
f 3841/6545/2267 3842/6547/2267 3924/6548/2268 3918/6546/2268
f 3842/6549/2269 3843/6550/2269 3930/6551/2270 3924/6552/2270
f 3843/6550/2271 3844/6553/2271 3936/6554/2272 3930/6551/2272
f 3844/6553/2273 3845/6555/2273 3942/6556/2274 3936/6554/2274
f 3845/6555/2275 3846/6557/2275 3948/6558/2275 3942/6556/2275
f 3846/6559/2276 3847/6523/2276 3954/6526/2277 3948/6560/2277
f 3803/6561/2278 3805/6562/2278 3807/6563/2278 3809/6564/2278 3811/6565/2278 3813/6566/2278 3815/6567/2278 3817/6568/2278 3819/6569/2278 3821/6570/2278 3823/6571/2278 3825/6572/2278 3827/6573/2278 3829/6574/2278 3831/6575/2278 3801/6576/2278
f 3856/6577/374 3994/6577/374 3978/6577/374 3855/6577/374
f 3832/6524/2279 3833/6578/2279 3870/6579/2280 3865/6525/2280
f 3800/6580/2281 3830/6581/2281 3828/6582/2281 3826/6583/2281 3824/6584/2281 3822/6585/2281 3820/6586/2281 3818/6587/2281 3816/6588/2281 3814/6589/2281 3812/6590/2281 3810/6591/2281 3808/6592/2281 3806/6593/2281 3804/6594/2281 3802/6595/2281
f 3849/6596/2282 3848/6597/2282 3832/6524/2282 3847/6523/2282
f 3850/6598/2283 3849/6596/2283 3847/6523/2283 3846/6559/2283
f 3851/6599/2284 3850/6600/2284 3846/6557/2284 3845/6555/2284
f 3852/6601/2285 3851/6599/2285 3845/6555/2285 3844/6553/2285
f 3853/6602/2286 3852/6601/2286 3844/6553/2286 3843/6550/2286
f 3854/6603/2287 3853/6602/2287 3843/6550/2287 3842/6549/2287
f 3855/6604/2288 3854/6605/2288 3842/6547/2288 3841/6545/2288
f 3856/6606/2289 3855/6604/2289 3841/6545/2289 3840/6543/2289
f 3857/6607/2290 3856/6606/2290 3840/6543/2290 3839/6541/2290
f 3858/6608/2291 3857/6607/2291 3839/6541/2291 3838/6538/2291
f 3859/6609/2292 3858/6610/2292 3838/6611/2292 3837/6535/2292
f 3860/6612/2293 3859/6609/2293 3837/6535/2293 3836/6532/2293
f 3861/6613/2294 3860/6612/2294 3836/6532/2294 3835/6531/2294
f 3862/6614/2295 3861/6613/2295 3835/6531/2295 3834/6615/2295
f 3863/6616/2296 3862/6617/2296 3834/6527/2296 3833/6578/2296
f 3848/6597/2297 3863/6616/2297 3833/6578/2297 3832/6524/2297
f 3833/6578/2298 3834/6527/2298 3876/6530/2299 3870/6579/2299
f 3949/6618/2300 3955/6619/2300 3831/6620/2300 3829/6621/2300
f 3943/6622/2301 3949/6623/2301 3829/6574/2301 3827/6573/2301
f 3937/6624/2302 3943/6622/2302 3827/6573/2302 3825/6572/2302
f 3931/6625/2303 3937/6626/2303 3825/6627/2303 3823/6628/2303
f 3925/6629/2304 3931/6630/2304 3823/6571/2304 3821/6570/2304
f 3919/6631/2305 3925/6632/2305 3821/6633/2305 3819/6634/2305
f 3913/6635/2306 3919/6631/2306 3819/6634/2306 3817/6636/2306
f 3907/6637/2307 3913/6635/2307 3817/6636/2307 3815/6638/2307
f 3901/6639/2308 3907/6637/2308 3815/6638/2308 3813/6640/2308
f 3895/6641/2309 3901/6642/2309 3813/6643/2309 3811/6644/2309
f 3889/6645/2310 3895/6641/2310 3811/6644/2310 3809/6646/2310
f 3883/6647/2311 3889/6645/2311 3809/6646/2311 3807/6648/2311
f 3877/6649/2312 3883/6647/2312 3807/6648/2312 3805/6650/2312
f 3871/6651/2313 3877/6652/2313 3805/6653/2313 3803/6654/2313
f 3864/6655/2314 3871/6651/2314 3803/6654/2314 3801/6656/2314
f 3955/6619/2315 3959/6657/2315 3866/6658/2315 3864/6655/2315
f 3959/6657/2316 3958/6659/2316 3867/6660/2316 3866/6658/2316
f 3958/6659/2317 3957/6661/2317 3868/6662/2317 3867/6660/2317
f 3957/6663/374 3956/6663/374 3869/6663/374 3868/6663/374
f 3956/6664/2258 3954/6526/2258 3865/6525/2258 3869/6665/2258
f 3949/6618/2318 3953/6666/2318 3959/6657/2318 3955/6619/2318
f 3953/6666/2319 3952/6667/2319 3958/6659/2319 3959/6657/2319
f 3952/6667/2320 3951/6668/2320 3957/6661/2320 3958/6659/2320
f 3951/6663/374 3950/6663/374 3956/6663/374 3957/6663/374
f 3950/6669/2277 3948/6560/2277 3954/6526/2277 3956/6664/2277
f 3943/6622/2321 3947/6670/2321 3953/6671/2321 3949/6623/2321
f 3947/6672/2322 3946/6673/2322 3952/6674/2322 3953/6675/2322
f 3946/6673/2323 3945/6676/2323 3951/6677/2323 3952/6674/2323
f 3945/6663/374 3944/6663/374 3950/6663/374 3951/6663/374
f 3944/6678/2275 3942/6556/2275 3948/6558/2275 3950/6679/2275
f 3937/6626/2324 3941/6680/2324 3947/6672/2324 3943/6681/2324
f 3941/6680/2325 3940/6682/2325 3946/6673/2325 3947/6672/2325
f 3940/6682/2326 3939/6683/2326 3945/6676/2326 3946/6673/2326
f 3939/6663/374 3938/6663/374 3944/6663/374 3945/6663/374
f 3938/6684/2274 3936/6554/2274 3942/6556/2274 3944/6678/2274
f 3931/6625/2327 3935/6685/2327 3941/6680/2327 3937/6626/2327
f 3935/6685/2328 3934/6686/2328 3940/6682/2328 3941/6680/2328
f 3934/6686/2329 3933/6687/2329 3939/6683/2329 3940/6682/2329
f 3933/6663/374 3932/6663/374 3938/6663/374 3939/6663/374
f 3932/6688/2272 3930/6551/2272 3936/6554/2272 3938/6684/2272
f 3925/6689/2330 3929/6690/2330 3935/6685/2330 3931/6625/2330
f 3929/6690/2331 3928/6691/2331 3934/6686/2331 3935/6685/2331
f 3928/6691/2332 3927/6692/2332 3933/6687/2332 3934/6686/2332
f 3927/6663/374 3926/6663/374 3932/6663/374 3933/6663/374
f 3926/6693/2270 3924/6552/2270 3930/6551/2270 3932/6688/2270
f 3919/6631/2333 3923/6694/2333 3929/6695/2333 3925/6632/2333
f 3923/6694/2334 3922/6696/2334 3928/6697/2334 3929/6695/2334
f 3922/6696/2335 3921/6698/2335 3927/6699/2335 3928/6697/2335
f 3921/6663/374 3920/6663/374 3926/6663/374 3927/6663/374
f 3920/6700/2336 3918/6546/2268 3924/6548/2268 3926/6701/2336
f 3913/6635/2337 3917/6702/2337 3923/6694/2337 3919/6631/2337
f 3917/6702/2338 3916/6703/2338 3922/6696/2338 3923/6694/2338
f 3916/6703/2339 3915/6704/2339 3921/6698/2339 3922/6696/2339
f 3915/6663/374 3914/6663/374 3920/6663/374 3921/6663/374
f 3914/6705/2266 3912/6544/2266 3918/6546/2266 3920/6700/2266
f 3907/6637/2340 3911/6706/2340 3917/6702/2340 3913/6635/2340
f 3911/6706/2341 3910/6707/2341 3916/6703/2341 3917/6702/2341
f 3910/6707/2342 3909/6708/2342 3915/6704/2342 3916/6703/2342
f 3909/6663/374 3908/6663/374 3914/6663/374 3915/6663/374
f 3908/6709/2343 3906/6542/2265 3912/6544/2265 3914/6705/2343
f 3901/6639/2344 3905/6710/2344 3911/6706/2344 3907/6637/2344
f 3905/6710/2345 3904/6711/2345 3910/6707/2345 3911/6706/2345
f 3904/6711/2346 3903/6712/2346 3909/6708/2346 3910/6707/2346
f 3903/6663/374 3902/6663/374 3908/6663/374 3909/6663/374
f 3902/6713/2264 3900/6539/2264 3906/6542/2264 3908/6709/2264
f 3895/6641/2347 3899/6714/2347 3905/6715/2347 3901/6642/2347
f 3899/6714/2348 3898/6716/2348 3904/6717/2348 3905/6715/2348
f 3898/6716/2349 3897/6718/2349 3903/6719/2349 3904/6717/2349
f 3897/6663/374 3896/6663/374 3902/6663/374 3903/6663/374
f 3896/6720/2263 3894/6540/2263 3900/6539/2263 3902/6713/2263
f 3889/6645/2350 3893/6721/2350 3899/6714/2350 3895/6641/2350
f 3893/6721/2351 3892/6722/2351 3898/6716/2351 3899/6714/2351
f 3892/6722/2352 3891/6723/2352 3897/6718/2352 3898/6716/2352
f 3891/6663/374 3890/6663/374 3896/6663/374 3897/6663/374
f 3890/6724/2353 3888/6533/2262 3894/6536/2262 3896/6725/2353
f 3883/6647/2354 3887/6726/2354 3893/6721/2354 3889/6645/2354
f 3887/6726/2355 3886/6727/2355 3892/6722/2355 3893/6721/2355
f 3886/6727/2356 3885/6728/2356 3891/6723/2356 3892/6722/2356
f 3885/6663/374 3884/6663/374 3890/6663/374 3891/6663/374
f 3884/6729/2357 3882/6534/2261 3888/6533/2261 3890/6724/2357
f 3877/6649/2358 3881/6730/2358 3887/6726/2358 3883/6647/2358
f 3881/6730/2359 3880/6731/2359 3886/6727/2359 3887/6726/2359
f 3880/6731/2360 3879/6732/2360 3885/6728/2360 3886/6727/2360
f 3879/6663/374 3878/6663/374 3884/6663/374 3885/6663/374
f 3878/6733/2260 3876/6530/2260 3882/6529/2260 3884/6734/2260
f 3871/6651/2361 3875/6735/2361 3881/6736/2361 3877/6652/2361
f 3875/6735/2362 3874/6737/2362 3880/6738/2362 3881/6736/2362
f 3874/6737/2363 3873/6739/2363 3879/6740/2363 3880/6738/2363
f 3873/6663/374 3872/6663/374 3878/6663/374 3879/6663/374
f 3872/6741/2364 3870/6579/2299 3876/6530/2299 3878/6733/2364
f 3864/6655/2365 3866/6658/2365 3875/6735/2365 3871/6651/2365
f 3866/6658/2366 3867/6660/2366 3874/6737/2366 3875/6735/2366
f 3867/6660/2367 3868/6662/2367 3873/6739/2367 3874/6737/2367
f 3868/6663/374 3869/6663/374 3872/6663/374 3873/6663/374
f 3869/6665/2280 3865/6525/2280 3870/6579/2280 3872/6741/2280
f 3955/6619/2368 3864/6655/2368 3801/6656/2368 3831/6620/2368
f 3967/6742/374 3995/6742/374 4005/6742/374 3966/6742/374
f 3853/6577/374 3992/6577/374 3976/6577/374 3852/6577/374
f 3968/6742/374 3979/6742/374 3995/6742/374 3967/6742/374
f 3850/6577/374 4000/6577/374 3984/6577/374 3849/6577/374
f 3848/6577/374 3985/6577/374 3990/6577/374 3863/6577/374
f 3969/6742/374 4006/6742/374 3979/6742/374 3968/6742/374
f 3861/6577/374 3982/6577/374 3989/6577/374 3860/6577/374
f 3970/6742/374 3993/6742/374 4006/6742/374 3969/6742/374
f 3858/6577/374 3980/6577/374 3988/6577/374 3857/6577/374
f 3971/6742/374 3977/6742/374 3993/6742/374 3970/6742/374
f 3972/6742/374 4007/6742/374 3977/6742/374 3971/6742/374
f 3855/6577/374 3978/6577/374 3987/6577/374 3854/6577/374
f 3973/6742/374 4002/6742/374 4007/6742/374 3972/6742/374
f 3852/6577/374 3976/6577/374 3986/6577/374 3851/6577/374
f 3960/6742/374 4003/6742/374 4001/6742/374 3975/6742/374
f 3830/6743/2369 3800/6744/2369 3975/6745/2369 3974/6746/2369
f 3828/6747/2283 3830/6743/2283 3974/6746/2283 3973/6748/2283
f 3826/6749/2370 3828/6750/2370 3973/6751/2370 3972/6752/2370
f 3824/6753/2371 3826/6749/2371 3972/6752/2371 3971/6754/2371
f 3822/6755/2286 3824/6753/2286 3971/6754/2286 3970/6756/2286
f 3820/6757/2372 3822/6755/2372 3970/6756/2372 3969/6758/2372
f 3818/6759/2373 3820/6760/2373 3969/6761/2373 3968/6762/2373
f 3816/6763/2374 3818/6759/2374 3968/6762/2374 3967/6764/2374
f 3814/6765/2290 3816/6763/2290 3967/6764/2290 3966/6766/2290
f 3812/6767/2375 3814/6765/2375 3966/6766/2375 3965/6768/2375
f 3810/6769/2376 3812/6770/2376 3965/6771/2376 3964/6772/2376
f 3808/6773/2377 3810/6769/2377 3964/6772/2377 3963/6774/2377
f 3806/6775/2378 3808/6773/2378 3963/6774/2378 3962/6776/2378
f 3804/6777/2379 3806/6775/2379 3962/6776/2379 3961/6778/2379
f 3802/6779/2380 3804/6780/2380 3961/6781/2380 3960/6782/2380
f 3800/6744/2381 3802/6779/2381 3960/6782/2381 3975/6745/2381
f 4001/6783/2382 4003/6784/2382 4074/6785/2383 4063/6786/2383
f 4062/6787/2384 4075/6788/2384 3990/6789/2384 3985/6790/2384
f 4002/6791/2385 3991/6792/2385 4032/6793/2385 4068/6794/2385
f 3983/6795/2386 4004/6796/2386 4080/6797/2387 4026/6798/2387
f 4003/6784/2388 3999/6799/2388 4056/6800/2388 4074/6785/2388
f 3999/6801/2389 3983/6802/2389 4026/6803/2390 4056/6804/2390
f 3981/6805/2391 4005/6806/2391 4086/6807/2392 4020/6808/2392
f 4004/6796/2393 3997/6809/2393 4050/6810/2393 4080/6797/2393
f 3997/6811/2394 3981/6805/2394 4020/6808/2394 4050/6812/2394
f 3979/6813/2395 4006/6814/2395 4092/6815/2395 4014/6816/2395
f 4005/6806/2396 3995/6817/2396 4044/6818/2396 4086/6807/2396
f 3995/6817/2397 3979/6813/2397 4014/6816/2397 4044/6818/2397
f 3977/6819/2398 4007/6820/2398 4098/6821/2399 4008/6822/2399
f 4006/6823/2400 3993/6824/2400 4038/6825/2400 4092/6826/2400
f 3991/6792/2401 4001/6783/2401 4063/6786/2401 4032/6793/2401
f 3966/6742/374 4005/6742/374 3981/6742/374 3965/6742/374
f 3859/6577/374 3996/6577/374 3980/6577/374 3858/6577/374
f 3863/6577/374 3990/6577/374 3998/6577/374 3862/6577/374
f 3965/6742/374 3981/6742/374 3997/6742/374 3964/6742/374
f 3862/6577/374 3998/6577/374 3982/6577/374 3861/6577/374
f 3860/6577/374 3989/6577/374 3996/6577/374 3859/6577/374
f 3964/6742/374 3997/6742/374 4004/6742/374 3963/6742/374
f 3857/6577/374 3988/6577/374 3994/6577/374 3856/6577/374
f 3963/6742/374 4004/6742/374 3983/6742/374 3962/6742/374
f 3854/6577/374 3987/6577/374 3992/6577/374 3853/6577/374
f 3962/6742/374 3983/6742/374 3999/6742/374 3961/6742/374
f 3975/6742/374 4001/6742/374 3991/6742/374 3974/6742/374
f 3851/6577/374 3986/6577/374 4000/6577/374 3850/6577/374
f 3961/6742/374 3999/6742/374 4003/6742/374 3960/6742/374
f 3974/6742/374 3991/6742/374 4002/6742/374 3973/6742/374
f 3849/6577/374 3984/6577/374 3985/6577/374 3848/6577/374
f 4069/6827/2402 4033/6828/2402 3984/6829/2402 4000/6830/2402
f 4033/6828/2403 4062/6787/2403 3985/6790/2403 3984/6829/2403
f 4099/6831/2404 4069/6832/2404 4000/6833/2404 3986/6834/2404
f 4039/6835/2405 4009/6836/2405 3976/6837/2405 3992/6838/2405
f 4009/6836/2406 4099/6831/2406 3986/6834/2406 3976/6837/2406
f 4093/6839/2407 4039/6835/2407 3992/6838/2407 3987/6840/2407
f 4045/6841/2408 4015/6842/2408 3978/6843/2408 3994/6844/2408
f 4015/6842/2409 4093/6845/2409 3987/6846/2409 3978/6843/2409
f 4087/6847/2410 4045/6841/2410 3994/6844/2410 3988/6848/2410
f 4051/6849/2411 4021/6850/2411 3980/6851/2411 3996/6852/2411
f 4021/6853/2412 4087/6847/2412 3988/6848/2412 3980/6854/2412
f 4081/6855/2413 4051/6849/2413 3996/6852/2413 3989/6856/2413
f 4057/6857/2414 4027/6858/2414 3982/6859/2414 3998/6860/2414
f 4027/6858/2415 4081/6855/2415 3989/6856/2415 3982/6859/2415
f 4075/6788/2416 4057/6861/2416 3998/6862/2416 3990/6789/2416
f 4007/6820/2417 4002/6863/2417 4068/6864/2418 4098/6821/2418
f 4033/6828/2419 4037/6865/2419 4064/6866/2419 4062/6787/2419
f 4037/6865/2420 4036/6867/2420 4065/6868/2420 4064/6866/2420
f 4036/6867/2421 4035/6869/2421 4066/6870/2421 4065/6868/2421
f 4035/6871/374 4034/6871/374 4067/6871/374 4066/6871/374
f 4034/6872/2401 4032/6793/2401 4063/6786/2401 4067/6873/2401
f 4069/6827/2422 4073/6874/2422 4037/6865/2422 4033/6828/2422
f 4073/6874/2423 4072/6875/2423 4036/6867/2423 4037/6865/2423
f 4072/6875/2424 4071/6876/2424 4035/6869/2424 4036/6867/2424
f 4071/6871/374 4070/6871/374 4034/6871/374 4035/6871/374
f 4070/6877/2425 4068/6794/2385 4032/6793/2385 4034/6872/2425
f 4099/6831/2426 4103/6878/2426 4073/6879/2426 4069/6832/2426
f 4103/6880/2427 4102/6881/2427 4072/6882/2427 4073/6883/2427
f 4102/6881/2428 4101/6884/2428 4071/6885/2428 4072/6882/2428
f 4101/6871/374 4100/6871/374 4070/6871/374 4071/6871/374
f 4100/6886/2429 4098/6821/2418 4068/6864/2418 4070/6887/2429
f 4009/6836/2430 4013/6888/2430 4103/6878/2430 4099/6831/2430
f 4013/6889/2431 4012/6890/2431 4102/6881/2431 4103/6880/2431
f 4012/6890/2432 4011/6891/2432 4101/6884/2432 4102/6881/2432
f 4011/6871/374 4010/6871/374 4100/6871/374 4101/6871/374
f 4010/6892/2433 4008/6822/2399 4098/6821/2399 4100/6886/2433
f 4039/6835/2434 4043/6893/2434 4013/6888/2434 4009/6836/2434
f 4043/6894/2435 4042/6895/2435 4012/6890/2435 4013/6889/2435
f 4042/6895/2436 4041/6896/2436 4011/6891/2436 4012/6890/2436
f 4041/6871/374 4040/6871/374 4010/6871/374 4011/6871/374
f 4040/6897/2437 4038/6825/2437 4008/6822/2437 4010/6892/2437
f 4093/6839/2438 4097/6898/2438 4043/6893/2438 4039/6835/2438
f 4097/6899/2439 4096/6900/2439 4042/6895/2439 4043/6894/2439
f 4096/6900/2440 4095/6901/2440 4041/6896/2440 4042/6895/2440
f 4095/6871/374 4094/6871/374 4040/6871/374 4041/6871/374
f 4094/6902/2400 4092/6826/2400 4038/6825/2400 4040/6897/2400
f 4015/6842/2441 4019/6903/2441 4097/6904/2441 4093/6845/2441
f 4019/6903/2442 4018/6905/2442 4096/6906/2442 4097/6904/2442
f 4018/6905/2443 4017/6907/2443 4095/6908/2443 4096/6906/2443
f 4017/6871/374 4016/6871/374 4094/6871/374 4095/6871/374
f 4016/6909/2444 4014/6816/2395 4092/6815/2395 4094/6910/2444
f 4045/6841/2445 4049/6911/2445 4019/6903/2445 4015/6842/2445
f 4049/6911/2446 4048/6912/2446 4018/6905/2446 4019/6903/2446
f 4048/6912/2447 4047/6913/2447 4017/6907/2447 4018/6905/2447
f 4047/6871/374 4046/6871/374 4016/6871/374 4017/6871/374
f 4046/6914/2448 4044/6818/2397 4014/6816/2397 4016/6909/2448
f 4087/6847/2449 4091/6915/2449 4049/6911/2449 4045/6841/2449
f 4091/6915/2450 4090/6916/2450 4048/6912/2450 4049/6911/2450
f 4090/6916/2451 4089/6917/2451 4047/6913/2451 4048/6912/2451
f 4089/6871/374 4088/6871/374 4046/6871/374 4047/6871/374
f 4088/6918/2452 4086/6807/2396 4044/6818/2396 4046/6914/2452
f 4021/6853/2453 4025/6919/2453 4091/6915/2453 4087/6847/2453
f 4025/6919/2454 4024/6920/2454 4090/6916/2454 4091/6915/2454
f 4024/6920/2455 4023/6921/2455 4089/6917/2455 4090/6916/2455
f 4023/6871/374 4022/6871/374 4088/6871/374 4089/6871/374
f 4022/6922/2456 4020/6808/2392 4086/6807/2392 4088/6918/2456
f 4051/6849/2457 4055/6923/2457 4025/6924/2457 4021/6850/2457
f 4055/6923/2458 4054/6925/2458 4024/6926/2458 4025/6924/2458
f 4054/6927/2459 4053/6928/2459 4023/6921/2459 4024/6920/2459
f 4053/6871/374 4052/6871/374 4022/6871/374 4023/6871/374
f 4052/6929/2394 4050/6812/2394 4020/6808/2394 4022/6922/2394
f 4081/6855/2460 4085/6930/2460 4055/6923/2460 4051/6849/2460
f 4085/6930/2461 4084/6931/2461 4054/6925/2461 4055/6923/2461
f 4084/6931/2462 4083/6932/2462 4053/6933/2462 4054/6925/2462
f 4083/6871/374 4082/6871/374 4052/6871/374 4053/6871/374
f 4082/6934/2463 4080/6797/2393 4050/6810/2393 4052/6935/2463
f 4027/6858/2464 4031/6936/2464 4085/6930/2464 4081/6855/2464
f 4031/6936/2465 4030/6937/2465 4084/6931/2465 4085/6930/2465
f 4030/6937/2466 4029/6938/2466 4083/6932/2466 4084/6931/2466
f 4029/6871/374 4028/6871/374 4082/6871/374 4083/6871/374
f 4028/6939/2387 4026/6798/2387 4080/6797/2387 4082/6934/2387
f 4057/6857/2467 4061/6940/2467 4031/6936/2467 4027/6858/2467
f 4061/6940/2468 4060/6941/2468 4030/6937/2468 4031/6936/2468
f 4060/6942/2469 4059/6943/2469 4029/6944/2469 4030/6945/2469
f 4059/6871/374 4058/6871/374 4028/6871/374 4029/6871/374
f 4058/6946/2390 4056/6804/2390 4026/6803/2390 4028/6947/2390
f 4075/6788/2470 4079/6948/2470 4061/6949/2470 4057/6861/2470
f 4079/6948/2471 4078/6950/2471 4060/6942/2471 4061/6949/2471
f 4078/6950/2472 4077/6951/2472 4059/6943/2472 4060/6942/2472
f 4077/6871/374 4076/6871/374 4058/6871/374 4059/6871/374
f 4076/6952/2388 4074/6785/2388 4056/6800/2388 4058/6953/2388
f 4062/6787/2473 4064/6866/2473 4079/6948/2473 4075/6788/2473
f 4064/6866/2474 4065/6868/2474 4078/6950/2474 4079/6948/2474
f 4065/6868/2475 4066/6870/2475 4077/6951/2475 4078/6950/2475
f 4066/6871/374 4067/6871/374 4076/6871/374 4077/6871/374
f 4067/6873/2476 4063/6786/2383 4074/6785/2383 4076/6952/2476
f 3993/6824/2437 3977/6819/2437 4008/6822/2437 4038/6825/2437
f 4151/6954/2477 4136/6955/2477 4169/6956/2477 4258/6957/2477
f 4138/6958/2478 4139/6959/2478 4186/6960/2479 4180/6961/2479
f 4139/6962/2480 4140/6963/2480 4192/6964/2480 4186/6965/2480
f 4140/6963/2481 4141/6966/2481 4198/6967/2481 4192/6964/2481
f 4141/6966/2482 4142/6968/2482 4204/6969/2482 4198/6967/2482
f 4142/6970/2483 4143/6971/2483 4210/6972/2483 4204/6973/2483
f 4143/6971/2484 4144/6974/2484 4216/6975/2484 4210/6972/2484
f 4144/6974/2485 4145/6976/2485 4222/6977/2485 4216/6975/2485
f 4145/6976/2486 4146/6978/2486 4228/6979/2486 4222/6977/2486
f 4146/6980/2487 4147/6981/2487 4234/6982/2487 4228/6983/2487
f 4147/6981/2488 4148/6984/2488 4240/6985/2488 4234/6982/2488
f 4148/6984/2489 4149/6986/2489 4246/6987/2490 4240/6985/2490
f 4149/6986/2491 4150/6988/2491 4252/6989/2491 4246/6987/2491
f 4150/6990/2492 4151/6954/2492 4258/6957/2492 4252/6991/2492
f 4107/6992/2493 4109/6993/2493 4111/6994/2493 4113/6995/2493 4115/6996/2493 4117/6997/2493 4119/6998/2493 4121/6999/2493 4123/7000/2493 4125/7001/2493 4127/7002/2493 4129/7003/2493 4131/7004/2493 4133/7005/2493 4135/7006/2493 4105/7007/2493
f 4160/7008/374 4298/7008/374 4282/7008/374 4159/7008/374
f 4136/6955/2494 4137/7009/2494 4174/7010/2494 4169/6956/2494
f 4104/7011/2495 4134/7012/2495 4132/7013/2495 4130/7014/2495 4128/7015/2495 4126/7016/2495 4124/7017/2495 4122/7018/2495 4120/7019/2495 4118/7020/2495 4116/7021/2495 4114/7022/2495 4112/7023/2495 4110/7024/2495 4108/7025/2495 4106/7026/2495
f 4153/7027/2496 4152/7028/2496 4136/7029/2496 4151/7030/2496
f 4154/7031/2497 4153/7027/2497 4151/7030/2497 4150/7032/2497
f 4155/7033/2498 4154/7034/2498 4150/6988/2498 4149/6986/2498
f 4156/7035/2499 4155/7033/2499 4149/6986/2499 4148/6984/2499
f 4157/7036/2500 4156/7035/2500 4148/6984/2500 4147/6981/2500
f 4158/7037/2501 4157/7036/2501 4147/6981/2501 4146/6980/2501
f 4159/7038/2502 4158/7039/2502 4146/6978/2502 4145/6976/2502
f 4160/7040/2503 4159/7038/2503 4145/6976/2503 4144/6974/2503
f 4161/7041/2504 4160/7040/2504 4144/6974/2504 4143/6971/2504
f 4162/7042/2505 4161/7041/2505 4143/6971/2505 4142/6970/2505
f 4163/7043/2506 4162/7044/2506 4142/6968/2506 4141/6966/2506
f 4164/7045/2507 4163/7043/2507 4141/6966/2507 4140/6963/2507
f 4165/7046/2508 4164/7045/2508 4140/6963/2508 4139/6962/2508
f 4166/7047/2509 4165/7046/2509 4139/6962/2509 4138/7048/2509
f 4167/7049/2510 4166/7050/2510 4138/7051/2510 4137/7052/2510
f 4152/7028/2511 4167/7049/2511 4137/7052/2511 4136/7029/2511
f 4137/7009/2512 4138/6958/2512 4180/6961/2513 4174/7010/2513
f 4253/7053/2514 4259/7054/2514 4135/7055/2514 4133/7056/2514
f 4247/7057/2515 4253/7058/2515 4133/7059/2515 4131/7060/2515
f 4241/7061/2516 4247/7057/2516 4131/7060/2516 4129/7062/2516
f 4235/7063/2517 4241/7064/2517 4129/7003/2517 4127/7002/2517
f 4229/7065/2518 4235/7063/2518 4127/7002/2518 4125/7001/2518
f 4223/7066/2519 4229/7065/2519 4125/7001/2519 4123/7000/2519
f 4217/7067/2520 4223/7066/2520 4123/7000/2520 4121/6999/2520
f 4211/7068/2521 4217/7069/2521 4121/7070/2521 4119/7071/2521
f 4205/7072/2522 4211/7073/2522 4119/7074/2522 4117/7075/2522
f 4199/7076/2523 4205/7072/2523 4117/7075/2523 4115/7077/2523
f 4193/7078/2524 4199/7076/2524 4115/7077/2524 4113/7079/2524
f 4187/7080/2525 4193/7078/2525 4113/7079/2525 4111/7081/2525
f 4181/7082/2526 4187/7080/2526 4111/7081/2526 4109/7083/2526
f 4175/7084/2527 4181/7085/2527 4109/7086/2527 4107/7087/2527
f 4168/7088/2528 4175/7084/2528 4107/7087/2528 4105/7089/2528
f 4259/7054/2529 4263/7090/2529 4170/7091/2529 4168/7088/2529
f 4263/7090/2530 4262/7092/2530 4171/7093/2530 4170/7091/2530
f 4262/7094/2531 4261/7095/2531 4172/7096/2531 4171/7097/2531
f 4261/7098/374 4260/7098/374 4173/7098/374 4172/7098/374
f 4260/7099/2477 4258/6957/2477 4169/6956/2477 4173/7100/2477
f 4253/7053/2532 4257/7101/2532 4263/7090/2532 4259/7054/2532
f 4257/7101/2533 4256/7102/2533 4262/7092/2533 4263/7090/2533
f 4256/7103/2534 4255/7104/2534 4261/7095/2534 4262/7094/2534
f 4255/7098/374 4254/7098/374 4260/7098/374 4261/7098/374
f 4254/7105/2492 4252/6991/2492 4258/6957/2492 4260/7099/2492
f 4247/7057/2535 4251/7106/2535 4257/7107/2535 4253/7058/2535
f 4251/7106/2536 4250/7108/2536 4256/7109/2536 4257/7107/2536
f 4250/7108/2537 4249/7110/2537 4255/7111/2537 4256/7109/2537
f 4249/7098/374 4248/7098/374 4254/7098/374 4255/7098/374
f 4248/7112/2491 4246/6987/2491 4252/6989/2491 4254/7113/2491
f 4241/7061/2538 4245/7114/2538 4251/7106/2538 4247/7057/2538
f 4245/7114/2539 4244/7115/2539 4250/7108/2539 4251/7106/2539
f 4244/7115/2540 4243/7116/2540 4249/7110/2540 4250/7108/2540
f 4243/7098/374 4242/7098/374 4248/7098/374 4249/7098/374
f 4242/7117/2490 4240/6985/2490 4246/6987/2490 4248/7112/2490
f 4235/7063/2541 4239/7118/2541 4245/7119/2541 4241/7064/2541
f 4239/7120/2542 4238/7121/2542 4244/7115/2542 4245/7114/2542
f 4238/7121/2543 4237/7122/2543 4243/7116/2543 4244/7115/2543
f 4237/7098/374 4236/7098/374 4242/7098/374 4243/7098/374
f 4236/7123/2488 4234/6982/2488 4240/6985/2488 4242/7117/2488
f 4229/7065/2544 4233/7124/2544 4239/7118/2544 4235/7063/2544
f 4233/7125/2545 4232/7126/2545 4238/7121/2545 4239/7120/2545
f 4232/7126/2546 4231/7127/2546 4237/7122/2546 4238/7121/2546
f 4231/7098/374 4230/7098/374 4236/7098/374 4237/7098/374
f 4230/7128/2487 4228/6983/2487 4234/6982/2487 4236/7123/2487
f 4223/7066/2547 4227/7129/2547 4233/7124/2547 4229/7065/2547
f 4227/7130/2548 4226/7131/2548 4232/7132/2548 4233/7133/2548
f 4226/7131/2549 4225/7134/2549 4231/7135/2549 4232/7132/2549
f 4225/7098/374 4224/7098/374 4230/7098/374 4231/7098/374
f 4224/7136/2486 4222/6977/2486 4228/6979/2486 4230/7137/2486
f 4217/7067/2550 4221/7138/2550 4227/7129/2550 4223/7066/2550
f 4221/7139/2551 4220/7140/2551 4226/7131/2551 4227/7130/2551
f 4220/7140/2552 4219/7141/2552 4225/7134/2552 4226/7131/2552
f 4219/7098/374 4218/7098/374 4224/7098/374 4225/7098/374
f 4218/7142/2553 4216/6975/2485 4222/6977/2485 4224/7136/2553
f 4211/7068/2554 4215/7143/2554 4221/7139/2554 4217/7069/2554
f 4215/7143/2555 4214/7144/2555 4220/7140/2555 4221/7139/2555
f 4214/7144/2556 4213/7145/2556 4219/7141/2556 4220/7140/2556
f 4213/7098/374 4212/7098/374 4218/7098/374 4219/7098/374
f 4212/7146/2484 4210/6972/2484 4216/6975/2484 4218/7142/2484
f 4205/7072/2557 4209/7147/2557 4215/7148/2557 4211/7073/2557
f 4209/7149/2558 4208/7150/2558 4214/7144/2558 4215/7143/2558
f 4208/7150/2559 4207/7151/2559 4213/7145/2559 4214/7144/2559
f 4207/7098/374 4206/7098/374 4212/7098/374 4213/7098/374
f 4206/7152/2560 4204/6973/2483 4210/6972/2483 4212/7146/2560
f 4199/7076/2561 4203/7153/2561 4209/7147/2561 4205/7072/2561
f 4203/7153/2562 4202/7154/2562 4208/7155/2562 4209/7147/2562
f 4202/7154/2563 4201/7156/2563 4207/7157/2563 4208/7155/2563
f 4201/7098/374 4200/7098/374 4206/7098/374 4207/7098/374
f 4200/7158/2564 4198/6967/2482 4204/6969/2482 4206/7159/2564
f 4193/7078/2565 4197/7160/2565 4203/7153/2565 4199/7076/2565
f 4197/7160/2566 4196/7161/2566 4202/7154/2566 4203/7153/2566
f 4196/7161/2567 4195/7162/2567 4201/7156/2567 4202/7154/2567
f 4195/7098/374 4194/7098/374 4200/7098/374 4201/7098/374
f 4194/7163/2568 4192/6964/2481 4198/6967/2481 4200/7158/2568
f 4187/7080/2569 4191/7164/2569 4197/7160/2569 4193/7078/2569
f 4191/7164/2570 4190/7165/2570 4196/7161/2570 4197/7160/2570
f 4190/7165/2571 4189/7166/2571 4195/7162/2571 4196/7161/2571
f 4189/7098/374 4188/7098/374 4194/7098/374 4195/7098/374
f 4188/7167/2480 4186/6965/2480 4192/6964/2480 4194/7163/2480
f 4181/7082/2572 4185/7168/2572 4191/7164/2572 4187/7080/2572
f 4185/7168/2573 4184/7169/2573 4190/7165/2573 4191/7164/2573
f 4184/7170/2574 4183/7171/2574 4189/7172/2574 4190/7173/2574
f 4183/7098/374 4182/7098/374 4188/7098/374 4189/7098/374
f 4182/7174/2479 4180/6961/2479 4186/6960/2479 4188/7175/2479
f 4175/7084/2575 4179/7176/2575 4185/7177/2575 4181/7085/2575
f 4179/7176/2576 4178/7178/2576 4184/7179/2576 4185/7177/2576
f 4178/7180/2577 4177/7181/2577 4183/7171/2577 4184/7170/2577
f 4177/7098/374 4176/7098/374 4182/7098/374 4183/7098/374
f 4176/7182/2513 4174/7010/2513 4180/6961/2513 4182/7174/2513
f 4168/7088/2578 4170/7091/2578 4179/7176/2578 4175/7084/2578
f 4170/7091/2579 4171/7093/2579 4178/7178/2579 4179/7176/2579
f 4171/7097/2580 4172/7096/2580 4177/7181/2580 4178/7180/2580
f 4172/7098/374 4173/7098/374 4176/7098/374 4177/7098/374
f 4173/7100/2581 4169/6956/2494 4174/7010/2494 4176/7182/2581
f 4259/7054/2582 4168/7088/2582 4105/7089/2582 4135/7055/2582
f 4271/7183/374 4299/7183/374 4309/7183/374 4270/7183/374
f 4157/7008/374 4296/7008/374 4280/7008/374 4156/7008/374
f 4272/7183/374 4283/7183/374 4299/7183/374 4271/7183/374
f 4154/7008/374 4304/7008/374 4288/7008/374 4153/7008/374
f 4152/7008/374 4289/7008/374 4294/7008/374 4167/7008/374
f 4273/7183/374 4310/7183/374 4283/7183/374 4272/7183/374
f 4165/7008/374 4286/7008/374 4293/7008/374 4164/7008/374
f 4274/7183/374 4297/7183/374 4310/7183/374 4273/7183/374
f 4162/7008/374 4284/7008/374 4292/7008/374 4161/7008/374
f 4275/7183/374 4281/7183/374 4297/7183/374 4274/7183/374
f 4276/7183/374 4311/7183/374 4281/7183/374 4275/7183/374
f 4159/7008/374 4282/7008/374 4291/7008/374 4158/7008/374
f 4277/7183/374 4306/7183/374 4311/7183/374 4276/7183/374
f 4156/7008/374 4280/7008/374 4290/7008/374 4155/7008/374
f 4264/7183/374 4307/7183/374 4305/7183/374 4279/7183/374
f 4134/7184/2583 4104/7185/2583 4279/7186/2583 4278/7187/2583
f 4132/7188/2584 4134/7184/2584 4278/7187/2584 4277/7189/2584
f 4130/7190/2585 4132/7191/2585 4277/7192/2585 4276/7193/2585
f 4128/7194/2586 4130/7190/2586 4276/7193/2586 4275/7195/2586
f 4126/7196/2587 4128/7194/2587 4275/7195/2587 4274/7197/2587
f 4124/7198/2588 4126/7196/2588 4274/7197/2588 4273/7199/2588
f 4122/7200/2589 4124/7201/2589 4273/7202/2589 4272/7203/2589
f 4120/7204/2503 4122/7200/2503 4272/7203/2503 4271/7205/2503
f 4118/7206/2590 4120/7204/2590 4271/7205/2590 4270/7207/2590
f 4116/7208/2591 4118/7206/2591 4270/7207/2591 4269/7209/2591
f 4114/7210/2506 4116/7211/2506 4269/7212/2506 4268/7213/2506
f 4112/7214/2507 4114/7210/2507 4268/7213/2507 4267/7215/2507
f 4110/7216/2592 4112/7214/2592 4267/7215/2592 4266/7217/2592
f 4108/7218/2593 4110/7216/2593 4266/7217/2593 4265/7219/2593
f 4106/7220/2594 4108/7221/2594 4265/7222/2594 4264/7223/2594
f 4104/7185/2511 4106/7220/2511 4264/7223/2511 4279/7186/2511
f 4305/7224/2595 4307/7225/2595 4378/7226/2596 4367/7227/2596
f 4366/7228/2597 4379/7229/2597 4294/7230/2597 4289/7231/2597
f 4306/7232/2598 4295/7233/2598 4336/7234/2598 4372/7235/2598
f 4287/7236/2599 4308/7237/2599 4384/7238/2600 4330/7239/2600
f 4307/7225/2601 4303/7240/2601 4360/7241/2602 4378/7226/2602
f 4303/7240/2603 4287/7236/2603 4330/7239/2603 4360/7241/2603
f 4285/7242/2604 4309/7243/2604 4390/7244/2605 4324/7245/2605
f 4308/7246/2606 4301/7247/2606 4354/7248/2606 4384/7249/2606
f 4301/7250/2607 4285/7242/2607 4324/7245/2607 4354/7251/2607
f 4283/7252/2608 4310/7253/2608 4396/7254/2608 4318/7255/2608
f 4309/7243/2609 4299/7256/2609 4348/7257/2609 4390/7244/2609
f 4299/7256/2610 4283/7252/2610 4318/7255/2611 4348/7257/2611
f 4281/7258/2612 4311/7259/2612 4402/7260/2612 4312/7261/2612
f 4310/7262/2613 4297/7263/2613 4342/7264/2613 4396/7265/2613
f 4295/7233/2614 4305/7224/2614 4367/7227/2614 4336/7234/2614
f 4270/7183/374 4309/7183/374 4285/7183/374 4269/7183/374
f 4163/7008/374 4300/7008/374 4284/7008/374 4162/7008/374
f 4167/7008/374 4294/7008/374 4302/7008/374 4166/7008/374
f 4269/7183/374 4285/7183/374 4301/7183/374 4268/7183/374
f 4166/7008/374 4302/7008/374 4286/7008/374 4165/7008/374
f 4164/7008/374 4293/7008/374 4300/7008/374 4163/7008/374
f 4268/7183/374 4301/7183/374 4308/7183/374 4267/7183/374
f 4161/7008/374 4292/7008/374 4298/7008/374 4160/7008/374
f 4267/7183/374 4308/7183/374 4287/7183/374 4266/7183/374
f 4158/7008/374 4291/7008/374 4296/7008/374 4157/7008/374
f 4266/7183/374 4287/7183/374 4303/7183/374 4265/7183/374
f 4279/7183/374 4305/7183/374 4295/7183/374 4278/7183/374
f 4155/7008/374 4290/7008/374 4304/7008/374 4154/7008/374
f 4265/7183/374 4303/7183/374 4307/7183/374 4264/7183/374
f 4278/7183/374 4295/7183/374 4306/7183/374 4277/7183/374
f 4153/7008/374 4288/7008/374 4289/7008/374 4152/7008/374
f 4373/7266/2615 4337/7267/2615 4288/7268/2615 4304/7269/2615
f 4337/7267/2616 4366/7228/2616 4289/7231/2616 4288/7268/2616
f 4403/7270/2617 4373/7266/2617 4304/7269/2617 4290/7271/2617
f 4343/7272/2618 4313/7273/2618 4280/7274/2618 4296/7275/2618
f 4313/7273/2619 4403/7276/2619 4290/7277/2619 4280/7274/2619
f 4397/7278/2620 4343/7272/2620 4296/7275/2620 4291/7279/2620
f 4349/7280/2621 4319/7281/2621 4282/7282/2621 4298/7283/2621
f 4319/7281/2622 4397/7278/2622 4291/7279/2622 4282/7282/2622
f 4391/7284/2623 4349/7285/2623 4298/7286/2623 4292/7287/2623
f 4355/7288/2624 4325/7289/2624 4284/7290/2624 4300/7291/2624
f 4325/7289/2625 4391/7284/2625 4292/7287/2625 4284/7290/2625
f 4385/7292/2626 4355/7288/2626 4300/7291/2626 4293/7293/2626
f 4361/7294/2627 4331/7295/2627 4286/7296/2627 4302/7297/2627
f 4331/7295/2628 4385/7292/2628 4293/7293/2628 4286/7296/2628
f 4379/7229/2629 4361/7298/2629 4302/7299/2629 4294/7230/2629
f 4311/7259/2630 4306/7300/2630 4372/7301/2631 4402/7260/2631
f 4337/7267/2632 4341/7302/2632 4368/7303/2632 4366/7228/2632
f 4341/7302/2633 4340/7304/2633 4369/7305/2633 4368/7303/2633
f 4340/7306/2634 4339/7307/2634 4370/7308/2634 4369/7309/2634
f 4339/7310/374 4338/7310/374 4371/7310/374 4370/7310/374
f 4338/7311/2635 4336/7234/2614 4367/7227/2614 4371/7312/2635
f 4373/7266/2636 4377/7313/2636 4341/7302/2636 4337/7267/2636
f 4377/7313/2637 4376/7314/2637 4340/7304/2637 4341/7302/2637
f 4376/7315/2638 4375/7316/2638 4339/7307/2638 4340/7306/2638
f 4375/7310/374 4374/7310/374 4338/7310/374 4339/7310/374
f 4374/7317/2639 4372/7235/2598 4336/7234/2598 4338/7311/2639
f 4403/7318/2640 4407/7319/2640 4377/7320/2640 4373/7321/2640
f 4407/7319/2641 4406/7322/2641 4376/7323/2641 4377/7320/2641
f 4406/7322/2642 4405/7324/2642 4375/7325/2642 4376/7323/2642
f 4405/7310/374 4404/7310/374 4374/7310/374 4375/7310/374
f 4404/7326/2643 4402/7260/2631 4372/7301/2631 4374/7327/2643
f 4313/7328/2644 4317/7329/2644 4407/7319/2644 4403/7318/2644
f 4317/7329/2645 4316/7330/2645 4406/7322/2645 4407/7319/2645
f 4316/7330/2646 4315/7331/2646 4405/7324/2646 4406/7322/2646
f 4315/7310/374 4314/7310/374 4404/7310/374 4405/7310/374
f 4314/7332/2612 4312/7261/2612 4402/7260/2612 4404/7326/2612
f 4343/7272/2647 4347/7333/2647 4317/7334/2647 4313/7273/2647
f 4347/7335/2648 4346/7336/2648 4316/7330/2648 4317/7329/2648
f 4346/7336/2649 4345/7337/2649 4315/7331/2649 4316/7330/2649
f 4345/7310/374 4344/7310/374 4314/7310/374 4315/7310/374
f 4344/7338/2650 4342/7264/2650 4312/7261/2650 4314/7332/2650
f 4397/7278/2651 4401/7339/2651 4347/7333/2651 4343/7272/2651
f 4401/7340/2652 4400/7341/2652 4346/7336/2652 4347/7335/2652
f 4400/7341/2653 4399/7342/2653 4345/7337/2653 4346/7336/2653
f 4399/7310/374 4398/7310/374 4344/7310/374 4345/7310/374
f 4398/7343/2654 4396/7265/2613 4342/7264/2613 4344/7338/2654
f 4319/7281/2655 4323/7344/2655 4401/7339/2655 4397/7278/2655
f 4323/7345/2656 4322/7346/2656 4400/7347/2656 4401/7348/2656
f 4322/7346/2657 4321/7349/2657 4399/7350/2657 4400/7347/2657
f 4321/7310/374 4320/7310/374 4398/7310/374 4399/7310/374
f 4320/7351/2658 4318/7255/2608 4396/7254/2608 4398/7352/2658
f 4349/7280/2659 4353/7353/2659 4323/7344/2659 4319/7281/2659
f 4353/7354/2660 4352/7355/2660 4322/7346/2660 4323/7345/2660
f 4352/7355/2661 4351/7356/2661 4321/7349/2661 4322/7346/2661
f 4351/7310/374 4350/7310/374 4320/7310/374 4321/7310/374
f 4350/7357/2611 4348/7257/2611 4318/7255/2611 4320/7351/2611
f 4391/7284/2662 4395/7358/2662 4353/7359/2662 4349/7285/2662
f 4395/7360/2663 4394/7361/2663 4352/7355/2663 4353/7354/2663
f 4394/7361/2664 4393/7362/2664 4351/7356/2664 4352/7355/2664
f 4393/7310/374 4392/7310/374 4350/7310/374 4351/7310/374
f 4392/7363/2609 4390/7244/2609 4348/7257/2609 4350/7357/2609
f 4325/7289/2665 4329/7364/2665 4395/7358/2665 4391/7284/2665
f 4329/7365/2666 4328/7366/2666 4394/7361/2666 4395/7360/2666
f 4328/7366/2667 4327/7367/2667 4393/7362/2667 4394/7361/2667
f 4327/7310/374 4326/7310/374 4392/7310/374 4393/7310/374
f 4326/7368/2605 4324/7245/2605 4390/7244/2605 4392/7363/2605
f 4355/7288/2668 4359/7369/2668 4329/7364/2668 4325/7289/2668
f 4359/7369/2669 4358/7370/2669 4328/7371/2669 4329/7364/2669
f 4358/7370/2670 4357/7372/2670 4327/7373/2670 4328/7371/2670
f 4357/7310/374 4356/7310/374 4326/7310/374 4327/7310/374
f 4356/7374/2671 4354/7251/2607 4324/7245/2607 4326/7368/2671
f 4385/7292/2672 4389/7375/2672 4359/7369/2672 4355/7288/2672
f 4389/7375/2673 4388/7376/2673 4358/7370/2673 4359/7369/2673
f 4388/7376/2674 4387/7377/2674 4357/7372/2674 4358/7370/2674
f 4387/7310/374 4386/7310/374 4356/7310/374 4357/7310/374
f 4386/7378/2675 4384/7249/2606 4354/7248/2606 4356/7379/2675
f 4331/7295/2676 4335/7380/2676 4389/7375/2676 4385/7292/2676
f 4335/7380/2677 4334/7381/2677 4388/7376/2677 4389/7375/2677
f 4334/7381/2678 4333/7382/2678 4387/7377/2678 4388/7376/2678
f 4333/7310/374 4332/7310/374 4386/7310/374 4387/7310/374
f 4332/7383/2600 4330/7239/2600 4384/7238/2600 4386/7384/2600
f 4361/7294/2679 4365/7385/2679 4335/7380/2679 4331/7295/2679
f 4365/7385/2680 4364/7386/2680 4334/7381/2680 4335/7380/2680
f 4364/7387/2681 4363/7388/2681 4333/7389/2681 4334/7390/2681
f 4363/7310/374 4362/7310/374 4332/7310/374 4333/7310/374
f 4362/7391/2603 4360/7241/2603 4330/7239/2603 4332/7383/2603
f 4379/7229/2682 4383/7392/2682 4365/7393/2682 4361/7298/2682
f 4383/7392/2683 4382/7394/2683 4364/7395/2683 4365/7393/2683
f 4382/7396/2684 4381/7397/2684 4363/7388/2684 4364/7387/2684
f 4381/7310/374 4380/7310/374 4362/7310/374 4363/7310/374
f 4380/7398/2685 4378/7226/2602 4360/7241/2602 4362/7391/2685
f 4366/7228/2686 4368/7303/2686 4383/7392/2686 4379/7229/2686
f 4368/7303/2687 4369/7305/2687 4382/7394/2687 4383/7392/2687
f 4369/7309/2688 4370/7308/2688 4381/7397/2688 4382/7396/2688
f 4370/7310/374 4371/7310/374 4380/7310/374 4381/7310/374
f 4371/7312/2596 4367/7227/2596 4378/7226/2596 4380/7398/2596
f 4297/7263/2689 4281/7258/2689 4312/7261/2650 4342/7264/2650
f 4455/7399/2690 4562/7400/2690 4473/7401/2690 4440/7402/2690
f 4442/7403/2691 4484/7404/2692 4490/7405/2692 4443/7406/2691
f 4443/7406/2693 4490/7405/2694 4496/7407/2694 4444/7408/2693
f 4444/7409/2695 4496/7410/2695 4502/7411/2695 4445/7412/2695
f 4445/7412/2696 4502/7411/2696 4508/7413/2696 4446/7414/2696
f 4446/7415/2697 4508/7416/2698 4514/7417/2698 4447/7418/2697
f 4447/7418/2699 4514/7417/2699 4520/7419/2699 4448/7420/2699
f 4448/7420/2700 4520/7419/2700 4526/7421/2700 4449/7422/2700
f 4449/7422/2701 4526/7421/2701 4532/7423/2701 4450/7424/2701
f 4450/7424/2702 4532/7423/2702 4538/7425/2702 4451/7426/2702
f 4451/7427/2703 4538/7428/2703 4544/7429/2703 4452/7430/2703
f 4452/7430/2704 4544/7429/2705 4550/7431/2705 4453/7432/2704
f 4453/7432/2706 4550/7431/2706 4556/7433/2706 4454/7434/2706
f 4454/7434/2707 4556/7433/2708 4562/7400/2708 4455/7399/2707
f 4411/7435/2709 4409/7436/2709 4439/7437/2709 4437/7438/2709 4435/7439/2709 4433/7440/2709 4431/7441/2709 4429/7442/2709 4427/7443/2709 4425/7444/2709 4423/7445/2709 4421/7446/2709 4419/7447/2709 4417/7448/2709 4415/7449/2709 4413/7450/2709
f 4464/7451/374 4463/7451/374 4586/7451/374 4602/7451/374
f 4440/7452/2710 4473/7453/2710 4478/7454/2710 4441/7455/2710
f 4408/7456/2711 4410/7457/2711 4412/7458/2711 4414/7459/2711 4416/7460/2711 4418/7461/2711 4420/7462/2711 4422/7463/2711 4424/7464/2711 4426/7465/2711 4428/7466/2711 4430/7467/2711 4432/7468/2711 4434/7469/2711 4436/7470/2711 4438/7471/2711
f 4457/7472/2712 4455/7399/2712 4440/7402/2712 4456/7473/2712
f 4458/7474/2713 4454/7434/2713 4455/7399/2713 4457/7472/2713
f 4459/7475/2714 4453/7432/2714 4454/7434/2714 4458/7474/2714
f 4460/7476/2715 4452/7430/2715 4453/7432/2715 4459/7475/2715
f 4461/7477/2716 4451/7427/2716 4452/7430/2716 4460/7476/2716
f 4462/7478/2717 4450/7479/2717 4451/7480/2717 4461/7481/2717
f 4463/7482/2718 4449/7483/2718 4450/7479/2718 4462/7478/2718
f 4464/7484/2719 4448/7485/2719 4449/7483/2719 4463/7482/2719
f 4465/7486/2720 4447/7487/2720 4448/7485/2720 4464/7484/2720
f 4466/7488/2721 4446/7489/2721 4447/7487/2721 4465/7486/2721
f 4467/7490/2722 4445/7412/2722 4446/7414/2722 4466/7491/2722
f 4468/7492/2723 4444/7409/2723 4445/7412/2723 4467/7490/2723
f 4469/7493/2724 4443/7494/2724 4444/7409/2724 4468/7492/2724
f 4470/7495/2725 4442/7403/2725 4443/7406/2725 4469/7496/2725
f 4471/7497/2726 4441/7455/2726 4442/7403/2726 4470/7495/2726
f 4456/7498/2727 4440/7452/2727 4441/7455/2727 4471/7497/2727
f 4441/7455/2728 4478/7454/2728 4484/7404/2728 4442/7403/2728
f 4557/7499/2729 4437/7500/2729 4439/7501/2729 4563/7502/2729
f 4551/7503/2730 4435/7504/2730 4437/7500/2730 4557/7499/2730
f 4545/7505/2731 4433/7506/2731 4435/7504/2731 4551/7503/2731
f 4539/7507/2732 4431/7508/2732 4433/7506/2732 4545/7505/2732
f 4533/7509/2733 4429/7510/2733 4431/7511/2733 4539/7512/2733
f 4527/7513/2734 4427/7514/2734 4429/7510/2734 4533/7509/2734
f 4521/7515/2735 4425/7516/2735 4427/7514/2735 4527/7513/2735
f 4515/7517/2736 4423/7518/2736 4425/7516/2736 4521/7515/2736
f 4509/7519/2737 4421/7520/2737 4423/7518/2737 4515/7517/2737
f 4503/7521/2738 4419/7522/2738 4421/7523/2738 4509/7524/2738
f 4497/7525/2739 4417/7526/2739 4419/7522/2739 4503/7521/2739
f 4491/7527/2740 4415/7528/2740 4417/7526/2740 4497/7525/2740
f 4485/7529/2741 4413/7530/2741 4415/7528/2741 4491/7527/2741
f 4479/7531/2742 4411/7532/2742 4413/7533/2742 4485/7534/2742
f 4472/7535/2743 4409/7436/2743 4411/7435/2743 4479/7536/2743
f 4563/7537/2744 4472/7535/2744 4474/7538/2744 4567/7539/2744
f 4567/7540/2745 4474/7541/2745 4475/7542/2745 4566/7543/2745
f 4566/7543/2746 4475/7542/2746 4476/7544/2746 4565/7545/2746
f 4565/7546/374 4476/7546/374 4477/7546/374 4564/7546/374
f 4564/7547/2690 4477/7548/2690 4473/7401/2690 4562/7400/2690
f 4557/7499/2747 4563/7502/2747 4567/7540/2747 4561/7549/2747
f 4561/7549/2748 4567/7540/2748 4566/7543/2748 4560/7550/2748
f 4560/7550/2749 4566/7543/2749 4565/7545/2749 4559/7551/2749
f 4559/7546/374 4565/7546/374 4564/7546/374 4558/7546/374
f 4558/7552/2750 4564/7547/2750 4562/7400/2708 4556/7433/2708
f 4551/7503/2751 4557/7499/2751 4561/7549/2751 4555/7553/2751
f 4555/7553/2752 4561/7549/2752 4560/7550/2752 4554/7554/2752
f 4554/7554/2753 4560/7550/2753 4559/7551/2753 4553/7555/2753
f 4553/7546/374 4559/7546/374 4558/7546/374 4552/7546/374
f 4552/7556/2754 4558/7552/2754 4556/7433/2706 4550/7431/2706
f 4545/7505/2755 4551/7503/2755 4555/7553/2755 4549/7557/2755
f 4549/7557/2756 4555/7553/2756 4554/7554/2756 4548/7558/2756
f 4548/7558/2757 4554/7554/2757 4553/7555/2757 4547/7559/2757
f 4547/7546/374 4553/7546/374 4552/7546/374 4546/7546/374
f 4546/7560/2705 4552/7556/2705 4550/7431/2705 4544/7429/2705
f 4539/7507/2758 4545/7505/2758 4549/7557/2758 4543/7561/2758
f 4543/7561/2759 4549/7557/2759 4548/7558/2759 4542/7562/2759
f 4542/7562/2760 4548/7558/2760 4547/7559/2760 4541/7563/2760
f 4541/7546/374 4547/7546/374 4546/7546/374 4540/7546/374
f 4540/7564/2703 4546/7560/2703 4544/7429/2703 4538/7428/2703
f 4533/7509/2761 4539/7512/2761 4543/7565/2761 4537/7566/2761
f 4537/7566/2762 4543/7565/2762 4542/7567/2762 4536/7568/2762
f 4536/7569/2763 4542/7562/2763 4541/7563/2763 4535/7570/2763
f 4535/7546/374 4541/7546/374 4540/7546/374 4534/7546/374
f 4534/7571/2702 4540/7572/2702 4538/7425/2702 4532/7423/2702
f 4527/7513/2764 4533/7509/2764 4537/7566/2764 4531/7573/2764
f 4531/7573/2765 4537/7566/2765 4536/7568/2765 4530/7574/2765
f 4530/7574/2766 4536/7568/2766 4535/7575/2766 4529/7576/2766
f 4529/7546/374 4535/7546/374 4534/7546/374 4528/7546/374
f 4528/7577/2701 4534/7571/2701 4532/7423/2701 4526/7421/2701
f 4521/7515/2767 4527/7513/2767 4531/7573/2767 4525/7578/2767
f 4525/7578/2768 4531/7573/2768 4530/7574/2768 4524/7579/2768
f 4524/7579/2769 4530/7574/2769 4529/7576/2769 4523/7580/2769
f 4523/7546/374 4529/7546/374 4528/7546/374 4522/7546/374
f 4522/7581/2700 4528/7577/2700 4526/7421/2700 4520/7419/2700
f 4515/7517/2770 4521/7515/2770 4525/7578/2770 4519/7582/2770
f 4519/7582/2771 4525/7578/2771 4524/7579/2771 4518/7583/2771
f 4518/7583/2772 4524/7579/2772 4523/7580/2772 4517/7584/2772
f 4517/7546/374 4523/7546/374 4522/7546/374 4516/7546/374
f 4516/7585/2699 4522/7581/2699 4520/7419/2699 4514/7417/2699
f 4509/7519/2773 4515/7517/2773 4519/7582/2773 4513/7586/2773
f 4513/7586/2774 4519/7582/2774 4518/7583/2774 4512/7587/2774
f 4512/7587/2775 4518/7583/2775 4517/7584/2775 4511/7588/2775
f 4511/7546/374 4517/7546/374 4516/7546/374 4510/7546/374
f 4510/7589/2776 4516/7585/2776 4514/7417/2698 4508/7416/2698
f 4503/7521/2777 4509/7524/2777 4513/7590/2777 4507/7591/2777
f 4507/7591/2778 4513/7590/2778 4512/7592/2778 4506/7593/2778
f 4506/7593/2779 4512/7592/2779 4511/7594/2779 4505/7595/2779
f 4505/7546/374 4511/7546/374 4510/7546/374 4504/7546/374
f 4504/7596/2696 4510/7597/2696 4508/7413/2696 4502/7411/2696
f 4497/7525/2780 4503/7521/2780 4507/7591/2780 4501/7598/2780
f 4501/7598/2781 4507/7591/2781 4506/7593/2781 4500/7599/2781
f 4500/7599/2782 4506/7593/2782 4505/7595/2782 4499/7600/2782
f 4499/7546/374 4505/7546/374 4504/7546/374 4498/7546/374
f 4498/7601/2783 4504/7596/2783 4502/7411/2695 4496/7410/2695
f 4491/7527/2784 4497/7525/2784 4501/7598/2784 4495/7602/2784
f 4495/7602/2785 4501/7598/2785 4500/7599/2785 4494/7603/2785
f 4494/7603/2786 4500/7599/2786 4499/7600/2786 4493/7604/2786
f 4493/7546/374 4499/7546/374 4498/7546/374 4492/7546/374
f 4492/7605/2787 4498/7606/2787 4496/7407/2694 4490/7405/2694
f 4485/7529/2788 4491/7527/2788 4495/7602/2788 4489/7607/2788
f 4489/7608/2789 4495/7609/2789 4494/7610/2789 4488/7611/2789
f 4488/7611/2790 4494/7610/2790 4493/7612/2790 4487/7613/2790
f 4487/7546/374 4493/7546/374 4492/7546/374 4486/7546/374
f 4486/7614/2692 4492/7605/2692 4490/7405/2692 4484/7404/2692
f 4479/7531/2791 4485/7534/2791 4489/7608/2791 4483/7615/2791
f 4483/7615/2792 4489/7608/2792 4488/7611/2792 4482/7616/2792
f 4482/7616/2793 4488/7611/2793 4487/7613/2793 4481/7617/2793
f 4481/7546/374 4487/7546/374 4486/7546/374 4480/7546/374
f 4480/7618/2794 4486/7614/2794 4484/7404/2728 4478/7454/2728
f 4472/7535/2795 4479/7536/2795 4483/7619/2795 4474/7538/2795
f 4474/7620/2796 4483/7615/2796 4482/7616/2796 4475/7621/2796
f 4475/7621/2797 4482/7616/2797 4481/7617/2797 4476/7622/2797
f 4476/7546/374 4481/7546/374 4480/7546/374 4477/7546/374
f 4477/7623/2710 4480/7618/2710 4478/7454/2710 4473/7453/2710
f 4563/7537/2798 4439/7437/2798 4409/7436/2798 4472/7535/2798
f 4575/7624/374 4574/7624/374 4613/7624/374 4603/7624/374
f 4461/7451/374 4460/7451/374 4584/7451/374 4600/7451/374
f 4576/7624/374 4575/7624/374 4603/7624/374 4587/7624/374
f 4458/7451/374 4457/7451/374 4592/7451/374 4608/7451/374
f 4456/7451/374 4471/7451/374 4598/7451/374 4593/7451/374
f 4577/7624/374 4576/7624/374 4587/7624/374 4614/7624/374
f 4469/7451/374 4468/7451/374 4597/7451/374 4590/7451/374
f 4578/7624/374 4577/7624/374 4614/7624/374 4601/7624/374
f 4466/7451/374 4465/7451/374 4596/7451/374 4588/7451/374
f 4579/7624/374 4578/7624/374 4601/7624/374 4585/7624/374
f 4580/7624/374 4579/7624/374 4585/7624/374 4615/7624/374
f 4463/7451/374 4462/7451/374 4595/7451/374 4586/7451/374
f 4581/7624/374 4580/7624/374 4615/7624/374 4610/7624/374
f 4460/7451/374 4459/7451/374 4594/7451/374 4584/7451/374
f 4568/7624/374 4583/7624/374 4609/7624/374 4611/7624/374
f 4438/7625/2799 4582/7626/2799 4583/7627/2799 4408/7628/2799
f 4436/7629/2800 4581/7630/2800 4582/7626/2800 4438/7625/2800
f 4434/7631/2801 4580/7632/2801 4581/7630/2801 4436/7629/2801
f 4432/7633/2802 4579/7634/2802 4580/7632/2802 4434/7631/2802
f 4430/7635/2803 4578/7636/2803 4579/7634/2803 4432/7633/2803
f 4428/7637/2804 4577/7638/2804 4578/7639/2804 4430/7640/2804
f 4426/7641/2805 4576/7642/2805 4577/7638/2805 4428/7637/2805
f 4424/7643/2806 4575/7644/2806 4576/7642/2806 4426/7641/2806
f 4422/7645/2807 4574/7646/2807 4575/7644/2807 4424/7643/2807
f 4420/7647/2808 4573/7648/2808 4574/7646/2808 4422/7645/2808
f 4418/7649/2809 4572/7650/2809 4573/7651/2809 4420/7652/2809
f 4416/7653/2810 4571/7654/2810 4572/7650/2810 4418/7649/2810
f 4414/7655/2811 4570/7656/2811 4571/7654/2811 4416/7653/2811
f 4412/7657/2812 4569/7658/2812 4570/7659/2812 4414/7660/2812
f 4410/7661/2813 4568/7662/2813 4569/7658/2813 4412/7657/2813
f 4408/7663/2814 4583/7664/2814 4568/7662/2814 4410/7661/2814
f 4609/7665/2815 4671/7666/2816 4682/7667/2816 4611/7668/2815
f 4670/7669/2817 4593/7670/2817 4598/7671/2817 4683/7672/2817
f 4610/7673/2818 4676/7674/2818 4640/7675/2818 4599/7676/2818
f 4591/7677/2819 4634/7678/2819 4688/7679/2819 4612/7680/2819
f 4611/7668/2820 4682/7667/2821 4664/7681/2821 4607/7682/2820
f 4607/7682/2822 4664/7681/2823 4634/7678/2823 4591/7677/2822
f 4589/7683/2824 4628/7684/2825 4694/7685/2825 4613/7686/2824
f 4612/7687/2826 4688/7688/2826 4658/7689/2826 4605/7690/2826
f 4605/7690/2827 4658/7689/2827 4628/7691/2827 4589/7692/2827
f 4587/7693/2828 4622/7694/2829 4700/7695/2829 4614/7696/2828
f 4613/7686/2830 4694/7685/2831 4652/7697/2831 4603/7698/2830
f 4603/7698/2832 4652/7697/2832 4622/7694/2832 4587/7693/2832
f 4585/7699/2833 4616/7700/2834 4706/7701/2834 4615/7702/2833
f 4614/7696/2835 4700/7695/2836 4646/7703/2836 4601/7704/2835
f 4599/7705/2837 4640/7706/2838 4671/7666/2838 4609/7665/2837
f 4574/7624/374 4573/7624/374 4589/7624/374 4613/7624/374
f 4467/7451/374 4466/7451/374 4588/7451/374 4604/7451/374
f 4471/7451/374 4470/7451/374 4606/7451/374 4598/7451/374
f 4573/7624/374 4572/7624/374 4605/7624/374 4589/7624/374
f 4470/7451/374 4469/7451/374 4590/7451/374 4606/7451/374
f 4468/7451/374 4467/7451/374 4604/7451/374 4597/7451/374
f 4572/7624/374 4571/7624/374 4612/7624/374 4605/7624/374
f 4465/7451/374 4464/7451/374 4602/7451/374 4596/7451/374
f 4571/7624/374 4570/7624/374 4591/7624/374 4612/7624/374
f 4462/7451/374 4461/7451/374 4600/7451/374 4595/7451/374
f 4570/7624/374 4569/7624/374 4607/7624/374 4591/7624/374
f 4583/7624/374 4582/7624/374 4599/7624/374 4609/7624/374
f 4459/7451/374 4458/7451/374 4608/7451/374 4594/7451/374
f 4569/7624/374 4568/7624/374 4611/7624/374 4607/7624/374
f 4582/7624/374 4581/7624/374 4610/7624/374 4599/7624/374
f 4457/7451/374 4456/7451/374 4593/7451/374 4592/7451/374
f 4677/7707/2839 4608/7708/2839 4592/7709/2839 4641/7710/2839
f 4641/7710/2840 4592/7709/2840 4593/7670/2840 4670/7669/2840
f 4707/7711/2841 4594/7712/2841 4608/7713/2841 4677/7714/2841
f 4647/7715/2842 4600/7716/2842 4584/7717/2842 4617/7718/2842
f 4617/7718/2843 4584/7717/2843 4594/7712/2843 4707/7711/2843
f 4701/7719/2844 4595/7720/2844 4600/7721/2844 4647/7722/2844
f 4653/7723/2845 4602/7724/2845 4586/7725/2845 4623/7726/2845
f 4623/7726/2846 4586/7725/2846 4595/7720/2846 4701/7719/2846
f 4695/7727/2847 4596/7728/2847 4602/7724/2847 4653/7723/2847
f 4659/7729/2848 4604/7730/2848 4588/7731/2848 4629/7732/2848
f 4629/7733/2849 4588/7734/2849 4596/7728/2849 4695/7727/2849
f 4689/7735/2850 4597/7736/2850 4604/7730/2850 4659/7729/2850
f 4665/7737/2851 4606/7738/2851 4590/7739/2851 4635/7740/2851
f 4635/7740/2852 4590/7739/2852 4597/7736/2852 4689/7735/2852
f 4683/7672/2853 4598/7671/2853 4606/7741/2853 4665/7742/2853
f 4615/7702/2854 4706/7701/2855 4676/7674/2855 4610/7673/2854
f 4641/7710/2856 4670/7669/2856 4672/7743/2856 4645/7744/2856
f 4645/7745/2857 4672/7746/2857 4673/7747/2857 4644/7748/2857
f 4644/7748/2858 4673/7747/2858 4674/7749/2858 4643/7750/2858
f 4643/7751/374 4674/7751/374 4675/7751/374 4642/7751/374
f 4642/7752/2838 4675/7753/2838 4671/7666/2838 4640/7706/2838
f 4677/7714/2859 4641/7754/2859 4645/7745/2859 4681/7755/2859
f 4681/7755/2860 4645/7745/2860 4644/7748/2860 4680/7756/2860
f 4680/7756/2861 4644/7748/2861 4643/7750/2861 4679/7757/2861
f 4679/7751/374 4643/7751/374 4642/7751/374 4678/7751/374
f 4678/7758/2818 4642/7759/2818 4640/7675/2818 4676/7674/2818
f 4707/7711/2862 4677/7714/2862 4681/7755/2862 4711/7760/2862
f 4711/7760/2863 4681/7755/2863 4680/7756/2863 4710/7761/2863
f 4710/7761/2864 4680/7756/2864 4679/7757/2864 4709/7762/2864
f 4709/7751/374 4679/7751/374 4678/7751/374 4708/7751/374
f 4708/7763/2855 4678/7758/2855 4676/7674/2855 4706/7701/2855
f 4617/7718/2865 4707/7711/2865 4711/7760/2865 4621/7764/2865
f 4621/7764/2866 4711/7760/2866 4710/7761/2866 4620/7765/2866
f 4620/7765/2867 4710/7761/2867 4709/7762/2867 4619/7766/2867
f 4619/7751/374 4709/7751/374 4708/7751/374 4618/7751/374
f 4618/7767/2868 4708/7763/2868 4706/7701/2834 4616/7700/2834
f 4647/7715/2869 4617/7718/2869 4621/7764/2869 4651/7768/2869
f 4651/7768/2870 4621/7764/2870 4620/7765/2870 4650/7769/2870
f 4650/7769/2871 4620/7765/2871 4619/7766/2871 4649/7770/2871
f 4649/7751/374 4619/7751/374 4618/7751/374 4648/7751/374
f 4648/7771/2872 4618/7767/2872 4616/7700/2872 4646/7772/2872
f 4701/7719/2873 4647/7722/2873 4651/7773/2873 4705/7774/2873
f 4705/7774/2874 4651/7773/2874 4650/7775/2874 4704/7776/2874
f 4704/7777/2875 4650/7778/2875 4649/7779/2875 4703/7780/2875
f 4703/7751/374 4649/7751/374 4648/7751/374 4702/7751/374
f 4702/7781/2876 4648/7782/2876 4646/7703/2836 4700/7695/2836
f 4623/7726/2877 4701/7719/2877 4705/7774/2877 4627/7783/2877
f 4627/7783/2878 4705/7774/2878 4704/7776/2878 4626/7784/2878
f 4626/7785/2879 4704/7777/2879 4703/7780/2879 4625/7786/2879
f 4625/7751/374 4703/7751/374 4702/7751/374 4624/7751/374
f 4624/7787/2880 4702/7781/2880 4700/7695/2829 4622/7694/2829
f 4653/7723/2881 4623/7726/2881 4627/7783/2881 4657/7788/2881
f 4657/7788/2882 4627/7783/2882 4626/7784/2882 4656/7789/2882
f 4656/7790/2883 4626/7785/2883 4625/7786/2883 4655/7791/2883
f 4655/7751/374 4625/7751/374 4624/7751/374 4654/7751/374
f 4654/7792/2832 4624/7787/2832 4622/7694/2832 4652/7697/2832
f 4695/7727/2884 4653/7723/2884 4657/7788/2884 4699/7793/2884
f 4699/7793/2885 4657/7788/2885 4656/7789/2885 4698/7794/2885
f 4698/7795/2886 4656/7790/2886 4655/7791/2886 4697/7796/2886
f 4697/7751/374 4655/7751/374 4654/7751/374 4696/7751/374
f 4696/7797/2831 4654/7792/2831 4652/7697/2831 4694/7685/2831
f 4629/7733/2887 4695/7727/2887 4699/7793/2887 4633/7798/2887
f 4633/7798/2888 4699/7793/2888 4698/7794/2888 4632/7799/2888
f 4632/7800/2889 4698/7795/2889 4697/7796/2889 4631/7801/2889
f 4631/7751/374 4697/7751/374 4696/7751/374 4630/7751/374
f 4630/7802/2825 4696/7797/2825 4694/7685/2825 4628/7684/2825
f 4659/7729/2890 4629/7732/2890 4633/7803/2890 4663/7804/2890
f 4663/7804/2891 4633/7803/2891 4632/7805/2891 4662/7806/2891
f 4662/7806/2892 4632/7805/2892 4631/7807/2892 4661/7808/2892
f 4661/7751/374 4631/7751/374 4630/7751/374 4660/7751/374
f 4660/7809/2893 4630/7810/2893 4628/7691/2827 4658/7689/2827
f 4689/7735/2894 4659/7729/2894 4663/7804/2894 4693/7811/2894
f 4693/7811/2895 4663/7804/2895 4662/7806/2895 4692/7812/2895
f 4692/7812/2896 4662/7806/2896 4661/7808/2896 4691/7813/2896
f 4691/7751/374 4661/7751/374 4660/7751/374 4690/7751/374
f 4690/7814/2826 4660/7809/2826 4658/7689/2826 4688/7688/2826
f 4635/7740/2897 4689/7735/2897 4693/7811/2897 4639/7815/2897
f 4639/7815/2898 4693/7811/2898 4692/7812/2898 4638/7816/2898
f 4638/7816/2899 4692/7812/2899 4691/7813/2899 4637/7817/2899
f 4637/7751/374 4691/7751/374 4690/7751/374 4636/7751/374
f 4636/7818/2819 4690/7819/2819 4688/7679/2819 4634/7678/2819
f 4665/7737/2900 4635/7740/2900 4639/7815/2900 4669/7820/2900
f 4669/7821/2901 4639/7822/2901 4638/7823/2901 4668/7824/2901
f 4668/7824/2902 4638/7823/2902 4637/7825/2902 4667/7826/2902
f 4667/7751/374 4637/7751/374 4636/7751/374 4666/7751/374
f 4666/7827/2903 4636/7818/2903 4634/7678/2823 4664/7681/2823
f 4683/7828/2904 4665/7829/2904 4669/7821/2904 4687/7830/2904
f 4687/7830/2905 4669/7821/2905 4668/7824/2905 4686/7831/2905
f 4686/7831/2906 4668/7824/2906 4667/7826/2906 4685/7832/2906
f 4685/7751/374 4667/7751/374 4666/7751/374 4684/7751/374
f 4684/7833/2821 4666/7827/2821 4664/7681/2821 4682/7667/2821
f 4670/7669/2907 4683/7672/2907 4687/7834/2907 4672/7743/2907
f 4672/7835/2908 4687/7830/2908 4686/7831/2908 4673/7836/2908
f 4673/7836/2909 4686/7831/2909 4685/7832/2909 4674/7837/2909
f 4674/7751/374 4685/7751/374 4684/7751/374 4675/7751/374
f 4675/7753/2816 4684/7833/2816 4682/7667/2816 4671/7666/2816
f 4601/7838/2910 4646/7772/2872 4616/7700/2872 4585/7699/2910
f 4744/7839/2911 4713/7840/2911 4715/7841/2911 4745/7842/2911
f 4745/7842/2912 4715/7841/2912 4717/7843/2912 4746/7844/2912
f 4746/7845/2913 4717/7846/2913 4719/7847/2913 4747/7848/2913
f 4747/7848/2914 4719/7847/2914 4721/7849/2914 4748/7850/2914
f 4748/7850/2915 4721/7849/2915 4723/7851/2915 4749/7852/2915
f 4749/7852/2916 4723/7851/2916 4725/7853/2916 4750/7854/2916
f 4750/7855/2917 4725/7856/2917 4727/7857/2917 4751/7858/2917
f 4751/7858/2918 4727/7857/2918 4729/7859/2918 4752/7860/2918
f 4752/7860/2919 4729/7859/2919 4731/7861/2919 4753/7862/2919
f 4753/7862/2920 4731/7861/2920 4733/7863/2920 4754/7864/2920
f 4754/7865/2921 4733/7866/2921 4735/7867/2921 4755/7868/2921
f 4755/7868/2922 4735/7867/2922 4737/7869/2922 4756/7870/2922
f 4756/7870/2923 4737/7869/2923 4739/7871/2923 4757/7872/2923
f 4757/7872/2924 4739/7871/2924 4741/7873/2924 4758/7874/2924
f 4715/7875/354 4713/7876/354 4743/7877/354 4741/7878/354 4739/7879/354 4737/7880/354 4735/7881/354 4733/7882/354 4731/7883/354 4729/7884/354 4727/7885/354 4725/7886/354 4723/7887/354 4721/7888/354 4719/7889/354 4717/7890/354
f 4758/7891/2925 4741/7892/2925 4743/7893/2925 4759/7894/2925
f 4759/7894/2926 4743/7893/2926 4713/7840/2926 4744/7839/2926
f 4736/7895/2923 4738/7896/2923 4773/7897/2923 4772/7898/2923
f 4714/7899/356 4712/7900/356 4744/7901/356 4745/7902/356
f 4716/7903/356 4714/7899/356 4745/7902/356 4746/7904/356
f 4718/7905/356 4716/7903/356 4746/7904/356 4747/7906/356
f 4720/7907/356 4718/7905/356 4747/7906/356 4748/7908/356
f 4722/7909/356 4720/7907/356 4748/7908/356 4749/7910/356
f 4724/7911/356 4722/7909/356 4749/7910/356 4750/7912/356
f 4726/7913/356 4724/7911/356 4750/7912/356 4751/7914/356
f 4728/7915/356 4726/7913/356 4751/7914/356 4752/7916/356
f 4730/7917/356 4728/7915/356 4752/7916/356 4753/7918/356
f 4732/7919/356 4730/7917/356 4753/7918/356 4754/7920/356
f 4734/7921/356 4732/7919/356 4754/7920/356 4755/7922/356
f 4736/7923/356 4734/7921/356 4755/7922/356 4756/7924/356
f 4738/7925/356 4736/7923/356 4756/7924/356 4757/7926/356
f 4740/7927/356 4738/7925/356 4757/7926/356 4758/7928/356
f 4742/7929/356 4740/7927/356 4758/7928/356 4759/7930/356
f 4712/7900/356 4742/7929/356 4759/7930/356 4744/7901/356
f 4760/7931/356 4761/7932/356 4762/7933/356 4763/7934/356 4764/7935/356 4765/7936/356 4766/7937/356 4767/7938/356 4768/7939/356 4769/7940/356 4770/7941/356 4771/7942/356 4772/7943/356 4773/7944/356 4774/7945/356 4775/7946/356
f 4722/7947/2916 4724/7948/2916 4766/7949/2916 4765/7950/2916
f 4738/7896/2927 4740/7951/2927 4774/7952/2927 4773/7897/2927
f 4724/7953/2917 4726/7954/2917 4767/7955/2917 4766/7956/2917
f 4740/7957/2928 4742/7958/2928 4775/7959/2928 4774/7960/2928
f 4726/7954/2918 4728/7961/2918 4768/7962/2918 4767/7955/2918
f 4712/7963/2911 4714/7964/2911 4761/7965/2911 4760/7966/2911
f 4742/7958/2926 4712/7963/2926 4760/7966/2926 4775/7959/2926
f 4728/7961/2919 4730/7967/2919 4769/7968/2919 4768/7962/2919
f 4714/7964/2912 4716/7969/2912 4762/7970/2912 4761/7965/2912
f 4730/7967/2929 4732/7971/2929 4770/7972/2929 4769/7968/2929
f 4716/7973/2913 4718/7974/2913 4763/7975/2913 4762/7976/2913
f 4732/7977/2921 4734/7978/2921 4771/7979/2921 4770/7980/2921
f 4718/7974/2914 4720/7981/2914 4764/7982/2914 4763/7975/2914
f 4734/7978/2922 4736/7895/2922 4772/7898/2922 4771/7979/2922
f 4720/7981/2915 4722/7947/2915 4765/7950/2915 4764/7982/2915
f 4781/1787/316 4777/1786/316 4780/7983/316 4783/7984/316
f 4783/7984/2930 4780/7983/2930 4779/7985/2930 4784/7986/2930
f 4784/7987/2931 4779/7988/2931 4778/7989/2931 4785/7990/2931
f 4785/7990/2932 4778/7989/2932 4776/7991/2932 4782/7992/2932
f 677/7993/2933 4782/7992/2933 4776/7991/2933 675/7994/2933
f 4786/1785/316 4792/1784/316 4795/7995/316 4788/7996/316
f 4788/7996/2934 4795/7995/2934 4794/7997/2934 4789/7998/2934
f 4789/7998/2935 4794/7997/2935 4793/7999/2935 4790/8000/2935
f 4790/8001/2936 4793/8002/2936 4791/1790/2936 4787/1789/2936
f 675/8003/2937 4776/8004/2937 4778/8005/2937 4779/8006/2937 4780/8007/2937 4777/8008/2937 4786/8009/2937 4788/8010/2937 4789/8011/2937 4790/8012/2937 4787/8013/2937 676/8014/2937
f 4822/8015/2938 4797/8016/2938 4799/8017/2938 4823/8018/2938
f 4823/8018/2939 4799/8017/2939 4801/8019/2939 4824/8020/2939
f 4824/8021/2940 4801/8022/2940 4803/8023/2940 4825/8024/2940
f 4825/8024/2941 4803/8023/2941 4805/8025/2941 4826/8026/2941
f 4826/8026/2942 4805/8025/2942 4807/8027/2942 4827/8028/2942
f 4827/8029/2943 4807/8030/2943 4809/8031/2943 4828/8032/2943
f 4828/8032/2944 4809/8031/2944 4811/8033/2944 4829/8034/2944
f 4829/8034/2945 4811/8033/2945 4813/8035/2945 4830/8036/2945
f 4830/8037/2946 4813/8038/2946 4815/8039/2946 4831/8040/2946
f 4831/8040/2947 4815/8039/2947 4817/8041/2947 4821/8042/2947
f 4817/8041/2948 4815/8039/2948 4841/8043/2948 4842/8044/2948
f 4821/8042/2949 4817/8041/2949 4819/8045/2949 4820/8046/2949
f 4820/8046/2950 4819/8045/2950 4797/8047/2950 4822/8048/2950
f 4796/8049/314 4798/8050/314 4800/8051/314 4802/8052/314 4804/8053/314 4806/8054/314 4808/8055/314 4810/8056/314 4812/8057/314 4814/8058/314 4816/8059/314 4818/8060/314
f 4796/8061/2951 4822/8015/2951 4823/8018/2951 4798/8062/2951
f 4815/8039/2952 4813/8038/2952 4840/8063/2952 4841/8043/2952
f 4813/8035/2953 4811/8033/2953 4839/8064/2953 4840/8065/2953
f 4811/8033/2954 4809/8031/2954 4838/8066/2954 4839/8064/2954
f 4809/8031/2955 4807/8030/2955 4837/8067/2955 4838/8066/2955
f 4807/8027/2956 4805/8025/2956 4836/8068/2956 4837/8069/2956
f 4805/8025/2957 4803/8023/2957 4835/8070/2957 4836/8068/2957
f 4797/8047/2958 4819/8045/2958 4843/8071/2958 4833/8072/2958
f 4799/8017/2959 4797/8016/2959 4833/8073/2959 4832/8074/2959
f 4803/8023/2960 4801/8022/2960 4834/8075/2960 4835/8070/2960
f 4819/8045/2961 4817/8041/2961 4842/8044/2961 4843/8071/2961
f 4801/8019/2962 4799/8017/2962 4832/8074/2962 4834/8076/2962
f 4798/8062/2963 4823/8018/2963 4824/8020/2963 4800/8077/2963
f 4818/8078/2964 4820/8046/2964 4822/8048/2964 4796/8079/2964
f 4816/8080/2965 4821/8042/2965 4820/8046/2965 4818/8078/2965
f 4814/8081/2966 4831/8040/2966 4821/8042/2966 4816/8080/2966
f 4812/8082/2967 4830/8037/2967 4831/8040/2967 4814/8081/2967
f 4810/8083/2968 4829/8034/2968 4830/8036/2968 4812/8084/2968
f 4808/8085/2969 4828/8032/2969 4829/8034/2969 4810/8083/2969
f 4806/8086/2970 4827/8029/2970 4828/8032/2970 4808/8085/2970
f 4804/8087/2971 4826/8026/2971 4827/8028/2971 4806/8088/2971
f 4802/8089/2972 4825/8024/2972 4826/8026/2972 4804/8087/2972
f 4800/8090/2973 4824/8021/2973 4825/8024/2973 4802/8089/2973
f 4844/8091/2974 4845/8092/2974 4847/8093/2974 4846/8094/2974
f 4846/8094/2975 4847/8093/2975 4849/8095/2975 4848/8096/2975
f 4848/8097/2976 4849/8098/2976 4851/8099/2976 4850/8100/2976
f 4850/8100/2977 4851/8099/2977 4853/8101/2977 4852/8102/2977
f 4852/8102/2978 4853/8101/2978 4855/8103/2978 4854/8104/2978
f 4854/8105/2979 4855/8106/2979 4857/8107/2979 4856/8108/2979
f 4856/8108/2980 4857/8107/2980 4859/8109/2980 4858/8110/2980
f 4858/8110/2981 4859/8109/2981 4861/8111/2981 4860/8112/2981
f 4860/8113/2982 4861/8114/2982 4863/8115/2982 4862/8116/2982
f 4862/8116/2983 4863/8115/2983 4865/8117/2983 4864/8118/2983
f 4864/8118/2984 4865/8117/2984 4867/8119/2984 4866/8120/2984
f 4866/8120/2985 4867/8119/2985 4845/8121/2985 4844/8122/2985
f 4844/8123/314 4846/8124/314 4848/8125/314 4850/8126/314 4852/8127/314 4854/8128/314 4856/8129/314 4858/8130/314 4860/8131/314 4862/8132/314 4864/8133/314 4866/8134/314
f 4849/8135/2986 4847/8136/2986 4868/8137/2986 4870/8138/2986
f 4872/8139/2987 4871/8140/2987 4895/8141/2987 4896/8142/2987
f 4865/8143/2988 4863/8144/2989 4877/8145/2989 4878/8146/2988
f 4863/8144/2989 4861/8147/2990 4876/8148/2990 4877/8145/2989
f 4861/8147/2990 4859/8149/2990 4875/8150/2990 4876/8148/2990
f 4859/8149/2990 4857/8151/2991 4874/8152/2991 4875/8150/2990
f 4857/8151/2991 4855/8153/2992 4873/8154/2992 4874/8152/2991
f 4855/8153/2992 4853/8155/2992 4872/8156/2992 4873/8154/2992
f 4853/8155/2992 4851/8157/2993 4871/8158/2993 4872/8156/2992
f 4845/8159/2994 4867/8160/2988 4879/8161/2988 4869/8162/2994
f 4847/8136/2986 4845/8159/2994 4869/8162/2994 4868/8137/2986
f 4851/8157/2993 4849/8135/2986 4870/8138/2986 4871/8158/2993
f 4867/8160/2988 4865/8143/2988 4878/8146/2988 4879/8161/2988
f 4929/8163/2995 4928/8164/2995 4910/8165/2995 4911/8166/2995
f 4879/8167/2996 4878/8168/2996 4902/8169/2996 4903/8170/2996
f 4868/8171/2997 4869/8172/2997 4893/8173/2997 4892/8174/2997
f 4876/8175/2998 4875/8176/2998 4899/8177/2998 4900/8178/2998
f 4873/8179/2999 4872/8139/2999 4896/8142/2999 4897/8180/2999
f 4869/8181/3000 4879/8167/3000 4903/8170/3000 4893/8182/3000
f 4870/8183/3001 4868/8171/3001 4892/8174/3001 4894/8184/3001
f 4877/8185/3002 4876/8186/3002 4900/8187/3002 4901/8188/3002
f 4874/8189/3003 4873/8190/3003 4897/8191/3003 4898/8192/3003
f 4871/8140/3004 4870/8193/3004 4894/8194/3004 4895/8141/3004
f 4878/8168/3005 4877/8185/3005 4901/8188/3005 4902/8169/3005
f 4875/8176/3006 4874/8189/3006 4898/8192/3006 4899/8177/3006
f 4881/8195/374 4880/8196/374 4892/8197/374 4893/8198/374
f 4880/8196/374 4882/8199/374 4894/8200/374 4892/8197/374
f 4882/8199/374 4883/8201/374 4895/8202/374 4894/8200/374
f 4883/8201/374 4884/8203/374 4896/8204/374 4895/8202/374
f 4884/8203/374 4885/8205/374 4897/8206/374 4896/8204/374
f 4885/8205/374 4886/8207/374 4898/8208/374 4897/8206/374
f 4886/8207/374 4887/8209/374 4899/8210/374 4898/8208/374
f 4887/8209/374 4888/8211/374 4900/8212/374 4899/8210/374
f 4888/8211/374 4889/8213/374 4901/8214/374 4900/8212/374
f 4889/8213/374 4890/8215/374 4902/8216/374 4901/8214/374
f 4890/8215/374 4891/8217/374 4903/8218/374 4902/8216/374
f 4891/8217/374 4881/8195/374 4893/8198/374 4903/8218/374
f 4915/8219/3007 4914/8220/3007 4926/8221/3007 4927/8222/3007
f 4931/8223/3008 4930/8224/3008 4907/8225/3008 4908/8226/3008
f 4933/8227/3009 4932/8228/3009 4914/8220/3009 4915/8219/3009
f 4935/8229/3010 4934/8230/3010 4905/8231/3010 4904/8232/3010
f 4936/8233/3011 4929/8234/3011 4911/8235/3011 4912/8236/3011
f 4937/8237/3012 4931/8238/3012 4908/8239/3012 4909/8240/3012
f 4934/8241/3013 4933/8242/3013 4915/8243/3013 4905/8244/3013
f 4938/8245/3014 4935/8229/3014 4904/8232/3014 4906/8246/3014
f 4939/8247/3015 4936/8233/3015 4912/8236/3015 4913/8248/3015
f 4928/8164/3016 4937/8249/3016 4909/8250/3016 4910/8165/3016
f 4930/8251/3017 4938/8252/3017 4906/8253/3017 4907/8254/3017
f 4932/8228/3018 4939/8255/3018 4913/8256/3018 4914/8220/3018
f 4926/8257/374 4925/8258/374 4924/8259/374 4923/8260/374 4922/8261/374 4921/8262/374 4920/8263/374 4919/8264/374 4918/8265/374 4916/8266/374 4917/8267/374 4927/8268/374
f 4904/8232/3019 4905/8231/3019 4917/8269/3019 4916/8270/3019
f 4912/8271/3020 4911/8166/3020 4923/8272/3020 4924/8273/3020
f 4909/8274/3021 4908/8226/3021 4920/8275/3021 4921/8276/3021
f 4905/8277/3022 4915/8219/3022 4927/8222/3022 4917/8278/3022
f 4906/8246/3023 4904/8232/3023 4916/8270/3023 4918/8279/3023
f 4913/8256/3024 4912/8280/3024 4924/8281/3024 4925/8282/3024
f 4910/8165/3025 4909/8250/3025 4921/8283/3025 4922/8284/3025
f 4907/8225/3026 4906/8285/3026 4918/8286/3026 4919/8287/3026
f 4914/8220/3027 4913/8256/3027 4925/8282/3027 4926/8221/3027
f 4911/8166/3028 4910/8165/3028 4922/8284/3028 4923/8272/3028
f 4908/8226/3029 4907/8225/3029 4919/8287/3029 4920/8275/3029
f 4890/8288/3030 4889/8289/3030 4939/8255/3030 4932/8228/3030
f 4883/8290/3031 4882/8291/3031 4938/8292/3031 4930/8224/3031
f 4886/8293/3032 4885/8294/3032 4937/8249/3032 4928/8164/3032
f 4889/8289/3033 4888/8295/3033 4936/8296/3033 4939/8255/3033
f 4882/8297/3034 4880/8298/3034 4935/8229/3034 4938/8245/3034
f 4881/8299/3035 4891/8300/3035 4933/8227/3035 4934/8301/3035
f 4885/8302/3036 4884/8303/3036 4931/8223/3036 4937/8304/3036
f 4888/8305/3037 4887/8306/3037 4929/8163/3037 4936/8307/3037
f 4880/8298/3038 4881/8308/3038 4934/8230/3038 4935/8229/3038
f 4891/8300/3039 4890/8288/3039 4932/8228/3039 4933/8227/3039
f 4884/8303/3040 4883/8290/3040 4930/8224/3040 4931/8223/3040
f 4887/8306/3041 4886/8293/3041 4928/8164/3041 4929/8163/3041
f 4832/8309/374 4833/8310/374 4843/8311/374 4842/8312/374 4841/8313/374 4840/8314/374 4839/8315/374 4838/8316/374 4837/8317/374 4836/8318/374 4835/8319/374 4834/8320/374
f 4940/8321/3042 4941/8322/3042 4943/8323/3042 4942/8324/3042
f 4942/8325/3043 4943/8326/3043 4945/8327/3043 4944/8328/3043
f 4944/8328/313 4945/8327/313 4947/8329/313 4946/8330/313
f 4946/8330/3044 4947/8329/3044 4949/8331/3044 4948/8332/3044
f 4948/8333/3045 4949/8334/3045 4951/8335/3045 4950/8336/3045
f 4950/8336/3046 4951/8335/3046 4953/8337/3046 4952/8338/3046
f 4952/8339/3047 4953/8340/3047 4955/8341/3047 4954/8342/3047
f 4954/8342/311 4955/8341/311 4957/8343/311 4956/8344/311
f 4943/8345/3048 4941/8346/3048 4959/8347/3048 4957/8348/3048 4955/8349/3048 4953/8350/3048 4951/8351/3048 4949/8352/3048 4947/8353/3048 4945/8354/3048
f 4956/8344/3049 4957/8343/3049 4959/8355/3049 4958/8356/3049
f 4958/8357/3050 4959/8358/3050 4941/8322/3050 4940/8321/3050
f 4940/8359/3051 4942/8360/3051 4944/8361/3051 4946/8362/3051 4948/8363/3051 4950/8364/3051 4952/8365/3051 4954/8366/3051 4956/8367/3051 4958/8368/3051
f 4960/8369/3052 4961/8370/3052 4963/8371/3052 4962/8372/3052
f 4962/8373/3053 4963/8374/3053 4965/8375/3053 4964/8376/3053
f 4964/8376/313 4965/8375/313 4967/8377/313 4966/8378/313
f 4966/8378/3054 4967/8377/3054 4969/8379/3054 4968/8380/3054
f 4968/8381/3055 4969/8382/3055 4971/8383/3055 4970/8384/3055
f 4970/8384/3056 4971/8383/3056 4973/8385/3056 4972/8386/3056
f 4972/8387/3057 4973/8388/3057 4975/8389/3057 4974/8390/3057
f 4974/8390/311 4975/8389/311 4977/8391/311 4976/8392/311
f 4963/8393/3048 4961/8394/3048 4979/8395/3048 4977/8396/3048 4975/8397/3048 4973/8398/3048 4971/8399/3048 4969/8400/3048 4967/8401/3048 4965/8402/3048
f 4976/8392/3058 4977/8391/3058 4979/8403/3058 4978/8404/3058
f 4978/8405/3059 4979/8406/3059 4961/8370/3059 4960/8369/3059
f 4960/8407/3051 4962/8408/3051 4964/8409/3051 4966/8410/3051 4968/8411/3051 4970/8412/3051 4972/8413/3051 4974/8414/3051 4976/8415/3051 4978/8416/3051
f 4980/8417/3060 4981/8418/3060 4983/8419/3060 4982/8420/3060
f 4982/8421/3061 4983/8422/3061 4985/8423/3061 4984/8424/3061
f 4984/8424/313 4985/8423/313 4987/8425/313 4986/8426/313
f 4986/8426/3062 4987/8425/3062 4989/8427/3062 4988/8428/3062
f 4988/8429/3063 4989/8430/3063 4991/8431/3063 4990/8432/3063
f 4990/8432/3064 4991/8431/3064 4993/8433/3064 4992/8434/3064
f 4992/8435/3065 4993/8436/3065 4995/8437/3065 4994/8438/3065
f 4994/8438/311 4995/8437/311 4997/8439/311 4996/8440/311
f 4983/8441/3048 4981/8442/3048 4999/8443/3048 4997/8444/3048 4995/8445/3048 4993/8446/3048 4991/8447/3048 4989/8448/3048 4987/8449/3048 4985/8450/3048
f 4996/8440/3066 4997/8439/3066 4999/8451/3066 4998/8452/3066
f 4998/8453/3067 4999/8454/3067 4981/8418/3067 4980/8417/3067
f 4980/8455/3051 4982/8456/3051 4984/8457/3051 4986/8458/3051 4988/8459/3051 4990/8460/3051 4992/8461/3051 4994/8462/3051 4996/8463/3051 4998/8464/3051
f 5023/8465/3068 5018/8466/3068 5003/8467/3068 5013/8468/3068
f 5022/8469/3069 5015/8470/3069 5007/8471/3069 5019/8472/3069
f 5018/8473/3070 5019/8474/3070 5007/8475/3070 5003/8476/3070
f 5008/8477/3071 5010/8478/3071 5005/8479/3071 5000/8480/3071
f 5013/8468/3072 5015/8481/3072 5004/8482/3072 5002/8483/3072
f 5012/8484/3073 5001/8485/3073 5006/8486/3073 5014/8487/3073
f 5020/8488/3074 5021/8489/3074 5010/8478/3074 5008/8477/3074
f 5001/8490/3075 5006/8491/3075 5011/8492/3075 5009/8493/3075
f 5014/8494/3076 5016/8495/3076 5011/8496/3076 5006/8497/3076
f 5012/8484/3077 5001/8485/3077 5009/8498/3077 5017/8499/3077
f 5000/8500/3078 5012/8484/3078 5017/8499/3078 5008/8501/3078
f 5005/8502/3079 5010/8503/3079 5016/8495/3079 5014/8494/3079
f 5000/8500/3073 5012/8484/3073 5014/8487/3073 5005/8504/3073
f 5003/8467/3080 5007/8505/3080 5015/8481/3080 5013/8468/3080
f 5021/8506/3081 5004/8507/3081 5015/8508/3081 5022/8509/3081
f 5020/8510/3082 5023/8511/3082 5013/8512/3082 5002/8513/3082
f 5008/8514/3083 5017/8515/3083 5023/8511/3083 5020/8510/3083
f 5010/8503/3084 5021/8506/3084 5022/8509/3084 5016/8495/3084
f 5002/8516/3085 5004/8517/3085 5021/8489/3085 5020/8488/3085
f 5009/8493/3086 5011/8492/3086 5019/8474/3086 5018/8473/3086
f 5016/8495/3087 5022/8509/3087 5019/8518/3087 5011/8496/3087
f 5017/8515/3088 5009/8519/3088 5018/8520/3088 5023/8511/3088
f 5047/8521/3068 5042/8522/3068 5027/8523/3068 5037/8524/3068
f 5046/8525/3069 5039/8526/3069 5031/8527/3069 5043/8528/3069
f 5042/8529/3089 5043/8530/3089 5031/8531/3089 5027/8532/3089
f 5032/8533/3090 5034/8534/3090 5029/8535/3090 5024/8536/3090
f 5037/8524/3091 5039/8537/3091 5028/8538/3091 5026/8539/3091
f 5036/8540/3092 5025/8541/3092 5030/8542/3092 5038/8543/3092
f 5044/8544/3093 5045/8545/3093 5034/8534/3093 5032/8533/3093
f 5025/8546/3094 5030/8547/3094 5035/8548/3094 5033/8549/3094
f 5038/8550/3076 5040/8551/3076 5035/8552/3076 5030/8553/3076
f 5036/8540/3077 5025/8541/3077 5033/8554/3077 5041/8555/3077
f 5024/8556/3078 5036/8540/3078 5041/8555/3078 5032/8557/3078
f 5029/8558/3079 5034/8559/3079 5040/8551/3079 5038/8550/3079
f 5024/8556/3092 5036/8540/3092 5038/8543/3092 5029/8560/3092
f 5027/8523/3095 5031/8561/3095 5039/8537/3095 5037/8524/3095
f 5045/8562/3081 5028/8563/3081 5039/8564/3081 5046/8565/3081
f 5044/8566/3082 5047/8567/3082 5037/8568/3082 5026/8569/3082
f 5032/8570/3083 5041/8571/3083 5047/8567/3083 5044/8566/3083
f 5034/8559/3084 5045/8562/3084 5046/8565/3084 5040/8551/3084
f 5026/8572/3096 5028/8573/3096 5045/8545/3096 5044/8544/3096
f 5033/8549/3097 5035/8548/3097 5043/8530/3097 5042/8529/3097
f 5040/8551/3087 5046/8565/3087 5043/8574/3087 5035/8552/3087
f 5041/8571/3088 5033/8575/3088 5042/8576/3088 5047/8567/3088
f 5059/8577/3098 5053/8578/3098 5051/8579/3098 5057/8580/3098
f 5054/8581/3099 5050/8582/3099 5053/8578/3099 5059/8577/3099
f 5048/8583/3100 5055/8584/3100 5058/8585/3100 5052/8586/3100
f 5055/8584/3101 5054/8581/3101 5059/8577/3101 5058/8585/3101
f 5052/8586/3102 5058/8585/3102 5056/8587/3102 5049/8588/3102
f 5058/8585/3103 5059/8577/3103 5057/8580/3103 5056/8587/3103
f 5068/8589/3104 5064/8590/3104 5065/8591/3104 5066/8592/3104
f 5069/8593/3105 5068/8589/3105 5066/8592/3105 5067/8594/3105
f 5061/8595/3106 5062/8596/3106 5071/8597/3106 5060/8598/3106
f 5060/8598/3107 5071/8597/3107 5068/8589/3107 5069/8593/3107
f 5062/8596/3108 5063/8599/3108 5070/8600/3108 5071/8597/3108
f 5071/8597/3109 5070/8600/3109 5064/8590/3109 5068/8589/3109
f 5048/8601/3110 5052/8602/3110 5062/8603/3110 5061/8604/3110
f 5052/8602/3111 5049/8605/3111 5063/8606/3111 5062/8603/3111
f 5054/8607/3112 5055/8608/3112 5060/8609/3112 5069/8610/3112
f 5051/8611/3113 5053/8612/3113 5066/8613/3113 5065/8614/3113
f 5057/8615/3114 5051/8616/3114 5065/8617/3114 5064/8618/3114
f 5049/8619/3115 5056/8620/3115 5070/8621/3115 5063/8622/3115
f 5053/8612/3116 5050/8623/3116 5067/8624/3116 5066/8613/3116
f 5056/8620/3117 5057/8615/3117 5064/8618/3117 5070/8621/3117
f 5055/8608/3118 5048/8625/3118 5061/8626/3118 5060/8609/3118
f 5050/8627/3119 5054/8607/3119 5069/8610/3119 5067/8628/3119
f 5083/8629/3120 5077/8630/3120 5075/8631/3120 5081/8632/3120
f 5078/8633/3121 5074/8634/3121 5077/8630/3121 5083/8629/3121
f 5072/8635/3122 5079/8636/3122 5082/8637/3122 5076/8638/3122
f 5079/8636/3123 5078/8633/3123 5083/8629/3123 5082/8637/3123
f 5076/8638/3124 5082/8637/3124 5080/8639/3124 5073/8640/3124
f 5082/8637/3125 5083/8629/3125 5081/8632/3125 5080/8639/3125
f 5092/8641/3126 5088/8642/3126 5089/8643/3126 5090/8644/3126
f 5093/8645/3127 5092/8641/3127 5090/8644/3127 5091/8646/3127
f 5085/8647/3128 5086/8648/3128 5095/8649/3128 5084/8650/3128
f 5084/8650/3129 5095/8649/3129 5092/8641/3129 5093/8645/3129
f 5086/8648/3130 5087/8651/3130 5094/8652/3130 5095/8649/3130
f 5095/8649/3131 5094/8652/3131 5088/8642/3131 5092/8641/3131
f 5072/8653/3132 5076/8654/3132 5086/8655/3132 5085/8656/3132
f 5076/8654/3133 5073/8657/3133 5087/8658/3133 5086/8655/3133
f 5078/8659/3134 5079/8660/3134 5084/8661/3134 5093/8662/3134
f 5075/8663/3135 5077/8664/3135 5090/8665/3135 5089/8666/3135
f 5081/8667/3136 5075/8668/3136 5089/8669/3136 5088/8670/3136
f 5073/8671/3115 5080/8672/3115 5094/8673/3115 5087/8674/3115
f 5077/8664/3137 5074/8675/3137 5091/8676/3137 5090/8665/3137
f 5080/8672/3138 5081/8667/3138 5088/8670/3138 5094/8673/3138
f 5079/8660/3139 5072/8677/3139 5085/8678/3139 5084/8661/3139
f 5074/8679/3140 5078/8659/3140 5093/8662/3140 5091/8680/3140
f 5107/8681/3098 5101/8682/3098 5099/8683/3098 5105/8684/3098
f 5102/8685/3099 5098/8686/3099 5101/8682/3099 5107/8681/3099
f 5096/8687/3100 5103/8688/3100 5106/8689/3100 5100/8690/3100
f 5103/8688/3101 5102/8685/3101 5107/8681/3101 5106/8689/3101
f 5100/8690/3102 5106/8689/3102 5104/8691/3102 5097/8692/3102
f 5106/8689/3103 5107/8681/3103 5105/8684/3103 5104/8691/3103
f 5116/8693/3104 5112/8694/3104 5113/8695/3104 5114/8696/3104
f 5117/8697/3105 5116/8693/3105 5114/8696/3105 5115/8698/3105
f 5109/8699/3106 5110/8700/3106 5119/8701/3106 5108/8702/3106
f 5108/8702/3141 5119/8701/3141 5116/8693/3141 5117/8697/3141
f 5110/8700/3108 5111/8703/3108 5118/8704/3108 5119/8701/3108
f 5119/8701/3109 5118/8704/3109 5112/8694/3109 5116/8693/3109
f 5096/8705/3110 5100/8706/3110 5110/8707/3110 5109/8708/3110
f 5100/8706/3111 5097/8709/3111 5111/8710/3111 5110/8707/3111
f 5102/8711/3142 5103/8712/3142 5108/8713/3142 5117/8714/3142
f 5099/8715/3113 5101/8716/3113 5114/8717/3113 5113/8718/3113
f 5105/8719/3114 5099/8720/3114 5113/8721/3114 5112/8722/3114
f 5097/8723/3143 5104/8724/3143 5118/8725/3143 5111/8726/3143
f 5101/8716/3116 5098/8727/3116 5115/8728/3116 5114/8717/3116
f 5104/8724/3138 5105/8719/3138 5112/8722/3138 5118/8725/3138
f 5103/8712/3144 5096/8729/3144 5109/8730/3144 5108/8713/3144
f 5098/8731/3119 5102/8711/3119 5117/8714/3119 5115/8732/3119
f 5085/8733/374 5072/8733/374 5120/8733/374 5121/8733/374
f 5120/8734/3145 5122/8735/3146 5127/8736/3146 5125/8737/3147
f 5124/8738/3148 5125/8739/3148 5127/8740/3148 5126/8741/3148
f 5122/8742/3149 5123/8743/3149 5126/8744/3149 5127/8745/3149
f 5123/8746/3150 5121/8747/3150 5124/8738/3150 5126/8741/3150
f 5125/8748/3151 5124/8749/3151 5130/8750/3151 5131/8751/3151
f 5128/8752/3152 5129/8753/3152 5131/8754/3152 5130/8755/3152
f 5124/8756/3153 5121/8757/3153 5128/8758/3153 5130/8759/3153
f 5121/8760/3154 5120/8761/3154 5129/8762/3154 5128/8763/3154
f 5120/8734/3145 5125/8737/3147 5131/8764/3155 5129/8765/3155
f 5132/8766/3156 5136/8767/3156 5134/8768/3156 5074/8769/3156
f 5134/8770/3157 5136/8771/3157 5137/8772/3157 5135/8773/3157
f 5134/8774/3158 5074/8775/3158 5138/8776/3158 5140/8777/3158
f 5091/8778/3156 5133/8779/3156 5137/8780/3156 5135/8781/3156
f 5133/8782/3159 5137/8783/3159 5136/8784/3159 5132/8785/3159
f 5138/8786/3160 5139/8787/3160 5141/8788/3160 5140/8789/3160
f 5135/8790/3161 5134/8791/3161 5140/8792/3161 5141/8793/3161
f 5074/8675/3162 5091/8676/3162 5139/8787/3162 5138/8786/3162
f 5091/8778/3163 5135/8781/3163 5141/8794/3163 5139/8795/3163
f 5096/8796/3164 5142/8797/3164 5147/8798/3164 5145/8799/3164
f 5144/8800/3165 5145/8801/3165 5147/8802/3165 5146/8803/3165
f 5142/8804/3166 5143/8805/3166 5146/8803/3166 5147/8802/3166
f 5109/8806/3167 5096/8807/3167 5149/8808/3167 5148/8809/3167
f 5143/8805/3168 5109/8810/3168 5144/8800/3168 5146/8803/3168
f 5148/8811/3169 5149/8812/3169 5151/8813/3169 5150/8814/3169
f 5145/8815/3170 5144/8816/3170 5150/8817/3170 5151/8818/3170
f 5144/8819/3171 5109/8820/3171 5148/8821/3171 5150/8822/3171
f 5096/8796/3172 5145/8799/3172 5151/8823/3172 5149/8824/3172
f 5115/8825/3173 5153/8826/3173 5157/8827/3173 5155/8828/3173
f 5154/8829/3174 5155/8830/3174 5157/8831/3174 5156/8832/3174
f 5153/8833/3175 5152/8834/3175 5156/8835/3175 5157/8836/3175
f 5098/8837/3176 5115/8838/3176 5159/8839/3176 5158/8840/3176
f 5152/8841/3177 5098/8842/3177 5154/8843/3177 5156/8844/3177
f 5158/8845/3178 5159/8846/3178 5161/8847/3178 5160/8848/3178
f 5155/8849/3179 5154/8850/3179 5160/8848/3179 5161/8847/3179
f 5154/8843/3180 5098/8842/3180 5158/8851/3180 5160/8852/3180
f 5115/8825/3181 5155/8828/3181 5161/8853/3181 5159/8854/3181
f 668/8855/374 670/8856/374 5163/8857/374 5162/8858/374
f 670/8856/374 674/8859/374 5164/8860/374 5163/8857/374
f 674/8859/374 672/8861/374 5165/8862/374 5164/8860/374
f 672/8861/374 668/8855/374 5162/8858/374 5165/8862/374
f 5168/8863/374 5167/8864/374 5166/8865/374 5169/8866/374
f 670/8867/313 668/8868/313 5166/8869/313 5167/8870/313
f 668/8871/312 672/8872/312 5169/8873/312 5166/8874/312
f 674/8875/293 670/8876/293 5167/8877/293 5168/8878/293
f 5202/8879/3182 5331/8880/3182 5330/8881/3182 5203/8882/3182
f 5203/8882/3183 5330/8881/3183 5332/8883/3183 5204/8884/3183
f 5204/8884/3184 5332/8883/3184 5333/8885/3184 5205/8886/3184
f 5205/8887/3185 5333/8888/3185 5334/8889/3185 5206/8890/3185
f 5206/8890/3186 5334/8889/3186 5335/8891/3186 5207/8892/3186
f 5207/8892/3187 5335/8891/3187 5336/8893/3187 5208/8894/3187
f 5208/8895/3188 5336/8896/3188 5337/8897/3188 5209/8898/3188
f 5209/8898/3189 5337/8897/3189 5338/8899/3189 5210/8900/3189
f 5210/8900/3190 5338/8899/3190 5339/8901/3190 5211/8902/3190
f 5211/8902/3191 5339/8901/3191 5340/8903/3191 5212/8904/3191
f 5212/8904/3192 5340/8903/3192 5341/8905/3192 5213/8906/3192
f 5213/8907/3193 5341/8908/3193 5342/8909/3193 5214/8910/3193
f 5214/8910/3194 5342/8909/3194 5343/8911/3194 5215/8912/3194
f 5215/8912/3195 5343/8911/3195 5344/8913/3195 5216/8914/3195
f 5197/8915/3196 5195/8916/3196 5358/8917/3196 5359/8918/3196
f 5216/8914/3197 5344/8913/3197 5345/8919/3197 5217/8920/3197
f 5217/8920/3198 5345/8919/3198 5331/8921/3198 5202/8922/3198
f 5170/8923/314 5172/8924/314 5174/8925/314 5176/8926/314 5178/8927/314 5180/8928/314 5182/8929/314 5184/8930/314 5186/8931/314 5188/8932/314 5190/8933/314 5192/8934/314 5194/8935/314 5196/8936/314 5198/8937/314 5200/8938/314
f 5260/8939/3199 5259/8940/3199 5324/8941/3199 5325/8942/3199
f 5216/8943/3200 5217/8944/3200 5268/8945/3200 5269/8946/3200
f 5249/8947/3201 5234/8948/3201 5314/8949/3201 5299/8950/3201
f 5259/8940/3202 5258/8951/3202 5323/8952/3202 5324/8941/3202
f 5217/8944/3203 5202/8953/3203 5267/8954/3203 5268/8945/3203
f 5234/8948/3204 5235/8955/3204 5313/8956/3204 5314/8949/3204
f 5258/8951/3205 5257/8957/3205 5322/8958/3205 5323/8952/3205
f 5235/8955/3206 5236/8959/3206 5312/8960/3206 5313/8956/3206
f 5257/8957/3207 5256/8961/3207 5321/8962/3207 5322/8958/3207
f 5236/8959/3208 5237/8963/3208 5311/8964/3208 5312/8960/3208
f 5256/8961/3209 5255/8965/3209 5320/8966/3209 5321/8962/3209
f 5237/8963/3210 5238/8967/3210 5310/8968/3210 5311/8964/3210
f 5255/8965/3211 5254/8969/3211 5319/8970/3211 5320/8966/3211
f 5238/8967/3212 5239/8971/3212 5309/8972/3212 5310/8968/3212
f 5254/8969/3213 5253/8973/3213 5318/8974/3213 5319/8970/3213
f 5233/8975/3214 5232/8976/3214 5297/8977/3214 5266/8978/3214
f 5249/8979/3215 5233/8980/3215 5218/8981/3215 5234/8982/3215
f 5234/8982/3216 5218/8981/3216 5219/8983/3216 5235/8984/3216
f 5235/8984/3217 5219/8983/3217 5220/8985/3217 5236/8986/3217
f 5236/8987/3218 5220/8988/3218 5221/8989/3218 5237/8990/3218
f 5237/8990/3196 5221/8989/3196 5222/8991/3196 5238/8992/3196
f 5238/8992/3219 5222/8991/3219 5223/8993/3219 5239/8994/3219
f 5239/8995/3220 5223/8996/3220 5224/8997/3220 5240/8998/3220
f 5240/8998/3221 5224/8997/3221 5225/8999/3221 5241/9000/3221
f 5241/9000/3222 5225/8999/3222 5226/9001/3222 5242/9002/3222
f 5242/9002/3223 5226/9001/3223 5227/9003/3223 5243/9004/3223
f 5243/9004/3224 5227/9003/3224 5228/9005/3224 5244/9006/3224
f 5244/9007/3225 5228/9008/3225 5229/9009/3225 5245/9010/3225
f 5245/9010/3226 5229/9009/3226 5230/9011/3226 5246/9012/3226
f 5246/9012/3227 5230/9011/3227 5231/9013/3227 5247/9014/3227
f 5247/9014/3228 5231/9013/3228 5232/9015/3228 5248/9016/3228
f 5248/9016/3229 5232/9015/3229 5233/9017/3229 5249/9018/3229
f 5239/8971/3230 5240/9019/3230 5308/9020/3230 5309/8972/3230
f 5253/8973/3231 5252/9021/3231 5317/9022/3231 5318/8974/3231
f 5232/8976/3232 5231/9023/3232 5296/9024/3232 5297/8977/3232
f 5240/9019/3233 5241/9025/3233 5307/9026/3233 5308/9020/3233
f 5252/9021/3234 5251/9027/3234 5316/9028/3234 5317/9022/3234
f 5231/9023/3235 5230/9029/3235 5295/9030/3235 5296/9024/3235
f 5241/9025/3236 5242/9031/3236 5306/9032/3236 5307/9026/3236
f 5251/9027/3237 5250/9033/3237 5315/9034/3237 5316/9028/3237
f 5230/9029/3238 5229/9035/3238 5294/9036/3238 5295/9030/3238
f 5242/9031/3239 5243/9037/3239 5305/9038/3239 5306/9032/3239
f 5250/9033/3240 5265/9039/3240 5298/9040/3240 5315/9034/3240
f 5229/9035/3241 5228/9041/3241 5293/9042/3241 5294/9036/3241
f 5243/9037/3242 5244/9043/3242 5304/9044/3242 5305/9038/3242
f 5228/9041/3243 5227/9045/3243 5292/9046/3243 5293/9042/3243
f 5244/9043/3244 5245/9047/3244 5303/9048/3244 5304/9044/3244
f 5202/8953/3245 5203/9049/3245 5282/9050/3245 5267/8954/3245
f 5170/9051/3246 5265/9052/3246 5250/9053/3246 5172/9054/3246
f 5172/9054/3247 5250/9053/3247 5251/9055/3247 5174/9056/3247
f 5174/9056/3248 5251/9055/3248 5252/9057/3248 5176/9058/3248
f 5176/9059/3249 5252/9060/3249 5253/9061/3249 5178/9062/3249
f 5178/9062/3250 5253/9061/3250 5254/9063/3250 5180/9064/3250
f 5180/9064/3251 5254/9063/3251 5255/9065/3251 5182/9066/3251
f 5182/9067/3252 5255/9068/3252 5256/9069/3252 5184/9070/3252
f 5184/9070/3253 5256/9069/3253 5257/9071/3253 5186/9072/3253
f 5186/9072/3254 5257/9071/3254 5258/9073/3254 5188/9074/3254
f 5188/9074/3255 5258/9073/3255 5259/9075/3255 5190/9076/3255
f 5190/9076/3256 5259/9075/3256 5260/9077/3256 5192/9078/3256
f 5192/9079/3257 5260/9080/3257 5261/9081/3257 5194/9082/3257
f 5194/9082/3258 5261/9081/3258 5262/9083/3258 5196/9084/3258
f 5196/9084/3259 5262/9083/3259 5263/9085/3259 5198/9086/3259
f 5198/9086/3260 5263/9085/3260 5264/9087/3260 5200/9088/3260
f 5200/9088/3261 5264/9087/3261 5265/9089/3261 5170/9090/3261
f 5297/9091/3229 5268/9092/3229 5267/9093/3229 5266/9094/3229
f 5296/9095/3228 5269/9096/3228 5268/9092/3228 5297/9091/3228
f 5295/9097/3227 5270/9098/3227 5269/9096/3227 5296/9095/3227
f 5294/9099/3226 5271/9100/3226 5270/9098/3226 5295/9097/3226
f 5293/9101/3225 5272/9102/3225 5271/9100/3225 5294/9099/3225
f 5292/9103/3224 5273/9104/3224 5272/9105/3224 5293/9106/3224
f 5291/9107/3223 5274/9108/3223 5273/9104/3223 5292/9103/3223
f 5290/9109/3222 5275/9110/3222 5274/9108/3222 5291/9107/3222
f 5289/9111/3221 5276/9112/3221 5275/9110/3221 5290/9109/3221
f 5288/9113/3220 5277/9114/3220 5276/9112/3220 5289/9111/3220
f 5287/9115/3219 5278/9116/3219 5277/9117/3219 5288/9118/3219
f 5286/9119/3196 5279/9120/3196 5278/9116/3196 5287/9115/3196
f 5285/9121/3218 5280/9122/3218 5279/9120/3218 5286/9119/3218
f 5284/9123/3217 5281/9124/3217 5280/9125/3217 5285/9126/3217
f 5283/9127/3216 5282/9128/3216 5281/9124/3216 5284/9123/3216
f 5266/9129/3215 5267/9130/3215 5282/9128/3215 5283/9127/3215
f 5329/9131/3229 5300/9132/3229 5299/9133/3229 5298/9134/3229
f 5328/9135/3228 5301/9136/3228 5300/9132/3228 5329/9131/3228
f 5327/9137/3227 5302/9138/3227 5301/9136/3227 5328/9135/3227
f 5326/9139/3226 5303/9140/3226 5302/9138/3226 5327/9137/3226
f 5325/9141/3225 5304/9142/3225 5303/9140/3225 5326/9139/3225
f 5324/9143/3224 5305/9144/3224 5304/9145/3224 5325/9146/3224
f 5323/9147/3223 5306/9148/3223 5305/9144/3223 5324/9143/3223
f 5322/9149/3222 5307/9150/3222 5306/9148/3222 5323/9147/3222
f 5321/9151/3221 5308/9152/3221 5307/9150/3221 5322/9149/3221
f 5320/9153/3220 5309/9154/3220 5308/9152/3220 5321/9151/3220
f 5319/9155/3219 5310/9156/3219 5309/9157/3219 5320/9158/3219
f 5318/9159/3196 5311/9160/3196 5310/9156/3196 5319/9155/3196
f 5317/9161/3218 5312/9162/3218 5311/9160/3218 5318/9159/3218
f 5316/9163/3217 5313/9164/3217 5312/9165/3217 5317/9166/3217
f 5315/9167/3216 5314/9168/3216 5313/9164/3216 5316/9163/3216
f 5298/9169/3215 5299/9170/3215 5314/9168/3215 5315/9167/3215
f 5215/9171/3262 5216/8943/3262 5269/8946/3262 5270/9172/3262
f 5261/9173/3263 5260/8939/3263 5325/8942/3263 5326/9174/3263
f 5214/9175/3264 5215/9171/3264 5270/9172/3264 5271/9176/3264
f 5262/9177/3265 5261/9173/3265 5326/9174/3265 5327/9178/3265
f 5213/9179/3266 5214/9175/3266 5271/9176/3266 5272/9180/3266
f 5263/9181/3267 5262/9177/3267 5327/9178/3267 5328/9182/3267
f 5212/9183/3268 5213/9179/3268 5272/9180/3268 5273/9184/3268
f 5264/9185/3269 5263/9181/3269 5328/9182/3269 5329/9186/3269
f 5218/9187/3270 5233/8975/3270 5266/8978/3270 5283/9188/3270
f 5211/9189/3271 5212/9183/3271 5273/9184/3271 5274/9190/3271
f 5265/9039/3272 5264/9185/3272 5329/9186/3272 5298/9040/3272
f 5219/9191/3273 5218/9187/3273 5283/9188/3273 5284/9192/3273
f 5210/9193/3274 5211/9189/3274 5274/9190/3274 5275/9194/3274
f 5220/9195/3275 5219/9191/3275 5284/9192/3275 5285/9196/3275
f 5209/9197/3276 5210/9193/3276 5275/9194/3276 5276/9198/3276
f 5221/9199/3277 5220/9195/3277 5285/9196/3277 5286/9200/3277
f 5208/9201/3278 5209/9197/3278 5276/9198/3278 5277/9202/3278
f 5222/9203/3279 5221/9199/3279 5286/9200/3279 5287/9204/3279
f 5207/9205/3280 5208/9201/3280 5277/9202/3280 5278/9206/3280
f 5223/9207/3281 5222/9203/3281 5287/9204/3281 5288/9208/3281
f 5206/9209/3282 5207/9205/3282 5278/9206/3282 5279/9210/3282
f 5248/9211/3283 5249/8947/3283 5299/8950/3283 5300/9212/3283
f 5224/9213/3284 5223/9207/3284 5288/9208/3284 5289/9214/3284
f 5205/9215/3285 5206/9209/3285 5279/9210/3285 5280/9216/3285
f 5247/9217/3286 5248/9211/3286 5300/9212/3286 5301/9218/3286
f 5225/9219/3287 5224/9213/3287 5289/9214/3287 5290/9220/3287
f 5204/9221/3288 5205/9215/3288 5280/9216/3288 5281/9222/3288
f 5246/9223/3289 5247/9217/3289 5301/9218/3289 5302/9224/3289
f 5226/9225/3290 5225/9219/3290 5290/9220/3290 5291/9226/3290
f 5203/9049/3291 5204/9221/3291 5281/9222/3291 5282/9050/3291
f 5245/9047/3292 5246/9223/3292 5302/9224/3292 5303/9048/3292
f 5227/9045/3293 5226/9225/3293 5291/9226/3293 5292/9046/3293
f 5171/9227/374 5173/9228/374 5330/9229/374 5331/9230/374
f 5173/9228/374 5175/9231/374 5332/9232/374 5330/9229/374
f 5175/9231/374 5177/9233/374 5333/9234/374 5332/9232/374
f 5177/9233/374 5179/9235/374 5334/9236/374 5333/9234/374
f 5179/9235/374 5181/9237/374 5335/9238/374 5334/9236/374
f 5181/9237/374 5183/9239/374 5336/9240/374 5335/9238/374
f 5183/9239/374 5185/9241/374 5337/9242/374 5336/9240/374
f 5185/9241/374 5187/9243/374 5338/9244/374 5337/9242/374
f 5187/9243/374 5189/9245/374 5339/9246/374 5338/9244/374
f 5189/9245/374 5191/9247/374 5340/9248/374 5339/9246/374
f 5191/9247/374 5193/9249/374 5341/9250/374 5340/9248/374
f 5193/9249/374 5195/9251/374 5342/9252/374 5341/9250/374
f 5195/9251/374 5197/9253/374 5343/9254/374 5342/9252/374
f 5197/9253/374 5199/9255/374 5344/9256/374 5343/9254/374
f 5199/9255/374 5201/9257/374 5345/9258/374 5344/9256/374
f 5201/9257/374 5171/9227/374 5331/9230/374 5345/9258/374
f 5346/9259/374 5347/9260/374 5361/9261/374 5360/9262/374 5359/9263/374 5358/9264/374 5357/9265/374 5356/9266/374 5355/9267/374 5354/9268/374 5353/9269/374 5352/9270/374 5351/9271/374 5350/9272/374 5349/9273/374 5348/9274/374
f 5183/9275/3227 5181/9276/3227 5351/9277/3227 5352/9278/3227
f 5199/9279/3219 5197/8915/3219 5359/8918/3219 5360/9280/3219
f 5185/9281/3228 5183/9275/3228 5352/9278/3228 5353/9282/3228
f 5201/9283/3220 5199/9284/3220 5360/9285/3220 5361/9286/3220
f 5187/9287/3229 5185/9281/3229 5353/9282/3229 5354/9288/3229
f 5173/9289/3222 5171/9290/3222 5347/9291/3222 5346/9292/3222
f 5171/9290/3221 5201/9283/3221 5361/9286/3221 5347/9291/3221
f 5189/9293/3215 5187/9294/3215 5354/9295/3215 5355/9296/3215
f 5175/9297/3223 5173/9289/3223 5346/9292/3223 5348/9298/3223
f 5191/9299/3216 5189/9293/3216 5355/9296/3216 5356/9300/3216
f 5177/9301/3224 5175/9297/3224 5348/9298/3224 5349/9302/3224
f 5193/9303/3217 5191/9299/3217 5356/9300/3217 5357/9304/3217
f 5179/9305/3225 5177/9306/3225 5349/9307/3225 5350/9308/3225
f 5195/8916/3218 5193/9309/3218 5357/9310/3218 5358/8917/3218
f 5181/9276/3226 5179/9305/3226 5350/9308/3226 5351/9277/3226
f 5394/9311/3182 5523/9312/3182 5522/9313/3182 5395/9314/3182
f 5395/9314/3183 5522/9313/3183 5524/9315/3183 5396/9316/3183
f 5396/9316/3184 5524/9315/3184 5525/9317/3184 5397/9318/3184
f 5397/9319/3185 5525/9320/3185 5526/9321/3185 5398/9322/3185
f 5398/9322/3186 5526/9321/3186 5527/9323/3186 5399/9324/3186
f 5399/9324/3187 5527/9323/3187 5528/9325/3187 5400/9326/3187
f 5400/9327/3188 5528/9328/3188 5529/9329/3188 5401/9330/3188
f 5401/9330/3189 5529/9329/3189 5530/9331/3189 5402/9332/3189
f 5402/9332/3190 5530/9331/3190 5531/9333/3190 5403/9334/3190
f 5403/9334/3191 5531/9333/3191 5532/9335/3191 5404/9336/3191
f 5404/9336/3192 5532/9335/3192 5533/9337/3192 5405/9338/3192
f 5405/9339/3193 5533/9340/3193 5534/9341/3193 5406/9342/3193
f 5406/9342/3194 5534/9341/3194 5535/9343/3194 5407/9344/3194
f 5407/9344/3195 5535/9343/3195 5536/9345/3195 5408/9346/3195
f 5389/9347/3196 5387/9348/3196 5550/9349/3196 5551/9350/3196
f 5408/9346/3197 5536/9345/3197 5537/9351/3197 5409/9352/3197
f 5409/9352/3198 5537/9351/3198 5523/9353/3198 5394/9354/3198
f 5362/9355/314 5364/9356/314 5366/9357/314 5368/9358/314 5370/9359/314 5372/9360/314 5374/9361/314 5376/9362/314 5378/9363/314 5380/9364/314 5382/9365/314 5384/9366/314 5386/9367/314 5388/9368/314 5390/9369/314 5392/9370/314
f 5452/9371/3199 5451/9372/3199 5516/9373/3199 5517/9374/3199
f 5408/9375/3200 5409/9376/3200 5460/9377/3200 5461/9378/3200
f 5441/9379/3201 5426/9380/3201 5506/9381/3201 5491/9382/3201
f 5451/9372/3202 5450/9383/3202 5515/9384/3202 5516/9373/3202
f 5409/9376/3203 5394/9385/3203 5459/9386/3203 5460/9377/3203
f 5426/9380/3204 5427/9387/3204 5505/9388/3204 5506/9381/3204
f 5450/9383/3205 5449/9389/3205 5514/9390/3205 5515/9384/3205
f 5427/9387/3206 5428/9391/3206 5504/9392/3206 5505/9388/3206
f 5449/9389/3207 5448/9393/3207 5513/9394/3207 5514/9390/3207
f 5428/9391/3208 5429/9395/3208 5503/9396/3208 5504/9392/3208
f 5448/9393/3209 5447/9397/3209 5512/9398/3209 5513/9394/3209
f 5429/9395/3210 5430/9399/3210 5502/9400/3210 5503/9396/3210
f 5447/9397/3211 5446/9401/3211 5511/9402/3211 5512/9398/3211
f 5430/9399/3212 5431/9403/3212 5501/9404/3212 5502/9400/3212
f 5446/9401/3213 5445/9405/3213 5510/9406/3213 5511/9402/3213
f 5425/9407/3214 5424/9408/3214 5489/9409/3214 5458/9410/3214
f 5441/9411/3215 5425/9412/3215 5410/9413/3215 5426/9414/3215
f 5426/9414/3216 5410/9413/3216 5411/9415/3216 5427/9416/3216
f 5427/9416/3217 5411/9415/3217 5412/9417/3217 5428/9418/3217
f 5428/9419/3218 5412/9420/3218 5413/9421/3218 5429/9422/3218
f 5429/9422/3196 5413/9421/3196 5414/9423/3196 5430/9424/3196
f 5430/9424/3219 5414/9423/3219 5415/9425/3219 5431/9426/3219
f 5431/9427/3220 5415/9428/3220 5416/9429/3220 5432/9430/3220
f 5432/9430/3221 5416/9429/3221 5417/9431/3221 5433/9432/3221
f 5433/9432/3222 5417/9431/3222 5418/9433/3222 5434/9434/3222
f 5434/9434/3223 5418/9433/3223 5419/9435/3223 5435/9436/3223
f 5435/9436/3224 5419/9435/3224 5420/9437/3224 5436/9438/3224
f 5436/9439/3225 5420/9440/3225 5421/9441/3225 5437/9442/3225
f 5437/9442/3226 5421/9441/3226 5422/9443/3226 5438/9444/3226
f 5438/9444/3227 5422/9443/3227 5423/9445/3227 5439/9446/3227
f 5439/9446/3228 5423/9445/3228 5424/9447/3228 5440/9448/3228
f 5440/9448/3229 5424/9447/3229 5425/9449/3229 5441/9450/3229
f 5431/9403/3230 5432/9451/3230 5500/9452/3230 5501/9404/3230
f 5445/9405/3231 5444/9453/3231 5509/9454/3231 5510/9406/3231
f 5424/9408/3232 5423/9455/3232 5488/9456/3232 5489/9409/3232
f 5432/9451/3233 5433/9457/3233 5499/9458/3233 5500/9452/3233
f 5444/9453/3234 5443/9459/3234 5508/9460/3234 5509/9454/3234
f 5423/9455/3235 5422/9461/3235 5487/9462/3235 5488/9456/3235
f 5433/9457/3236 5434/9463/3236 5498/9464/3236 5499/9458/3236
f 5443/9459/3237 5442/9465/3237 5507/9466/3237 5508/9460/3237
f 5422/9461/3238 5421/9467/3238 5486/9468/3238 5487/9462/3238
f 5434/9463/3239 5435/9469/3239 5497/9470/3239 5498/9464/3239
f 5442/9465/3240 5457/9471/3240 5490/9472/3240 5507/9466/3240
f 5421/9467/3241 5420/9473/3241 5485/9474/3241 5486/9468/3241
f 5435/9469/3242 5436/9475/3242 5496/9476/3242 5497/9470/3242
f 5420/9473/3243 5419/9477/3243 5484/9478/3243 5485/9474/3243
f 5436/9475/3244 5437/9479/3244 5495/9480/3244 5496/9476/3244
f 5394/9385/3245 5395/9481/3245 5474/9482/3245 5459/9386/3245
f 5362/9483/3246 5457/9484/3246 5442/9485/3246 5364/9486/3246
f 5364/9486/3247 5442/9485/3247 5443/9487/3247 5366/9488/3247
f 5366/9488/3248 5443/9487/3248 5444/9489/3248 5368/9490/3248
f 5368/9491/3249 5444/9492/3249 5445/9493/3249 5370/9494/3249
f 5370/9494/3250 5445/9493/3250 5446/9495/3250 5372/9496/3250
f 5372/9496/3251 5446/9495/3251 5447/9497/3251 5374/9498/3251
f 5374/9499/3252 5447/9500/3252 5448/9501/3252 5376/9502/3252
f 5376/9502/3253 5448/9501/3253 5449/9503/3253 5378/9504/3253
f 5378/9504/3254 5449/9503/3254 5450/9505/3254 5380/9506/3254
f 5380/9506/3255 5450/9505/3255 5451/9507/3255 5382/9508/3255
f 5382/9508/3256 5451/9507/3256 5452/9509/3256 5384/9510/3256
f 5384/9511/3257 5452/9512/3257 5453/9513/3257 5386/9514/3257
f 5386/9514/3258 5453/9513/3258 5454/9515/3258 5388/9516/3258
f 5388/9516/3259 5454/9515/3259 5455/9517/3259 5390/9518/3259
f 5390/9518/3260 5455/9517/3260 5456/9519/3260 5392/9520/3260
f 5392/9520/3261 5456/9519/3261 5457/9521/3261 5362/9522/3261
f 5489/9523/3229 5460/9524/3229 5459/9525/3229 5458/9526/3229
f 5488/9527/3228 5461/9528/3228 5460/9524/3228 5489/9523/3228
f 5487/9529/3227 5462/9530/3227 5461/9528/3227 5488/9527/3227
f 5486/9531/3226 5463/9532/3226 5462/9530/3226 5487/9529/3226
f 5485/9533/3225 5464/9534/3225 5463/9532/3225 5486/9531/3225
f 5484/9535/3224 5465/9536/3224 5464/9537/3224 5485/9538/3224
f 5483/9539/3223 5466/9540/3223 5465/9536/3223 5484/9535/3223
f 5482/9541/3222 5467/9542/3222 5466/9540/3222 5483/9539/3222
f 5481/9543/3221 5468/9544/3221 5467/9542/3221 5482/9541/3221
f 5480/9545/3220 5469/9546/3220 5468/9544/3220 5481/9543/3220
f 5479/9547/3219 5470/9548/3219 5469/9549/3219 5480/9550/3219
f 5478/9551/3196 5471/9552/3196 5470/9548/3196 5479/9547/3196
f 5477/9553/3218 5472/9554/3218 5471/9552/3218 5478/9551/3218
f 5476/9555/3217 5473/9556/3217 5472/9557/3217 5477/9558/3217
f 5475/9559/3216 5474/9560/3216 5473/9556/3216 5476/9555/3216
f 5458/9561/3215 5459/9562/3215 5474/9560/3215 5475/9559/3215
f 5521/9563/3229 5492/9564/3229 5491/9565/3229 5490/9566/3229
f 5520/9567/3228 5493/9568/3228 5492/9564/3228 5521/9563/3228
f 5519/9569/3227 5494/9570/3227 5493/9568/3227 5520/9567/3227
f 5518/9571/3226 5495/9572/3226 5494/9570/3226 5519/9569/3226
f 5517/9573/3225 5496/9574/3225 5495/9572/3225 5518/9571/3225
f 5516/9575/3224 5497/9576/3224 5496/9577/3224 5517/9578/3224
f 5515/9579/3223 5498/9580/3223 5497/9576/3223 5516/9575/3223
f 5514/9581/3222 5499/9582/3222 5498/9580/3222 5515/9579/3222
f 5513/9583/3221 5500/9584/3221 5499/9582/3221 5514/9581/3221
f 5512/9585/3220 5501/9586/3220 5500/9584/3220 5513/9583/3220
f 5511/9587/3219 5502/9588/3219 5501/9589/3219 5512/9590/3219
f 5510/9591/3196 5503/9592/3196 5502/9588/3196 5511/9587/3196
f 5509/9593/3218 5504/9594/3218 5503/9592/3218 5510/9591/3218
f 5508/9595/3217 5505/9596/3217 5504/9597/3217 5509/9598/3217
f 5507/9599/3216 5506/9600/3216 5505/9596/3216 5508/9595/3216
f 5490/9601/3215 5491/9602/3215 5506/9600/3215 5507/9599/3215
f 5407/9603/3262 5408/9375/3262 5461/9378/3262 5462/9604/3262
f 5453/9605/3263 5452/9371/3263 5517/9374/3263 5518/9606/3263
f 5406/9607/3264 5407/9603/3264 5462/9604/3264 5463/9608/3264
f 5454/9609/3265 5453/9605/3265 5518/9606/3265 5519/9610/3265
f 5405/9611/3266 5406/9607/3266 5463/9608/3266 5464/9612/3266
f 5455/9613/3267 5454/9609/3267 5519/9610/3267 5520/9614/3267
f 5404/9615/3268 5405/9611/3268 5464/9612/3268 5465/9616/3268
f 5456/9617/3269 5455/9613/3269 5520/9614/3269 5521/9618/3269
f 5410/9619/3270 5425/9407/3270 5458/9410/3270 5475/9620/3270
f 5403/9621/3271 5404/9615/3271 5465/9616/3271 5466/9622/3271
f 5457/9471/3272 5456/9617/3272 5521/9618/3272 5490/9472/3272
f 5411/9623/3273 5410/9619/3273 5475/9620/3273 5476/9624/3273
f 5402/9625/3274 5403/9621/3274 5466/9622/3274 5467/9626/3274
f 5412/9627/3275 5411/9623/3275 5476/9624/3275 5477/9628/3275
f 5401/9629/3276 5402/9625/3276 5467/9626/3276 5468/9630/3276
f 5413/9631/3277 5412/9627/3277 5477/9628/3277 5478/9632/3277
f 5400/9633/3278 5401/9629/3278 5468/9630/3278 5469/9634/3278
f 5414/9635/3279 5413/9631/3279 5478/9632/3279 5479/9636/3279
f 5399/9637/3280 5400/9633/3280 5469/9634/3280 5470/9638/3280
f 5415/9639/3281 5414/9635/3281 5479/9636/3281 5480/9640/3281
f 5398/9641/3282 5399/9637/3282 5470/9638/3282 5471/9642/3282
f 5440/9643/3283 5441/9379/3283 5491/9382/3283 5492/9644/3283
f 5416/9645/3284 5415/9639/3284 5480/9640/3284 5481/9646/3284
f 5397/9647/3285 5398/9641/3285 5471/9642/3285 5472/9648/3285
f 5439/9649/3286 5440/9643/3286 5492/9644/3286 5493/9650/3286
f 5417/9651/3287 5416/9645/3287 5481/9646/3287 5482/9652/3287
f 5396/9653/3288 5397/9647/3288 5472/9648/3288 5473/9654/3288
f 5438/9655/3289 5439/9649/3289 5493/9650/3289 5494/9656/3289
f 5418/9657/3290 5417/9651/3290 5482/9652/3290 5483/9658/3290
f 5395/9481/3291 5396/9653/3291 5473/9654/3291 5474/9482/3291
f 5437/9479/3292 5438/9655/3292 5494/9656/3292 5495/9480/3292
f 5419/9477/3293 5418/9657/3293 5483/9658/3293 5484/9478/3293
f 5363/9659/374 5365/9660/374 5522/9661/374 5523/9662/374
f 5365/9660/374 5367/9663/374 5524/9664/374 5522/9661/374
f 5367/9663/374 5369/9665/374 5525/9666/374 5524/9664/374
f 5369/9665/374 5371/9667/374 5526/9668/374 5525/9666/374
f 5371/9667/374 5373/9669/374 5527/9670/374 5526/9668/374
f 5373/9669/374 5375/9671/374 5528/9672/374 5527/9670/374
f 5375/9671/374 5377/9673/374 5529/9674/374 5528/9672/374
f 5377/9673/374 5379/9675/374 5530/9676/374 5529/9674/374
f 5379/9675/374 5381/9677/374 5531/9678/374 5530/9676/374
f 5381/9677/374 5383/9679/374 5532/9680/374 5531/9678/374
f 5383/9679/374 5385/9681/374 5533/9682/374 5532/9680/374
f 5385/9681/374 5387/9683/374 5534/9684/374 5533/9682/374
f 5387/9683/374 5389/9685/374 5535/9686/374 5534/9684/374
f 5389/9685/374 5391/9687/374 5536/9688/374 5535/9686/374
f 5391/9687/374 5393/9689/374 5537/9690/374 5536/9688/374
f 5393/9689/374 5363/9659/374 5523/9662/374 5537/9690/374
f 5538/9691/374 5539/9692/374 5553/9693/374 5552/9694/374 5551/9695/374 5550/9696/374 5549/9697/374 5548/9698/374 5547/9699/374 5546/9700/374 5545/9701/374 5544/9702/374 5543/9703/374 5542/9704/374 5541/9705/374 5540/9706/374
f 5375/9707/3227 5373/9708/3227 5543/9709/3227 5544/9710/3227
f 5391/9711/3219 5389/9347/3219 5551/9350/3219 5552/9712/3219
f 5377/9713/3228 5375/9707/3228 5544/9710/3228 5545/9714/3228
f 5393/9715/3220 5391/9716/3220 5552/9717/3220 5553/9718/3220
f 5379/9719/3229 5377/9713/3229 5545/9714/3229 5546/9720/3229
f 5365/9721/3222 5363/9722/3222 5539/9723/3222 5538/9724/3222
f 5363/9722/3221 5393/9715/3221 5553/9718/3221 5539/9723/3221
f 5381/9725/3215 5379/9726/3215 5546/9727/3215 5547/9728/3215
f 5367/9729/3223 5365/9721/3223 5538/9724/3223 5540/9730/3223
f 5383/9731/3216 5381/9725/3216 5547/9728/3216 5548/9732/3216
f 5369/9733/3224 5367/9729/3224 5540/9730/3224 5541/9734/3224
f 5385/9735/3217 5383/9731/3217 5548/9732/3217 5549/9736/3217
f 5371/9737/3225 5369/9738/3225 5541/9739/3225 5542/9740/3225
f 5387/9348/3218 5385/9741/3218 5549/9742/3218 5550/9349/3218
f 5373/9708/3226 5371/9737/3226 5542/9740/3226 5543/9709/3226
f 5586/9743/3182 5715/9744/3182 5714/9745/3182 5587/9746/3182
f 5587/9746/3183 5714/9745/3183 5716/9747/3183 5588/9748/3183
f 5588/9748/3184 5716/9747/3184 5717/9749/3184 5589/9750/3184
f 5589/9751/3185 5717/9752/3185 5718/9753/3185 5590/9754/3185
f 5590/9754/3186 5718/9753/3186 5719/9755/3186 5591/9756/3186
f 5591/9756/3187 5719/9755/3187 5720/9757/3187 5592/9758/3187
f 5592/9759/3188 5720/9760/3188 5721/9761/3188 5593/9762/3188
f 5593/9762/3189 5721/9761/3189 5722/9763/3189 5594/9764/3189
f 5594/9764/3190 5722/9763/3190 5723/9765/3190 5595/9766/3190
f 5595/9766/3191 5723/9765/3191 5724/9767/3191 5596/9768/3191
f 5596/9768/3192 5724/9767/3192 5725/9769/3192 5597/9770/3192
f 5597/9771/3193 5725/9772/3193 5726/9773/3193 5598/9774/3193
f 5598/9774/3194 5726/9773/3194 5727/9775/3194 5599/9776/3194
f 5599/9776/3195 5727/9775/3195 5728/9777/3195 5600/9778/3195
f 5581/9779/3196 5579/9780/3196 5742/9781/3196 5743/9782/3196
f 5600/9778/3197 5728/9777/3197 5729/9783/3197 5601/9784/3197
f 5601/9784/3198 5729/9783/3198 5715/9785/3198 5586/9786/3198
f 5554/9787/314 5556/9788/314 5558/9789/314 5560/9790/314 5562/9791/314 5564/9792/314 5566/9793/314 5568/9794/314 5570/9795/314 5572/9796/314 5574/9797/314 5576/9798/314 5578/9799/314 5580/9800/314 5582/9801/314 5584/9802/314
f 5644/9803/3199 5643/9804/3199 5708/9805/3199 5709/9806/3199
f 5600/9807/3200 5601/9808/3200 5652/9809/3200 5653/9810/3200
f 5633/9811/3201 5618/9812/3201 5698/9813/3201 5683/9814/3201
f 5643/9804/3202 5642/9815/3202 5707/9816/3202 5708/9805/3202
f 5601/9808/3203 5586/9817/3203 5651/9818/3203 5652/9809/3203
f 5618/9812/3204 5619/9819/3204 5697/9820/3204 5698/9813/3204
f 5642/9815/3205 5641/9821/3205 5706/9822/3205 5707/9816/3205
f 5619/9819/3206 5620/9823/3206 5696/9824/3206 5697/9820/3206
f 5641/9821/3207 5640/9825/3207 5705/9826/3207 5706/9822/3207
f 5620/9823/3208 5621/9827/3208 5695/9828/3208 5696/9824/3208
f 5640/9825/3209 5639/9829/3209 5704/9830/3209 5705/9826/3209
f 5621/9827/3210 5622/9831/3210 5694/9832/3210 5695/9828/3210
f 5639/9829/3211 5638/9833/3211 5703/9834/3211 5704/9830/3211
f 5622/9831/3212 5623/9835/3212 5693/9836/3212 5694/9832/3212
f 5638/9833/3213 5637/9837/3213 5702/9838/3213 5703/9834/3213
f 5617/9839/3214 5616/9840/3214 5681/9841/3214 5650/9842/3214
f 5633/9843/3215 5617/9844/3215 5602/9845/3215 5618/9846/3215
f 5618/9846/3216 5602/9845/3216 5603/9847/3216 5619/9848/3216
f 5619/9848/3217 5603/9847/3217 5604/9849/3217 5620/9850/3217
f 5620/9851/3218 5604/9852/3218 5605/9853/3218 5621/9854/3218
f 5621/9854/3196 5605/9853/3196 5606/9855/3196 5622/9856/3196
f 5622/9856/3219 5606/9855/3219 5607/9857/3219 5623/9858/3219
f 5623/9859/3220 5607/9860/3220 5608/9861/3220 5624/9862/3220
f 5624/9862/3221 5608/9861/3221 5609/9863/3221 5625/9864/3221
f 5625/9864/3222 5609/9863/3222 5610/9865/3222 5626/9866/3222
f 5626/9866/3223 5610/9865/3223 5611/9867/3223 5627/9868/3223
f 5627/9868/3224 5611/9867/3224 5612/9869/3224 5628/9870/3224
f 5628/9871/3225 5612/9872/3225 5613/9873/3225 5629/9874/3225
f 5629/9874/3226 5613/9873/3226 5614/9875/3226 5630/9876/3226
f 5630/9876/3227 5614/9875/3227 5615/9877/3227 5631/9878/3227
f 5631/9878/3228 5615/9877/3228 5616/9879/3228 5632/9880/3228
f 5632/9880/3229 5616/9879/3229 5617/9881/3229 5633/9882/3229
f 5623/9835/3230 5624/9883/3230 5692/9884/3230 5693/9836/3230
f 5637/9837/3231 5636/9885/3231 5701/9886/3231 5702/9838/3231
f 5616/9840/3232 5615/9887/3232 5680/9888/3232 5681/9841/3232
f 5624/9883/3233 5625/9889/3233 5691/9890/3233 5692/9884/3233
f 5636/9885/3234 5635/9891/3234 5700/9892/3234 5701/9886/3234
f 5615/9887/3235 5614/9893/3235 5679/9894/3235 5680/9888/3235
f 5625/9889/3236 5626/9895/3236 5690/9896/3236 5691/9890/3236
f 5635/9891/3237 5634/9897/3237 5699/9898/3237 5700/9892/3237
f 5614/9893/3238 5613/9899/3238 5678/9900/3238 5679/9894/3238
f 5626/9895/3239 5627/9901/3239 5689/9902/3239 5690/9896/3239
f 5634/9897/3240 5649/9903/3240 5682/9904/3240 5699/9898/3240
f 5613/9899/3241 5612/9905/3241 5677/9906/3241 5678/9900/3241
f 5627/9901/3242 5628/9907/3242 5688/9908/3242 5689/9902/3242
f 5612/9905/3243 5611/9909/3243 5676/9910/3243 5677/9906/3243
f 5628/9907/3244 5629/9911/3244 5687/9912/3244 5688/9908/3244
f 5586/9817/3245 5587/9913/3245 5666/9914/3245 5651/9818/3245
f 5554/9915/3246 5649/9916/3246 5634/9917/3246 5556/9918/3246
f 5556/9918/3247 5634/9917/3247 5635/9919/3247 5558/9920/3247
f 5558/9920/3248 5635/9919/3248 5636/9921/3248 5560/9922/3248
f 5560/9923/3249 5636/9924/3249 5637/9925/3249 5562/9926/3249
f 5562/9926/3250 5637/9925/3250 5638/9927/3250 5564/9928/3250
f 5564/9928/3251 5638/9927/3251 5639/9929/3251 5566/9930/3251
f 5566/9931/3252 5639/9932/3252 5640/9933/3252 5568/9934/3252
f 5568/9934/3253 5640/9933/3253 5641/9935/3253 5570/9936/3253
f 5570/9936/3254 5641/9935/3254 5642/9937/3254 5572/9938/3254
f 5572/9938/3255 5642/9937/3255 5643/9939/3255 5574/9940/3255
f 5574/9940/3256 5643/9939/3256 5644/9941/3256 5576/9942/3256
f 5576/9943/3257 5644/9944/3257 5645/9945/3257 5578/9946/3257
f 5578/9946/3258 5645/9945/3258 5646/9947/3258 5580/9948/3258
f 5580/9948/3259 5646/9947/3259 5647/9949/3259 5582/9950/3259
f 5582/9950/3260 5647/9949/3260 5648/9951/3260 5584/9952/3260
f 5584/9952/3261 5648/9951/3261 5649/9953/3261 5554/9954/3261
f 5681/9955/3229 5652/9956/3229 5651/9957/3229 5650/9958/3229
f 5680/9959/3228 5653/9960/3228 5652/9956/3228 5681/9955/3228
f 5679/9961/3227 5654/9962/3227 5653/9960/3227 5680/9959/3227
f 5678/9963/3226 5655/9964/3226 5654/9962/3226 5679/9961/3226
f 5677/9965/3225 5656/9966/3225 5655/9964/3225 5678/9963/3225
f 5676/9967/3224 5657/9968/3224 5656/9969/3224 5677/9970/3224
f 5675/9971/3223 5658/9972/3223 5657/9968/3223 5676/9967/3223
f 5674/9973/3222 5659/9974/3222 5658/9972/3222 5675/9971/3222
f 5673/9975/3221 5660/9976/3221 5659/9974/3221 5674/9973/3221
f 5672/9977/3220 5661/9978/3220 5660/9976/3220 5673/9975/3220
f 5671/9979/3219 5662/9980/3219 5661/9981/3219 5672/9982/3219
f 5670/9983/3196 5663/9984/3196 5662/9980/3196 5671/9979/3196
f 5669/9985/3218 5664/9986/3218 5663/9984/3218 5670/9983/3218
f 5668/9987/3217 5665/9988/3217 5664/9989/3217 5669/9990/3217
f 5667/9991/3216 5666/9992/3216 5665/9988/3216 5668/9987/3216
f 5650/9993/3215 5651/9994/3215 5666/9992/3215 5667/9991/3215
f 5713/9995/3229 5684/9996/3229 5683/9997/3229 5682/9998/3229
f 5712/9999/3228 5685/10000/3228 5684/9996/3228 5713/9995/3228
f 5711/10001/3227 5686/10002/3227 5685/10000/3227 5712/9999/3227
f 5710/10003/3226 5687/10004/3226 5686/10002/3226 5711/10001/3226
f 5709/10005/3225 5688/10006/3225 5687/10004/3225 5710/10003/3225
f 5708/10007/3224 5689/10008/3224 5688/10009/3224 5709/10010/3224
f 5707/10011/3223 5690/10012/3223 5689/10008/3223 5708/10007/3223
f 5706/10013/3222 5691/10014/3222 5690/10012/3222 5707/10011/3222
f 5705/10015/3221 5692/10016/3221 5691/10014/3221 5706/10013/3221
f 5704/10017/3220 5693/10018/3220 5692/10016/3220 5705/10015/3220
f 5703/10019/3219 5694/10020/3219 5693/10021/3219 5704/10022/3219
f 5702/10023/3196 5695/10024/3196 5694/10020/3196 5703/10019/3196
f 5701/10025/3218 5696/10026/3218 5695/10024/3218 5702/10023/3218
f 5700/10027/3217 5697/10028/3217 5696/10029/3217 5701/10030/3217
f 5699/10031/3216 5698/10032/3216 5697/10028/3216 5700/10027/3216
f 5682/10033/3215 5683/10034/3215 5698/10032/3215 5699/10031/3215
f 5599/10035/3262 5600/9807/3262 5653/9810/3262 5654/10036/3262
f 5645/10037/3263 5644/9803/3263 5709/9806/3263 5710/10038/3263
f 5598/10039/3264 5599/10035/3264 5654/10036/3264 5655/10040/3264
f 5646/10041/3265 5645/10037/3265 5710/10038/3265 5711/10042/3265
f 5597/10043/3266 5598/10039/3266 5655/10040/3266 5656/10044/3266
f 5647/10045/3267 5646/10041/3267 5711/10042/3267 5712/10046/3267
f 5596/10047/3268 5597/10043/3268 5656/10044/3268 5657/10048/3268
f 5648/10049/3269 5647/10045/3269 5712/10046/3269 5713/10050/3269
f 5602/10051/3270 5617/9839/3270 5650/9842/3270 5667/10052/3270
f 5595/10053/3271 5596/10047/3271 5657/10048/3271 5658/10054/3271
f 5649/9903/3272 5648/10049/3272 5713/10050/3272 5682/9904/3272
f 5603/10055/3273 5602/10051/3273 5667/10052/3273 5668/10056/3273
f 5594/10057/3274 5595/10053/3274 5658/10054/3274 5659/10058/3274
f 5604/10059/3275 5603/10055/3275 5668/10056/3275 5669/10060/3275
f 5593/10061/3276 5594/10057/3276 5659/10058/3276 5660/10062/3276
f 5605/10063/3277 5604/10059/3277 5669/10060/3277 5670/10064/3277
f 5592/10065/3278 5593/10061/3278 5660/10062/3278 5661/10066/3278
f 5606/10067/3279 5605/10063/3279 5670/10064/3279 5671/10068/3279
f 5591/10069/3280 5592/10065/3280 5661/10066/3280 5662/10070/3280
f 5607/10071/3281 5606/10067/3281 5671/10068/3281 5672/10072/3281
f 5590/10073/3282 5591/10069/3282 5662/10070/3282 5663/10074/3282
f 5632/10075/3283 5633/9811/3283 5683/9814/3283 5684/10076/3283
f 5608/10077/3284 5607/10071/3284 5672/10072/3284 5673/10078/3284
f 5589/10079/3285 5590/10073/3285 5663/10074/3285 5664/10080/3285
f 5631/10081/3286 5632/10075/3286 5684/10076/3286 5685/10082/3286
f 5609/10083/3287 5608/10077/3287 5673/10078/3287 5674/10084/3287
f 5588/10085/3288 5589/10079/3288 5664/10080/3288 5665/10086/3288
f 5630/10087/3289 5631/10081/3289 5685/10082/3289 5686/10088/3289
f 5610/10089/3290 5609/10083/3290 5674/10084/3290 5675/10090/3290
f 5587/9913/3291 5588/10085/3291 5665/10086/3291 5666/9914/3291
f 5629/9911/3292 5630/10087/3292 5686/10088/3292 5687/9912/3292
f 5611/9909/3293 5610/10089/3293 5675/10090/3293 5676/9910/3293
f 5555/10091/374 5557/10092/374 5714/10093/374 5715/10094/374
f 5557/10092/374 5559/10095/374 5716/10096/374 5714/10093/374
f 5559/10095/374 5561/10097/374 5717/10098/374 5716/10096/374
f 5561/10097/374 5563/10099/374 5718/10100/374 5717/10098/374
f 5563/10099/374 5565/10101/374 5719/10102/374 5718/10100/374
f 5565/10101/374 5567/10103/374 5720/10104/374 5719/10102/374
f 5567/10103/374 5569/10105/374 5721/10106/374 5720/10104/374
f 5569/10105/374 5571/10107/374 5722/10108/374 5721/10106/374
f 5571/10107/374 5573/10109/374 5723/10110/374 5722/10108/374
f 5573/10109/374 5575/10111/374 5724/10112/374 5723/10110/374
f 5575/10111/374 5577/10113/374 5725/10114/374 5724/10112/374
f 5577/10113/374 5579/10115/374 5726/10116/374 5725/10114/374
f 5579/10115/374 5581/10117/374 5727/10118/374 5726/10116/374
f 5581/10117/374 5583/10119/374 5728/10120/374 5727/10118/374
f 5583/10119/374 5585/10121/374 5729/10122/374 5728/10120/374
f 5585/10121/374 5555/10091/374 5715/10094/374 5729/10122/374
f 5730/10123/374 5731/10124/374 5745/10125/374 5744/10126/374 5743/10127/374 5742/10128/374 5741/10129/374 5740/10130/374 5739/10131/374 5738/10132/374 5737/10133/374 5736/10134/374 5735/10135/374 5734/10136/374 5733/10137/374 5732/10138/374
f 5567/10139/3227 5565/10140/3227 5735/10141/3227 5736/10142/3227
f 5583/10143/3219 5581/9779/3219 5743/9782/3219 5744/10144/3219
f 5569/10145/3228 5567/10139/3228 5736/10142/3228 5737/10146/3228
f 5585/10147/3220 5583/10148/3220 5744/10149/3220 5745/10150/3220
f 5571/10151/3229 5569/10145/3229 5737/10146/3229 5738/10152/3229
f 5557/10153/3222 5555/10154/3222 5731/10155/3222 5730/10156/3222
f 5555/10154/3221 5585/10147/3221 5745/10150/3221 5731/10155/3221
f 5573/10157/3215 5571/10158/3215 5738/10159/3215 5739/10160/3215
f 5559/10161/3223 5557/10153/3223 5730/10156/3223 5732/10162/3223
f 5575/10163/3216 5573/10157/3216 5739/10160/3216 5740/10164/3216
f 5561/10165/3224 5559/10161/3224 5732/10162/3224 5733/10166/3224
f 5577/10167/3217 5575/10163/3217 5740/10164/3217 5741/10168/3217
f 5563/10169/3225 5561/10170/3225 5733/10171/3225 5734/10172/3225
f 5579/9780/3218 5577/10173/3218 5741/10174/3218 5742/9781/3218
f 5565/10140/3226 5563/10169/3226 5734/10172/3226 5735/10141/3226
f 5778/10175/3182 5907/10176/3182 5906/10177/3182 5779/10178/3182
f 5779/10178/3183 5906/10177/3183 5908/10179/3183 5780/10180/3183
f 5780/10180/3184 5908/10179/3184 5909/10181/3184 5781/10182/3184
f 5781/10183/3185 5909/10184/3185 5910/10185/3185 5782/10186/3185
f 5782/10186/3186 5910/10185/3186 5911/10187/3186 5783/10188/3186
f 5783/10188/3187 5911/10187/3187 5912/10189/3187 5784/10190/3187
f 5784/10191/3188 5912/10192/3188 5913/10193/3188 5785/10194/3188
f 5785/10194/3189 5913/10193/3189 5914/10195/3189 5786/10196/3189
f 5786/10196/3190 5914/10195/3190 5915/10197/3190 5787/10198/3190
f 5787/10198/3191 5915/10197/3191 5916/10199/3191 5788/10200/3191
f 5788/10200/3192 5916/10199/3192 5917/10201/3192 5789/10202/3192
f 5789/10203/3193 5917/10204/3193 5918/10205/3193 5790/10206/3193
f 5790/10206/3194 5918/10205/3194 5919/10207/3194 5791/10208/3194
f 5791/10208/3195 5919/10207/3195 5920/10209/3195 5792/10210/3195
f 5773/10211/3196 5771/10212/3196 5934/10213/3196 5935/10214/3196
f 5792/10210/3197 5920/10209/3197 5921/10215/3197 5793/10216/3197
f 5793/10216/3198 5921/10215/3198 5907/10217/3198 5778/10218/3198
f 5746/10219/314 5748/10220/314 5750/10221/314 5752/10222/314 5754/10223/314 5756/10224/314 5758/10225/314 5760/10226/314 5762/10227/314 5764/10228/314 5766/10229/314 5768/10230/314 5770/10231/314 5772/10232/314 5774/10233/314 5776/10234/314
f 5836/10235/3199 5835/10236/3199 5900/10237/3199 5901/10238/3199
f 5792/10239/3200 5793/10240/3200 5844/10241/3200 5845/10242/3200
f 5825/10243/3201 5810/10244/3201 5890/10245/3201 5875/10246/3201
f 5835/10236/3202 5834/10247/3202 5899/10248/3202 5900/10237/3202
f 5793/10240/3203 5778/10249/3203 5843/10250/3203 5844/10241/3203
f 5810/10244/3204 5811/10251/3204 5889/10252/3204 5890/10245/3204
f 5834/10247/3205 5833/10253/3205 5898/10254/3205 5899/10248/3205
f 5811/10251/3206 5812/10255/3206 5888/10256/3206 5889/10252/3206
f 5833/10253/3207 5832/10257/3207 5897/10258/3207 5898/10254/3207
f 5812/10255/3208 5813/10259/3208 5887/10260/3208 5888/10256/3208
f 5832/10257/3209 5831/10261/3209 5896/10262/3209 5897/10258/3209
f 5813/10259/3210 5814/10263/3210 5886/10264/3210 5887/10260/3210
f 5831/10261/3211 5830/10265/3211 5895/10266/3211 5896/10262/3211
f 5814/10263/3212 5815/10267/3212 5885/10268/3212 5886/10264/3212
f 5830/10265/3213 5829/10269/3213 5894/10270/3213 5895/10266/3213
f 5809/10271/3214 5808/10272/3214 5873/10273/3214 5842/10274/3214
f 5825/10275/3215 5809/10276/3215 5794/10277/3215 5810/10278/3215
f 5810/10278/3216 5794/10277/3216 5795/10279/3216 5811/10280/3216
f 5811/10280/3217 5795/10279/3217 5796/10281/3217 5812/10282/3217
f 5812/10283/3218 5796/10284/3218 5797/10285/3218 5813/10286/3218
f 5813/10286/3196 5797/10285/3196 5798/10287/3196 5814/10288/3196
f 5814/10288/3219 5798/10287/3219 5799/10289/3219 5815/10290/3219
f 5815/10291/3220 5799/10292/3220 5800/10293/3220 5816/10294/3220
f 5816/10294/3221 5800/10293/3221 5801/10295/3221 5817/10296/3221
f 5817/10296/3222 5801/10295/3222 5802/10297/3222 5818/10298/3222
f 5818/10298/3223 5802/10297/3223 5803/10299/3223 5819/10300/3223
f 5819/10300/3224 5803/10299/3224 5804/10301/3224 5820/10302/3224
f 5820/10303/3225 5804/10304/3225 5805/10305/3225 5821/10306/3225
f 5821/10306/3226 5805/10305/3226 5806/10307/3226 5822/10308/3226
f 5822/10308/3227 5806/10307/3227 5807/10309/3227 5823/10310/3227
f 5823/10310/3228 5807/10309/3228 5808/10311/3228 5824/10312/3228
f 5824/10312/3229 5808/10311/3229 5809/10313/3229 5825/10314/3229
f 5815/10267/3230 5816/10315/3230 5884/10316/3230 5885/10268/3230
f 5829/10269/3231 5828/10317/3231 5893/10318/3231 5894/10270/3231
f 5808/10272/3232 5807/10319/3232 5872/10320/3232 5873/10273/3232
f 5816/10315/3233 5817/10321/3233 5883/10322/3233 5884/10316/3233
f 5828/10317/3234 5827/10323/3234 5892/10324/3234 5893/10318/3234
f 5807/10319/3235 5806/10325/3235 5871/10326/3235 5872/10320/3235
f 5817/10321/3236 5818/10327/3236 5882/10328/3236 5883/10322/3236
f 5827/10323/3237 5826/10329/3237 5891/10330/3237 5892/10324/3237
f 5806/10325/3238 5805/10331/3238 5870/10332/3238 5871/10326/3238
f 5818/10327/3239 5819/10333/3239 5881/10334/3239 5882/10328/3239
f 5826/10329/3240 5841/10335/3240 5874/10336/3240 5891/10330/3240
f 5805/10331/3241 5804/10337/3241 5869/10338/3241 5870/10332/3241
f 5819/10333/3242 5820/10339/3242 5880/10340/3242 5881/10334/3242
f 5804/10337/3243 5803/10341/3243 5868/10342/3243 5869/10338/3243
f 5820/10339/3244 5821/10343/3244 5879/10344/3244 5880/10340/3244
f 5778/10249/3245 5779/10345/3245 5858/10346/3245 5843/10250/3245
f 5746/10347/3246 5841/10348/3246 5826/10349/3246 5748/10350/3246
f 5748/10350/3247 5826/10349/3247 5827/10351/3247 5750/10352/3247
f 5750/10352/3248 5827/10351/3248 5828/10353/3248 5752/10354/3248
f 5752/10355/3249 5828/10356/3249 5829/10357/3249 5754/10358/3249
f 5754/10358/3250 5829/10357/3250 5830/10359/3250 5756/10360/3250
f 5756/10360/3251 5830/10359/3251 5831/10361/3251 5758/10362/3251
f 5758/10363/3252 5831/10364/3252 5832/10365/3252 5760/10366/3252
f 5760/10366/3253 5832/10365/3253 5833/10367/3253 5762/10368/3253
f 5762/10368/3254 5833/10367/3254 5834/10369/3254 5764/10370/3254
f 5764/10370/3255 5834/10369/3255 5835/10371/3255 5766/10372/3255
f 5766/10372/3256 5835/10371/3256 5836/10373/3256 5768/10374/3256
f 5768/10375/3257 5836/10376/3257 5837/10377/3257 5770/10378/3257
f 5770/10378/3258 5837/10377/3258 5838/10379/3258 5772/10380/3258
f 5772/10380/3259 5838/10379/3259 5839/10381/3259 5774/10382/3259
f 5774/10382/3260 5839/10381/3260 5840/10383/3260 5776/10384/3260
f 5776/10384/3261 5840/10383/3261 5841/10385/3261 5746/10386/3261
f 5873/10387/3229 5844/10388/3229 5843/10389/3229 5842/10390/3229
f 5872/10391/3228 5845/10392/3228 5844/10388/3228 5873/10387/3228
f 5871/10393/3227 5846/10394/3227 5845/10392/3227 5872/10391/3227
f 5870/10395/3226 5847/10396/3226 5846/10394/3226 5871/10393/3226
f 5869/10397/3225 5848/10398/3225 5847/10396/3225 5870/10395/3225
f 5868/10399/3224 5849/10400/3224 5848/10401/3224 5869/10402/3224
f 5867/10403/3223 5850/10404/3223 5849/10400/3223 5868/10399/3223
f 5866/10405/3222 5851/10406/3222 5850/10404/3222 5867/10403/3222
f 5865/10407/3221 5852/10408/3221 5851/10406/3221 5866/10405/3221
f 5864/10409/3220 5853/10410/3220 5852/10408/3220 5865/10407/3220
f 5863/10411/3219 5854/10412/3219 5853/10413/3219 5864/10414/3219
f 5862/10415/3196 5855/10416/3196 5854/10412/3196 5863/10411/3196
f 5861/10417/3218 5856/10418/3218 5855/10416/3218 5862/10415/3218
f 5860/10419/3217 5857/10420/3217 5856/10421/3217 5861/10422/3217
f 5859/10423/3216 5858/10424/3216 5857/10420/3216 5860/10419/3216
f 5842/10425/3215 5843/10426/3215 5858/10424/3215 5859/10423/3215
f 5905/10427/3229 5876/10428/3229 5875/10429/3229 5874/10430/3229
f 5904/10431/3228 5877/10432/3228 5876/10428/3228 5905/10427/3228
f 5903/10433/3227 5878/10434/3227 5877/10432/3227 5904/10431/3227
f 5902/10435/3226 5879/10436/3226 5878/10434/3226 5903/10433/3226
f 5901/10437/3225 5880/10438/3225 5879/10436/3225 5902/10435/3225
f 5900/10439/3224 5881/10440/3224 5880/10441/3224 5901/10442/3224
f 5899/10443/3223 5882/10444/3223 5881/10440/3223 5900/10439/3223
f 5898/10445/3222 5883/10446/3222 5882/10444/3222 5899/10443/3222
f 5897/10447/3221 5884/10448/3221 5883/10446/3221 5898/10445/3221
f 5896/10449/3220 5885/10450/3220 5884/10448/3220 5897/10447/3220
f 5895/10451/3219 5886/10452/3219 5885/10453/3219 5896/10454/3219
f 5894/10455/3196 5887/10456/3196 5886/10452/3196 5895/10451/3196
f 5893/10457/3218 5888/10458/3218 5887/10456/3218 5894/10455/3218
f 5892/10459/3217 5889/10460/3217 5888/10461/3217 5893/10462/3217
f 5891/10463/3216 5890/10464/3216 5889/10460/3216 5892/10459/3216
f 5874/10465/3215 5875/10466/3215 5890/10464/3215 5891/10463/3215
f 5791/10467/3262 5792/10239/3262 5845/10242/3262 5846/10468/3262
f 5837/10469/3263 5836/10235/3263 5901/10238/3263 5902/10470/3263
f 5790/10471/3264 5791/10467/3264 5846/10468/3264 5847/10472/3264
f 5838/10473/3265 5837/10469/3265 5902/10470/3265 5903/10474/3265
f 5789/10475/3266 5790/10471/3266 5847/10472/3266 5848/10476/3266
f 5839/10477/3267 5838/10473/3267 5903/10474/3267 5904/10478/3267
f 5788/10479/3268 5789/10475/3268 5848/10476/3268 5849/10480/3268
f 5840/10481/3269 5839/10477/3269 5904/10478/3269 5905/10482/3269
f 5794/10483/3270 5809/10271/3270 5842/10274/3270 5859/10484/3270
f 5787/10485/3271 5788/10479/3271 5849/10480/3271 5850/10486/3271
f 5841/10335/3272 5840/10481/3272 5905/10482/3272 5874/10336/3272
f 5795/10487/3273 5794/10483/3273 5859/10484/3273 5860/10488/3273
f 5786/10489/3274 5787/10485/3274 5850/10486/3274 5851/10490/3274
f 5796/10491/3275 5795/10487/3275 5860/10488/3275 5861/10492/3275
f 5785/10493/3276 5786/10489/3276 5851/10490/3276 5852/10494/3276
f 5797/10495/3277 5796/10491/3277 5861/10492/3277 5862/10496/3277
f 5784/10497/3278 5785/10493/3278 5852/10494/3278 5853/10498/3278
f 5798/10499/3279 5797/10495/3279 5862/10496/3279 5863/10500/3279
f 5783/10501/3280 5784/10497/3280 5853/10498/3280 5854/10502/3280
f 5799/10503/3281 5798/10499/3281 5863/10500/3281 5864/10504/3281
f 5782/10505/3282 5783/10501/3282 5854/10502/3282 5855/10506/3282
f 5824/10507/3283 5825/10243/3283 5875/10246/3283 5876/10508/3283
f 5800/10509/3284 5799/10503/3284 5864/10504/3284 5865/10510/3284
f 5781/10511/3285 5782/10505/3285 5855/10506/3285 5856/10512/3285
f 5823/10513/3286 5824/10507/3286 5876/10508/3286 5877/10514/3286
f 5801/10515/3287 5800/10509/3287 5865/10510/3287 5866/10516/3287
f 5780/10517/3288 5781/10511/3288 5856/10512/3288 5857/10518/3288
f 5822/10519/3289 5823/10513/3289 5877/10514/3289 5878/10520/3289
f 5802/10521/3290 5801/10515/3290 5866/10516/3290 5867/10522/3290
f 5779/10345/3291 5780/10517/3291 5857/10518/3291 5858/10346/3291
f 5821/10343/3292 5822/10519/3292 5878/10520/3292 5879/10344/3292
f 5803/10341/3293 5802/10521/3293 5867/10522/3293 5868/10342/3293
f 5747/10523/374 5749/10524/374 5906/10525/374 5907/10526/374
f 5749/10524/374 5751/10527/374 5908/10528/374 5906/10525/374
f 5751/10527/374 5753/10529/374 5909/10530/374 5908/10528/374
f 5753/10529/374 5755/10531/374 5910/10532/374 5909/10530/374
f 5755/10531/374 5757/10533/374 5911/10534/374 5910/10532/374
f 5757/10533/374 5759/10535/374 5912/10536/374 5911/10534/374
f 5759/10535/374 5761/10537/374 5913/10538/374 5912/10536/374
f 5761/10537/374 5763/10539/374 5914/10540/374 5913/10538/374
f 5763/10539/374 5765/10541/374 5915/10542/374 5914/10540/374
f 5765/10541/374 5767/10543/374 5916/10544/374 5915/10542/374
f 5767/10543/374 5769/10545/374 5917/10546/374 5916/10544/374
f 5769/10545/374 5771/10547/374 5918/10548/374 5917/10546/374
f 5771/10547/374 5773/10549/374 5919/10550/374 5918/10548/374
f 5773/10549/374 5775/10551/374 5920/10552/374 5919/10550/374
f 5775/10551/374 5777/10553/374 5921/10554/374 5920/10552/374
f 5777/10553/374 5747/10523/374 5907/10526/374 5921/10554/374
f 5922/10555/374 5923/10556/374 5937/10557/374 5936/10558/374 5935/10559/374 5934/10560/374 5933/10561/374 5932/10562/374 5931/10563/374 5930/10564/374 5929/10565/374 5928/10566/374 5927/10567/374 5926/10568/374 5925/10569/374 5924/10570/374
f 5759/10571/3227 5757/10572/3227 5927/10573/3227 5928/10574/3227
f 5775/10575/3219 5773/10211/3219 5935/10214/3219 5936/10576/3219
f 5761/10577/3228 5759/10571/3228 5928/10574/3228 5929/10578/3228
f 5777/10579/3220 5775/10580/3220 5936/10581/3220 5937/10582/3220
f 5763/10583/3229 5761/10577/3229 5929/10578/3229 5930/10584/3229
f 5749/10585/3222 5747/10586/3222 5923/10587/3222 5922/10588/3222
f 5747/10586/3221 5777/10579/3221 5937/10582/3221 5923/10587/3221
f 5765/10589/3215 5763/10590/3215 5930/10591/3215 5931/10592/3215
f 5751/10593/3223 5749/10585/3223 5922/10588/3223 5924/10594/3223
f 5767/10595/3216 5765/10589/3216 5931/10592/3216 5932/10596/3216
f 5753/10597/3224 5751/10593/3224 5924/10594/3224 5925/10598/3224
f 5769/10599/3217 5767/10595/3217 5932/10596/3217 5933/10600/3217
f 5755/10601/3225 5753/10602/3225 5925/10603/3225 5926/10604/3225
f 5771/10212/3218 5769/10605/3218 5933/10606/3218 5934/10213/3218
f 5757/10572/3226 5755/10601/3226 5926/10604/3226 5927/10573/3226
f 5938/10607/311 5946/10608/311 5947/10609/311 5940/10610/311
f 5940/10611/312 5947/10612/312 5948/10613/312 5944/10614/312
f 5944/10615/313 5948/10616/313 5949/10617/313 5942/10618/313
f 5942/10619/293 5949/10620/293 5946/10621/293 5938/10622/293
f 5940/10623/314 5944/10624/314 5942/10625/314 5938/10626/314
f 5943/10627/311 5945/10628/311 5952/10629/311 5953/10630/311
f 5939/10631/374 5941/10632/374 5947/10633/374 5946/10634/374
f 5941/10632/374 5945/10635/374 5948/10636/374 5947/10633/374
f 5945/10635/374 5943/10637/374 5949/10638/374 5948/10636/374
f 5943/10637/374 5939/10631/374 5946/10634/374 5949/10638/374
f 5952/10639/374 5951/10640/374 5950/10641/374 5953/10642/374
f 5941/10643/313 5939/10644/313 5950/10645/313 5951/10646/313
f 5939/10647/312 5943/10648/312 5953/10649/312 5950/10650/312
f 5945/10651/293 5941/10652/293 5951/10653/293 5952/10654/293
f 5954/10655/3294 5962/10656/3294 5963/10657/3294 5956/10658/3294
f 5956/10659/3295 5963/10660/3295 5964/10661/3295 5960/10662/3295
f 5960/10663/3296 5964/10664/3296 5965/10665/3296 5958/10666/3296
f 5958/10667/3297 5965/10668/3297 5962/10669/3297 5954/10670/3297
f 5956/10671/314 5960/10672/314 5958/10673/314 5954/10674/314
f 5959/10675/3294 5961/10676/3294 5968/10677/3294 5969/10678/3294
f 5955/10679/374 5957/10680/374 5963/10681/374 5962/10682/374
f 5957/10680/374 5961/10683/374 5964/10684/374 5963/10681/374
f 5961/10683/374 5959/10685/374 5965/10686/374 5964/10684/374
f 5959/10685/374 5955/10679/374 5962/10682/374 5965/10686/374
f 5968/10687/374 5967/10688/374 5966/10689/374 5969/10690/374
f 5957/10691/3296 5955/10692/3296 5966/10693/3296 5967/10694/3296
f 5955/10695/3295 5959/10696/3295 5969/10697/3295 5966/10698/3295
f 5961/10699/3297 5957/10700/3297 5967/10701/3297 5968/10702/3297
f 368/10703/374 37/10704/374 13/10705/374 333/10706/374
f 6002/10707/3182 6131/10708/3182 6130/10709/3182 6003/10710/3182
f 6003/10710/3183 6130/10709/3183 6132/10711/3183 6004/10712/3183
f 6004/10712/3184 6132/10711/3184 6133/10713/3184 6005/10714/3184
f 6005/10715/3185 6133/10716/3185 6134/10717/3185 6006/10718/3185
f 6006/10718/3186 6134/10717/3186 6135/10719/3186 6007/10720/3186
f 6007/10720/3187 6135/10719/3187 6136/10721/3187 6008/10722/3187
f 6008/10723/3188 6136/10724/3188 6137/10725/3188 6009/10726/3188
f 6009/10726/3189 6137/10725/3189 6138/10727/3189 6010/10728/3189
f 6010/10728/3190 6138/10727/3190 6139/10729/3190 6011/10730/3190
f 6011/10730/3191 6139/10729/3191 6140/10731/3191 6012/10732/3191
f 6012/10732/3192 6140/10731/3192 6141/10733/3192 6013/10734/3192
f 6013/10735/3193 6141/10736/3193 6142/10737/3193 6014/10738/3193
f 6014/10738/3194 6142/10737/3194 6143/10739/3194 6015/10740/3194
f 6015/10740/3195 6143/10739/3195 6144/10741/3195 6016/10742/3195
f 5997/10743/3196 5995/10744/3196 6158/10745/3196 6159/10746/3196
f 6016/10742/3197 6144/10741/3197 6145/10747/3197 6017/10748/3197
f 6017/10748/3198 6145/10747/3198 6131/10749/3198 6002/10750/3198
f 5970/10751/314 5972/10752/314 5974/10753/314 5976/10754/314 5978/10755/314 5980/10756/314 5982/10757/314 5984/10758/314 5986/10759/314 5988/10760/314 5990/10761/314 5992/10762/314 5994/10763/314 5996/10764/314 5998/10765/314 6000/10766/314
f 6060/10767/3199 6059/10768/3199 6124/10769/3199 6125/10770/3199
f 6016/10771/3200 6017/10772/3200 6068/10773/3200 6069/10774/3200
f 6049/10775/3201 6034/10776/3201 6114/10777/3201 6099/10778/3201
f 6059/10768/3202 6058/10779/3202 6123/10780/3202 6124/10769/3202
f 6017/10772/3203 6002/10781/3203 6067/10782/3203 6068/10773/3203
f 6034/10776/3204 6035/10783/3204 6113/10784/3204 6114/10777/3204
f 6058/10779/3205 6057/10785/3205 6122/10786/3205 6123/10780/3205
f 6035/10783/3206 6036/10787/3206 6112/10788/3206 6113/10784/3206
f 6057/10785/3207 6056/10789/3207 6121/10790/3207 6122/10786/3207
f 6036/10787/3208 6037/10791/3208 6111/10792/3208 6112/10788/3208
f 6056/10789/3209 6055/10793/3209 6120/10794/3209 6121/10790/3209
f 6037/10791/3210 6038/10795/3210 6110/10796/3210 6111/10792/3210
f 6055/10793/3211 6054/10797/3211 6119/10798/3211 6120/10794/3211
f 6038/10795/3212 6039/10799/3212 6109/10800/3212 6110/10796/3212
f 6054/10797/3213 6053/10801/3213 6118/10802/3213 6119/10798/3213
f 6033/10803/3214 6032/10804/3214 6097/10805/3214 6066/10806/3214
f 6049/10807/3215 6033/10808/3215 6018/10809/3215 6034/10810/3215
f 6034/10810/3216 6018/10809/3216 6019/10811/3216 6035/10812/3216
f 6035/10812/3217 6019/10811/3217 6020/10813/3217 6036/10814/3217
f 6036/10815/3218 6020/10816/3218 6021/10817/3218 6037/10818/3218
f 6037/10818/3196 6021/10817/3196 6022/10819/3196 6038/10820/3196
f 6038/10820/3219 6022/10819/3219 6023/10821/3219 6039/10822/3219
f 6039/10823/3220 6023/10824/3220 6024/10825/3220 6040/10826/3220
f 6040/10826/3221 6024/10825/3221 6025/10827/3221 6041/10828/3221
f 6041/10828/3222 6025/10827/3222 6026/10829/3222 6042/10830/3222
f 6042/10830/3223 6026/10829/3223 6027/10831/3223 6043/10832/3223
f 6043/10832/3224 6027/10831/3224 6028/10833/3224 6044/10834/3224
f 6044/10835/3225 6028/10836/3225 6029/10837/3225 6045/10838/3225
f 6045/10838/3226 6029/10837/3226 6030/10839/3226 6046/10840/3226
f 6046/10840/3227 6030/10839/3227 6031/10841/3227 6047/10842/3227
f 6047/10842/3228 6031/10841/3228 6032/10843/3228 6048/10844/3228
f 6048/10844/3229 6032/10843/3229 6033/10845/3229 6049/10846/3229
f 6039/10799/3230 6040/10847/3230 6108/10848/3230 6109/10800/3230
f 6053/10801/3231 6052/10849/3231 6117/10850/3231 6118/10802/3231
f 6032/10804/3232 6031/10851/3232 6096/10852/3232 6097/10805/3232
f 6040/10847/3233 6041/10853/3233 6107/10854/3233 6108/10848/3233
f 6052/10849/3234 6051/10855/3234 6116/10856/3234 6117/10850/3234
f 6031/10851/3235 6030/10857/3235 6095/10858/3235 6096/10852/3235
f 6041/10853/3236 6042/10859/3236 6106/10860/3236 6107/10854/3236
f 6051/10855/3237 6050/10861/3237 6115/10862/3237 6116/10856/3237
f 6030/10857/3238 6029/10863/3238 6094/10864/3238 6095/10858/3238
f 6042/10859/3239 6043/10865/3239 6105/10866/3239 6106/10860/3239
f 6050/10861/3240 6065/10867/3240 6098/10868/3240 6115/10862/3240
f 6029/10863/3241 6028/10869/3241 6093/10870/3241 6094/10864/3241
f 6043/10865/3242 6044/10871/3242 6104/10872/3242 6105/10866/3242
f 6028/10869/3243 6027/10873/3243 6092/10874/3243 6093/10870/3243
f 6044/10871/3244 6045/10875/3244 6103/10876/3244 6104/10872/3244
f 6002/10781/3245 6003/10877/3245 6082/10878/3245 6067/10782/3245
f 5970/10879/3246 6065/10880/3246 6050/10881/3246 5972/10882/3246
f 5972/10882/3247 6050/10881/3247 6051/10883/3247 5974/10884/3247
f 5974/10884/3248 6051/10883/3248 6052/10885/3248 5976/10886/3248
f 5976/10887/3249 6052/10888/3249 6053/10889/3249 5978/10890/3249
f 5978/10890/3250 6053/10889/3250 6054/10891/3250 5980/10892/3250
f 5980/10892/3251 6054/10891/3251 6055/10893/3251 5982/10894/3251
f 5982/10895/3252 6055/10896/3252 6056/10897/3252 5984/10898/3252
f 5984/10898/3253 6056/10897/3253 6057/10899/3253 5986/10900/3253
f 5986/10900/3254 6057/10899/3254 6058/10901/3254 5988/10902/3254
f 5988/10902/3255 6058/10901/3255 6059/10903/3255 5990/10904/3255
f 5990/10904/3256 6059/10903/3256 6060/10905/3256 5992/10906/3256
f 5992/10907/3257 6060/10908/3257 6061/10909/3257 5994/10910/3257
f 5994/10910/3258 6061/10909/3258 6062/10911/3258 5996/10912/3258
f 5996/10912/3259 6062/10911/3259 6063/10913/3259 5998/10914/3259
f 5998/10914/3260 6063/10913/3260 6064/10915/3260 6000/10916/3260
f 6000/10916/3261 6064/10915/3261 6065/10917/3261 5970/10918/3261
f 6097/10919/3229 6068/10920/3229 6067/10921/3229 6066/10922/3229
f 6096/10923/3228 6069/10924/3228 6068/10920/3228 6097/10919/3228
f 6095/10925/3227 6070/10926/3227 6069/10924/3227 6096/10923/3227
f 6094/10927/3226 6071/10928/3226 6070/10926/3226 6095/10925/3226
f 6093/10929/3225 6072/10930/3225 6071/10928/3225 6094/10927/3225
f 6092/10931/3224 6073/10932/3224 6072/10933/3224 6093/10934/3224
f 6091/10935/3223 6074/10936/3223 6073/10932/3223 6092/10931/3223
f 6090/10937/3222 6075/10938/3222 6074/10936/3222 6091/10935/3222
f 6089/10939/3221 6076/10940/3221 6075/10938/3221 6090/10937/3221
f 6088/10941/3220 6077/10942/3220 6076/10940/3220 6089/10939/3220
f 6087/10943/3219 6078/10944/3219 6077/10945/3219 6088/10946/3219
f 6086/10947/3196 6079/10948/3196 6078/10944/3196 6087/10943/3196
f 6085/10949/3218 6080/10950/3218 6079/10948/3218 6086/10947/3218
f 6084/10951/3217 6081/10952/3217 6080/10953/3217 6085/10954/3217
f 6083/10955/3216 6082/10956/3216 6081/10952/3216 6084/10951/3216
f 6066/10957/3215 6067/10958/3215 6082/10956/3215 6083/10955/3215
f 6129/10959/3229 6100/10960/3229 6099/10961/3229 6098/10962/3229
f 6128/10963/3228 6101/10964/3228 6100/10960/3228 6129/10959/3228
f 6127/10965/3227 6102/10966/3227 6101/10964/3227 6128/10963/3227
f 6126/10967/3226 6103/10968/3226 6102/10966/3226 6127/10965/3226
f 6125/10969/3225 6104/10970/3225 6103/10968/3225 6126/10967/3225
f 6124/10971/3224 6105/10972/3224 6104/10973/3224 6125/10974/3224
f 6123/10975/3223 6106/10976/3223 6105/10972/3223 6124/10971/3223
f 6122/10977/3222 6107/10978/3222 6106/10976/3222 6123/10975/3222
f 6121/10979/3221 6108/10980/3221 6107/10978/3221 6122/10977/3221
f 6120/10981/3220 6109/10982/3220 6108/10980/3220 6121/10979/3220
f 6119/10983/3219 6110/10984/3219 6109/10985/3219 6120/10986/3219
f 6118/10987/3196 6111/10988/3196 6110/10984/3196 6119/10983/3196
f 6117/10989/3218 6112/10990/3218 6111/10988/3218 6118/10987/3218
f 6116/10991/3217 6113/10992/3217 6112/10993/3217 6117/10994/3217
f 6115/10995/3216 6114/10996/3216 6113/10992/3216 6116/10991/3216
f 6098/10997/3215 6099/10998/3215 6114/10996/3215 6115/10995/3215
f 6015/10999/3262 6016/10771/3262 6069/10774/3262 6070/11000/3262
f 6061/11001/3263 6060/10767/3263 6125/10770/3263 6126/11002/3263
f 6014/11003/3264 6015/10999/3264 6070/11000/3264 6071/11004/3264
f 6062/11005/3265 6061/11001/3265 6126/11002/3265 6127/11006/3265
f 6013/11007/3266 6014/11003/3266 6071/11004/3266 6072/11008/3266
f 6063/11009/3267 6062/11005/3267 6127/11006/3267 6128/11010/3267
f 6012/11011/3268 6013/11007/3268 6072/11008/3268 6073/11012/3268
f 6064/11013/3269 6063/11009/3269 6128/11010/3269 6129/11014/3269
f 6018/11015/3270 6033/10803/3270 6066/10806/3270 6083/11016/3270
f 6011/11017/3271 6012/11011/3271 6073/11012/3271 6074/11018/3271
f 6065/10867/3272 6064/11013/3272 6129/11014/3272 6098/10868/3272
f 6019/11019/3273 6018/11015/3273 6083/11016/3273 6084/11020/3273
f 6010/11021/3274 6011/11017/3274 6074/11018/3274 6075/11022/3274
f 6020/11023/3275 6019/11019/3275 6084/11020/3275 6085/11024/3275
f 6009/11025/3276 6010/11021/3276 6075/11022/3276 6076/11026/3276
f 6021/11027/3277 6020/11023/3277 6085/11024/3277 6086/11028/3277
f 6008/11029/3278 6009/11025/3278 6076/11026/3278 6077/11030/3278
f 6022/11031/3279 6021/11027/3279 6086/11028/3279 6087/11032/3279
f 6007/11033/3280 6008/11029/3280 6077/11030/3280 6078/11034/3280
f 6023/11035/3281 6022/11031/3281 6087/11032/3281 6088/11036/3281
f 6006/11037/3282 6007/11033/3282 6078/11034/3282 6079/11038/3282
f 6048/11039/3283 6049/10775/3283 6099/10778/3283 6100/11040/3283
f 6024/11041/3284 6023/11035/3284 6088/11036/3284 6089/11042/3284
f 6005/11043/3285 6006/11037/3285 6079/11038/3285 6080/11044/3285
f 6047/11045/3286 6048/11039/3286 6100/11040/3286 6101/11046/3286
f 6025/11047/3287 6024/11041/3287 6089/11042/3287 6090/11048/3287
f 6004/11049/3288 6005/11043/3288 6080/11044/3288 6081/11050/3288
f 6046/11051/3289 6047/11045/3289 6101/11046/3289 6102/11052/3289
f 6026/11053/3290 6025/11047/3290 6090/11048/3290 6091/11054/3290
f 6003/10877/3291 6004/11049/3291 6081/11050/3291 6082/10878/3291
f 6045/10875/3292 6046/11051/3292 6102/11052/3292 6103/10876/3292
f 6027/10873/3293 6026/11053/3293 6091/11054/3293 6092/10874/3293
f 5971/11055/374 5973/11056/374 6130/11057/374 6131/11058/374
f 5973/11056/374 5975/11059/374 6132/11060/374 6130/11057/374
f 5975/11059/374 5977/11061/374 6133/11062/374 6132/11060/374
f 5977/11061/374 5979/11063/374 6134/11064/374 6133/11062/374
f 5979/11063/374 5981/11065/374 6135/11066/374 6134/11064/374
f 5981/11065/374 5983/11067/374 6136/11068/374 6135/11066/374
f 5983/11067/374 5985/11069/374 6137/11070/374 6136/11068/374
f 5985/11069/374 5987/11071/374 6138/11072/374 6137/11070/374
f 5987/11071/374 5989/11073/374 6139/11074/374 6138/11072/374
f 5989/11073/374 5991/11075/374 6140/11076/374 6139/11074/374
f 5991/11075/374 5993/11077/374 6141/11078/374 6140/11076/374
f 5993/11077/374 5995/11079/374 6142/11080/374 6141/11078/374
f 5995/11079/374 5997/11081/374 6143/11082/374 6142/11080/374
f 5997/11081/374 5999/11083/374 6144/11084/374 6143/11082/374
f 5999/11083/374 6001/11085/374 6145/11086/374 6144/11084/374
f 6001/11085/374 5971/11055/374 6131/11058/374 6145/11086/374
f 6146/11087/374 6147/11088/374 6161/11089/374 6160/11090/374 6159/11091/374 6158/11092/374 6157/11093/374 6156/11094/374 6155/11095/374 6154/11096/374 6153/11097/374 6152/11098/374 6151/11099/374 6150/11100/374 6149/11101/374 6148/11102/374
f 5983/11103/3227 5981/11104/3227 6151/11105/3227 6152/11106/3227
f 5999/11107/3219 5997/10743/3219 6159/10746/3219 6160/11108/3219
f 5985/11109/3228 5983/11103/3228 6152/11106/3228 6153/11110/3228
f 6001/11111/3220 5999/11112/3220 6160/11113/3220 6161/11114/3220
f 5987/11115/3229 5985/11109/3229 6153/11110/3229 6154/11116/3229
f 5973/11117/3222 5971/11118/3222 6147/11119/3222 6146/11120/3222
f 5971/11118/3221 6001/11111/3221 6161/11114/3221 6147/11119/3221
f 5989/11121/3215 5987/11122/3215 6154/11123/3215 6155/11124/3215
f 5975/11125/3223 5973/11117/3223 6146/11120/3223 6148/11126/3223
f 5991/11127/3216 5989/11121/3216 6155/11124/3216 6156/11128/3216
f 5977/11129/3224 5975/11125/3224 6148/11126/3224 6149/11130/3224
f 5993/11131/3217 5991/11127/3217 6156/11128/3217 6157/11132/3217
f 5979/11133/3225 5977/11134/3225 6149/11135/3225 6150/11136/3225
f 5995/10744/3218 5993/11137/3218 6157/11138/3218 6158/10745/3218
f 5981/11104/3226 5979/11133/3226 6150/11136/3226 6151/11105/3226
f 99/11139/97 101/11140/97 88/11141/97 85/11142/97
f 6162/11143/313 6163/11144/313 6165/11145/313 6164/11146/313
f 6164/11147/3298 6165/11148/3298 6169/11149/3298 6168/11150/3298
f 6168/11151/311 6169/11152/311 6167/11153/311 6166/11154/311
f 6166/11155/3299 6167/11156/3299 6163/11157/3299 6162/11158/3299
f 6164/11159/3300 6168/11160/3300 6166/11161/3300 6162/11162/3300
f 6169/11149/3301 6165/11148/3301 6171/11163/3301 6172/11164/3301
f 6173/11165/3302 6172/11166/3302 6176/11167/3302 6177/11168/3302
f 6167/11153/3303 6169/11152/3303 6172/11166/3303 6173/11165/3303
f 6165/11145/3304 6163/11144/3304 6170/11169/3304 6171/11170/3304
f 6163/11157/3305 6167/11156/3305 6173/11171/3305 6170/11172/3305
f 6176/11173/2991 6175/11174/2991 6174/11175/2991 6177/11176/2991
f 6171/11170/3306 6170/11169/3306 6174/11177/3306 6175/11178/3306
f 6170/11172/3307 6173/11171/3307 6177/11179/3307 6174/11180/3307
f 6172/11164/3308 6171/11163/3308 6175/11181/3308 6176/11182/3308
f 6178/11183/313 6179/11184/313 6181/11185/313 6180/11186/313
f 6180/11187/3309 6181/11188/3309 6185/11189/3309 6184/11190/3309
f 6184/11191/311 6185/11192/311 6183/11193/311 6182/11194/311
f 6182/11195/3310 6183/11196/3310 6179/11197/3310 6178/11198/3310
f 6180/11187/3311 6184/11190/3311 6188/11199/3311 6186/11200/3311
f 6185/11201/3312 6181/11202/3312 6179/11203/3312 6183/11204/3312
f 6189/11205/3313 6187/11206/3313 6191/11207/3313 6193/11208/3313
f 6178/11183/3314 6180/11186/3314 6186/11209/3314 6187/11210/3314
f 6184/11191/3315 6182/11194/3315 6189/11211/3315 6188/11212/3315
f 6182/11195/3316 6178/11198/3316 6187/11206/3316 6189/11205/3316
f 6190/11213/2994 6192/11214/2994 6193/11215/2994 6191/11216/2994
f 6186/11200/3317 6188/11199/3317 6192/11217/3317 6190/11218/3317
f 6188/11212/3318 6189/11211/3318 6193/11219/3318 6192/11220/3318
f 6187/11210/3319 6186/11209/3319 6190/11221/3319 6191/11222/3319
f 6194/11223/3320 6202/11224/3320 6203/11225/3320 6196/11226/3320
f 6196/11227/3321 6203/11228/3321 6204/11229/3321 6200/11230/3321
f 6200/11231/3322 6204/11232/3322 6205/11233/3322 6198/11234/3322
f 6198/11235/3323 6205/11236/3323 6202/11237/3323 6194/11238/3323
f 6196/11239/314 6200/11240/314 6198/11241/314 6194/11242/314
f 6199/11243/3320 6201/11244/3320 6208/11245/3320 6209/11246/3320
f 6195/11247/374 6197/11248/374 6203/11249/374 6202/11250/374
f 6197/11248/374 6201/11251/374 6204/11252/374 6203/11249/374
f 6201/11251/374 6199/11253/374 6205/11254/374 6204/11252/374
f 6199/11253/374 6195/11247/374 6202/11250/374 6205/11254/374
f 6208/11255/374 6207/11256/374 6206/11257/374 6209/11258/374
f 6197/11259/3322 6195/11260/3322 6206/11261/3322 6207/11262/3322
f 6195/11263/3321 6199/11264/3321 6209/11265/3321 6206/11266/3321
f 6201/11267/3323 6197/11268/3323 6207/11269/3323 6208/11270/3323
f 6216/11271/3324 349/11272/3324 348/11273/3324 6215/11274/3324
f 347/11275/3324 6216/11271/3324 6215/11274/3324 346/11276/3324
f 341/11277/3325 340/11278/78 6211/186/78 6214/963/229
f 17/11279/183 21/11280/183 6213/966/183 6210/183/183
f 347/11281/182 341/11277/182 6214/963/182 6216/962/182
f 17/11279/3326 6210/183/76 6211/186/78 340/11278/78
f 20/11282/22 6212/65/22 6213/68/22 21/11283/22
f 6218/1086/3327 6223/11284/3327 6226/11285/3328 6221/1087/3329
f 6220/11286/3330 6219/11287/3330 6224/11288/3330 6225/11289/3330
f 6221/11290/3331 6226/11291/3332 6222/11292/3333 6217/11293/3334
f 77/207/3335 76/206/3335 6219/11287/3335 6220/11286/3335
f 411/11294/3336 6221/11290/3337 6217/11293/3338 414/11295/3339
f 6224/11296/3340 6222/11297/3341 6227/11298/3342 6229/11299/3343
f 6223/11300/3344 6225/11301/3344 6230/11302/3344 6228/11303/3344
f 6223/11284/3345 6228/11304/3345 6231/11305/3346 6226/11285/3347
f 6218/1084/3348 6220/1083/3348 6225/11301/3348 6223/11300/3348
f 6219/1090/3349 6217/1089/3350 6222/11297/3351 6224/11296/3352
f 6228/11304/3353 6233/11306/3353 6236/11307/3354 6231/11305/3355
f 6230/11308/3356 6229/11309/3356 6234/11310/3356 6235/11311/3356
f 6231/11312/3357 6236/11313/3358 6232/11314/3359 6227/11315/3360
f 6226/11291/3361 6231/11312/3362 6227/11315/3363 6222/11292/3364
f 6225/11289/3365 6224/11288/3365 6229/11309/3365 6230/11308/3365
f 6234/11310/3366 6232/11316/3367 6237/11317/3368 6239/11318/3369
f 6233/11319/3370 6235/11320/3370 6240/11321/3370 6238/11322/3370
f 6233/11306/3371 6238/11323/3371 6241/11324/3372 6236/11307/3373
f 6228/11303/3374 6230/11302/3374 6235/11320/3374 6233/11319/3374
f 6229/11299/3375 6227/11298/3376 6232/11325/3377 6234/11326/3378
f 6240/11327/3379 6239/11328/3379 6244/11329/3379 6245/11330/3379
f 6241/11324/3380 6246/11331/3381 6242/11332/3382 6237/11317/3383
f 6239/11318/3384 6237/11317/3385 6242/11332/3386 6244/11333/3387
f 6236/11307/3388 6241/11324/3389 6237/11317/3390 6232/11316/3391
f 6235/11311/3392 6234/11310/3392 6239/11318/3392 6240/11334/3392
f 6246/11331/3393 6243/11335/3393 6242/11332/3393
f 6242/11336/3394 6243/11337/3394 6245/11338/3394
f 6242/11332/3395 6245/11339/3395 6244/11333/3395
f 6238/11340/3396 6243/11341/3396 6246/11342/3397 6241/11343/3398
f 6238/11344/3399 6240/11327/3399 6245/11330/3399 6243/11345/3399
f 6279/11346/3400 6248/11347/3400 6250/11348/3400 6280/11349/3400
f 6280/11349/3401 6250/11348/3401 6252/11350/3401 6281/11351/3401
f 6281/11351/3402 6252/11350/3402 6254/11352/3402 6282/11353/3402
f 6282/11353/3403 6254/11352/3403 6256/11354/3403 6283/11355/3403
f 6283/11355/3404 6256/11354/3404 6258/11356/3404 6284/11357/3404
f 6284/11358/3405 6258/11359/3405 6260/11360/3405 6285/11361/3405
f 6285/11361/3406 6260/11360/3406 6262/11362/3406 6286/11363/3406
f 6286/11363/3407 6262/11362/3407 6264/11364/3407 6287/11365/3407
f 6287/11365/3408 6264/11364/3408 6266/11366/3408 6288/11367/3408
f 6288/11368/3409 6266/11369/3409 6268/11370/3409 6289/11371/3409
f 6289/11371/3410 6268/11370/3410 6270/11372/3410 6290/11373/3410
f 6290/11373/3411 6270/11372/3411 6272/11374/3411 6291/11375/3411
f 6291/11375/3412 6272/11374/3412 6274/11376/3412 6292/11377/3412
f 6292/11378/3413 6274/11379/3413 6276/11380/3413 6293/11381/3413
f 6250/11382/3414 6248/11383/3414 6278/11384/3414 6276/11385/3414 6274/11386/3414 6272/11387/3414 6270/11388/3414 6268/11389/3414 6266/11390/3414 6264/11391/3414 6262/11392/3414 6260/11393/3414 6258/11394/3414 6256/11395/3414 6254/11396/3414 6252/11397/3414
f 6293/11381/3415 6276/11380/3415 6278/11398/3415 6294/11399/3415
f 6294/11399/3416 6278/11398/3416 6248/11400/3416 6279/11401/3416
f 6257/11402/3417 6259/11403/3417 6317/11404/3417 6316/11405/3417
f 6249/11406/3418 6247/11407/3418 6279/11408/3418 6280/11409/3418
f 6251/11410/3418 6249/11406/3418 6280/11409/3418 6281/11411/3418
f 6253/11412/3418 6251/11410/3418 6281/11411/3418 6282/11413/3418
f 6255/11414/3418 6253/11412/3418 6282/11413/3418 6283/11415/3418
f 6257/11416/3418 6255/11414/3418 6283/11415/3418 6284/11417/3418
f 6259/11418/3418 6257/11416/3418 6284/11417/3418 6285/11419/3418
f 6261/11420/3418 6259/11418/3418 6285/11419/3418 6286/11421/3418
f 6263/11422/3418 6261/11420/3418 6286/11421/3418 6287/11423/3418
f 6265/11424/3418 6263/11422/3418 6287/11423/3418 6288/11425/3418
f 6267/11426/3418 6265/11424/3418 6288/11425/3418 6289/11427/3418
f 6269/11428/3418 6267/11426/3418 6289/11427/3418 6290/11429/3418
f 6271/11430/3418 6269/11428/3418 6290/11429/3418 6291/11431/3418
f 6273/11432/3418 6271/11430/3418 6291/11431/3418 6292/11433/3418
f 6275/11434/3418 6273/11432/3418 6292/11433/3418 6293/11435/3418
f 6277/11436/3418 6275/11434/3418 6293/11435/3418 6294/11437/3418
f 6247/11407/3418 6277/11436/3418 6294/11437/3418 6279/11408/3418
f 6304/11438/3419 6305/11439/3419 6353/11440/3419 6352/11441/3419
f 6273/11442/3420 6275/11443/3420 6325/11444/3420 6324/11445/3420
f 6259/11403/3421 6261/11446/3421 6318/11447/3421 6317/11404/3421
f 6275/11443/3422 6277/11448/3422 6326/11449/3422 6325/11444/3422
f 6261/11446/3423 6263/11450/3423 6319/11451/3423 6318/11447/3423
f 6247/11452/3424 6249/11453/3424 6312/11454/3424 6311/11455/3424
f 6277/11448/3425 6247/11456/3425 6311/11457/3425 6326/11449/3425
f 6263/11450/3426 6265/11458/3426 6320/11459/3426 6319/11451/3426
f 6249/11453/3427 6251/11460/3427 6313/11461/3427 6312/11454/3427
f 6265/11462/3419 6267/11463/3419 6321/11464/3419 6320/11465/3419
f 6251/11460/3428 6253/11466/3428 6314/11467/3428 6313/11461/3428
f 6267/11463/3429 6269/11468/3429 6322/11469/3429 6321/11464/3429
f 6253/11466/3430 6255/11470/3430 6315/11471/3430 6314/11467/3430
f 6269/11468/3431 6271/11472/3431 6323/11473/3431 6322/11469/3431
f 6255/11470/3432 6257/11474/3432 6316/11475/3432 6315/11471/3432
f 6271/11472/3433 6273/11476/3433 6324/11477/3433 6323/11473/3433
f 6296/11478/3418 6295/11479/3418 6311/11480/3418 6312/11481/3418
f 6297/11482/3418 6296/11478/3418 6312/11481/3418 6313/11483/3418
f 6298/11484/3418 6297/11482/3418 6313/11483/3418 6314/11485/3418
f 6299/11486/3418 6298/11484/3418 6314/11485/3418 6315/11487/3418
f 6300/11488/3418 6299/11486/3418 6315/11487/3418 6316/11489/3418
f 6301/11490/3418 6300/11488/3418 6316/11489/3418 6317/11491/3418
f 6302/11492/3418 6301/11490/3418 6317/11491/3418 6318/11493/3418
f 6303/11494/3418 6302/11492/3418 6318/11493/3418 6319/11495/3418
f 6304/11496/3418 6303/11494/3418 6319/11495/3418 6320/11497/3418
f 6305/11498/3418 6304/11496/3418 6320/11497/3418 6321/11499/3418
f 6306/11500/3418 6305/11498/3418 6321/11499/3418 6322/11501/3418
f 6307/11502/3418 6306/11500/3418 6322/11501/3418 6323/11503/3418
f 6308/11504/3418 6307/11502/3418 6323/11503/3418 6324/11505/3418
f 6309/11506/3418 6308/11504/3418 6324/11505/3418 6325/11507/3418
f 6310/11508/3418 6309/11506/3418 6325/11507/3418 6326/11509/3418
f 6295/11479/3418 6310/11508/3418 6326/11509/3418 6311/11480/3418
f 6340/11510/3434 6341/11511/3434 6373/11512/3434 6372/11513/3434
f 6297/11514/3428 6298/11515/3428 6346/11516/3428 6345/11517/3428
f 6305/11439/3429 6306/11518/3429 6354/11519/3429 6353/11440/3429
f 6298/11515/3430 6299/11520/3430 6347/11521/3430 6346/11516/3430
f 6306/11518/3431 6307/11522/3431 6355/11523/3431 6354/11519/3431
f 6299/11520/3432 6300/11524/3432 6348/11525/3432 6347/11521/3432
f 6307/11522/3433 6308/11526/3433 6356/11527/3433 6355/11523/3433
f 6300/11528/3417 6301/11529/3417 6349/11530/3417 6348/11531/3417
f 6308/11532/3420 6309/11533/3420 6357/11534/3420 6356/11535/3420
f 6301/11529/3421 6302/11536/3421 6350/11537/3421 6349/11530/3421
f 6309/11533/3422 6310/11538/3422 6358/11539/3422 6357/11534/3422
f 6302/11536/3423 6303/11540/3423 6351/11541/3423 6350/11537/3423
f 6295/11542/3424 6296/11543/3424 6344/11544/3424 6343/11545/3424
f 6310/11538/3425 6295/11546/3425 6343/11547/3425 6358/11539/3425
f 6303/11540/3426 6304/11548/3426 6352/11549/3426 6351/11541/3426
f 6296/11543/3427 6297/11514/3427 6345/11517/3427 6344/11544/3427
f 6328/11550/3418 6327/11551/3418 6343/11552/3418 6344/11553/3418
f 6329/11554/3418 6328/11550/3418 6344/11553/3418 6345/11555/3418
f 6330/11556/3418 6329/11554/3418 6345/11555/3418 6346/11557/3418
f 6331/11558/3418 6330/11556/3418 6346/11557/3418 6347/11559/3418
f 6332/11560/3418 6331/11558/3418 6347/11559/3418 6348/11561/3418
f 6333/11562/3418 6332/11560/3418 6348/11561/3418 6349/11563/3418
f 6334/11564/3418 6333/11562/3418 6349/11563/3418 6350/11565/3418
f 6335/11566/3418 6334/11564/3418 6350/11565/3418 6351/11567/3418
f 6336/11568/3418 6335/11566/3418 6351/11567/3418 6352/11569/3418
f 6337/11570/3418 6336/11568/3418 6352/11569/3418 6353/11571/3418
f 6338/11572/3418 6337/11570/3418 6353/11571/3418 6354/11573/3418
f 6339/11574/3418 6338/11572/3418 6354/11573/3418 6355/11575/3418
f 6340/11576/3418 6339/11574/3418 6355/11575/3418 6356/11577/3418
f 6341/11578/3418 6340/11576/3418 6356/11577/3418 6357/11579/3418
f 6342/11580/3418 6341/11578/3418 6357/11579/3418 6358/11581/3418
f 6327/11551/3418 6342/11580/3418 6358/11581/3418 6343/11552/3418
f 6359/11582/3418 6360/11583/3418 6361/11584/3418 6362/11585/3418 6363/11586/3418 6364/11587/3418 6365/11588/3418 6366/11589/3418 6367/11590/3418 6368/11591/3418 6369/11592/3418 6370/11593/3418 6371/11594/3418 6372/11595/3418 6373/11596/3418 6374/11597/3418
f 6333/11598/3435 6334/11599/3435 6366/11600/3435 6365/11601/3435
f 6341/11511/3436 6342/11602/3436 6374/11603/3436 6373/11512/3436
f 6334/11599/3437 6335/11604/3437 6367/11605/3437 6366/11600/3437
f 6327/11606/3438 6328/11607/3438 6360/11608/3438 6359/11609/3438
f 6342/11602/3439 6327/11606/3439 6359/11609/3439 6374/11603/3439
f 6335/11610/3440 6336/11611/3440 6368/11612/3440 6367/11613/3440
f 6328/11614/3441 6329/11615/3441 6361/11616/3441 6360/11617/3441
f 6336/11611/3442 6337/11618/3442 6369/11619/3442 6368/11612/3442
f 6329/11615/3443 6330/11620/3443 6362/11621/3443 6361/11616/3443
f 6337/11618/3444 6338/11622/3444 6370/11623/3444 6369/11619/3444
f 6330/11620/3445 6331/11624/3445 6363/11625/3445 6362/11621/3445
f 6338/11622/3446 6339/11626/3446 6371/11627/3446 6370/11623/3446
f 6331/11624/3447 6332/11628/3447 6364/11629/3447 6363/11625/3447
f 6339/11626/3448 6340/11630/3448 6372/11631/3448 6371/11627/3448
f 6332/11632/3449 6333/11598/3449 6365/11601/3449 6364/11633/3449
f 6407/11634/3400 6376/11635/3400 6378/11636/3400 6408/11637/3400
f 6408/11637/3401 6378/11636/3401 6380/11638/3401 6409/11639/3401
f 6409/11639/3402 6380/11638/3402 6382/11640/3402 6410/11641/3402
f 6410/11641/3403 6382/11640/3403 6384/11642/3403 6411/11643/3403
f 6411/11643/3404 6384/11642/3404 6386/11644/3404 6412/11645/3404
f 6412/11646/3405 6386/11647/3405 6388/11648/3405 6413/11649/3405
f 6413/11649/3406 6388/11648/3406 6390/11650/3406 6414/11651/3406
f 6414/11651/3407 6390/11650/3407 6392/11652/3407 6415/11653/3407
f 6415/11653/3408 6392/11652/3408 6394/11654/3408 6416/11655/3408
f 6416/11656/3409 6394/11657/3409 6396/11658/3409 6417/11659/3409
f 6417/11659/3410 6396/11658/3410 6398/11660/3410 6418/11661/3410
f 6418/11661/3411 6398/11660/3411 6400/11662/3411 6419/11663/3411
f 6419/11663/3412 6400/11662/3412 6402/11664/3412 6420/11665/3412
f 6420/11666/3413 6402/11667/3413 6404/11668/3413 6421/11669/3413
f 6378/11670/3414 6376/11671/3414 6406/11672/3414 6404/11673/3414 6402/11674/3414 6400/11675/3414 6398/11676/3414 6396/11677/3414 6394/11678/3414 6392/11679/3414 6390/11680/3414 6388/11681/3414 6386/11682/3414 6384/11683/3414 6382/11684/3414 6380/11685/3414
f 6421/11669/3415 6404/11668/3415 6406/11686/3415 6422/11687/3415
f 6422/11687/3416 6406/11686/3416 6376/11688/3416 6407/11689/3416
f 6385/11690/3417 6387/11691/3417 6445/11692/3417 6444/11693/3417
f 6377/11694/3418 6375/11695/3418 6407/11696/3418 6408/11697/3418
f 6379/11698/3418 6377/11694/3418 6408/11697/3418 6409/11699/3418
f 6381/11700/3418 6379/11698/3418 6409/11699/3418 6410/11701/3418
f 6383/11702/3418 6381/11700/3418 6410/11701/3418 6411/11703/3418
f 6385/11704/3418 6383/11702/3418 6411/11703/3418 6412/11705/3418
f 6387/11706/3418 6385/11704/3418 6412/11705/3418 6413/11707/3418
f 6389/11708/3418 6387/11706/3418 6413/11707/3418 6414/11709/3418
f 6391/11710/3418 6389/11708/3418 6414/11709/3418 6415/11711/3418
f 6393/11712/3418 6391/11710/3418 6415/11711/3418 6416/11713/3418
f 6395/11714/3418 6393/11712/3418 6416/11713/3418 6417/11715/3418
f 6397/11716/3418 6395/11714/3418 6417/11715/3418 6418/11717/3418
f 6399/11718/3418 6397/11716/3418 6418/11717/3418 6419/11719/3418
f 6401/11720/3418 6399/11718/3418 6419/11719/3418 6420/11721/3418
f 6403/11722/3418 6401/11720/3418 6420/11721/3418 6421/11723/3418
f 6405/11724/3418 6403/11722/3418 6421/11723/3418 6422/11725/3418
f 6375/11695/3418 6405/11724/3418 6422/11725/3418 6407/11696/3418
f 6432/11726/3419 6433/11727/3419 6481/11728/3419 6480/11729/3419
f 6401/11730/3420 6403/11731/3420 6453/11732/3420 6452/11733/3420
f 6387/11691/3421 6389/11734/3421 6446/11735/3421 6445/11692/3421
f 6403/11731/3422 6405/11736/3422 6454/11737/3422 6453/11732/3422
f 6389/11734/3423 6391/11738/3423 6447/11739/3423 6446/11735/3423
f 6375/11740/3424 6377/11741/3424 6440/11742/3424 6439/11743/3424
f 6405/11736/3425 6375/11744/3425 6439/11745/3425 6454/11737/3425
f 6391/11738/3426 6393/11746/3426 6448/11747/3426 6447/11739/3426
f 6377/11741/3427 6379/11748/3427 6441/11749/3427 6440/11742/3427
f 6393/11750/3419 6395/11751/3419 6449/11752/3419 6448/11753/3419
f 6379/11748/3428 6381/11754/3428 6442/11755/3428 6441/11749/3428
f 6395/11751/3429 6397/11756/3429 6450/11757/3429 6449/11752/3429
f 6381/11754/3430 6383/11758/3430 6443/11759/3430 6442/11755/3430
f 6397/11756/3431 6399/11760/3431 6451/11761/3431 6450/11757/3431
f 6383/11758/3432 6385/11762/3432 6444/11763/3432 6443/11759/3432
f 6399/11760/3433 6401/11764/3433 6452/11765/3433 6451/11761/3433
f 6424/11766/3418 6423/11767/3418 6439/11768/3418 6440/11769/3418
f 6425/11770/3418 6424/11766/3418 6440/11769/3418 6441/11771/3418
f 6426/11772/3418 6425/11770/3418 6441/11771/3418 6442/11773/3418
f 6427/11774/3418 6426/11772/3418 6442/11773/3418 6443/11775/3418
f 6428/11776/3418 6427/11774/3418 6443/11775/3418 6444/11777/3418
f 6429/11778/3418 6428/11776/3418 6444/11777/3418 6445/11779/3418
f 6430/11780/3418 6429/11778/3418 6445/11779/3418 6446/11781/3418
f 6431/11782/3418 6430/11780/3418 6446/11781/3418 6447/11783/3418
f 6432/11784/3418 6431/11782/3418 6447/11783/3418 6448/11785/3418
f 6433/11786/3418 6432/11784/3418 6448/11785/3418 6449/11787/3418
f 6434/11788/3418 6433/11786/3418 6449/11787/3418 6450/11789/3418
f 6435/11790/3418 6434/11788/3418 6450/11789/3418 6451/11791/3418
f 6436/11792/3418 6435/11790/3418 6451/11791/3418 6452/11793/3418
f 6437/11794/3418 6436/11792/3418 6452/11793/3418 6453/11795/3418
f 6438/11796/3418 6437/11794/3418 6453/11795/3418 6454/11797/3418
f 6423/11767/3418 6438/11796/3418 6454/11797/3418 6439/11768/3418
f 6468/11798/3434 6469/11799/3434 6501/11800/3434 6500/11801/3434
f 6425/11802/3428 6426/11803/3428 6474/11804/3428 6473/11805/3428
f 6433/11727/3429 6434/11806/3429 6482/11807/3429 6481/11728/3429
f 6426/11803/3430 6427/11808/3430 6475/11809/3430 6474/11804/3430
f 6434/11806/3431 6435/11810/3431 6483/11811/3431 6482/11807/3431
f 6427/11808/3432 6428/11812/3432 6476/11813/3432 6475/11809/3432
f 6435/11810/3433 6436/11814/3433 6484/11815/3433 6483/11811/3433
f 6428/11816/3417 6429/11817/3417 6477/11818/3417 6476/11819/3417
f 6436/11820/3420 6437/11821/3420 6485/11822/3420 6484/11823/3420
f 6429/11817/3421 6430/11824/3421 6478/11825/3421 6477/11818/3421
f 6437/11821/3422 6438/11826/3422 6486/11827/3422 6485/11822/3422
f 6430/11824/3423 6431/11828/3423 6479/11829/3423 6478/11825/3423
f 6423/11830/3424 6424/11831/3424 6472/11832/3424 6471/11833/3424
f 6438/11826/3425 6423/11834/3425 6471/11835/3425 6486/11827/3425
f 6431/11828/3426 6432/11836/3426 6480/11837/3426 6479/11829/3426
f 6424/11831/3427 6425/11802/3427 6473/11805/3427 6472/11832/3427
f 6456/11838/3418 6455/11839/3418 6471/11840/3418 6472/11841/3418
f 6457/11842/3418 6456/11838/3418 6472/11841/3418 6473/11843/3418
f 6458/11844/3418 6457/11842/3418 6473/11843/3418 6474/11845/3418
f 6459/11846/3418 6458/11844/3418 6474/11845/3418 6475/11847/3418
f 6460/11848/3418 6459/11846/3418 6475/11847/3418 6476/11849/3418
f 6461/11850/3418 6460/11848/3418 6476/11849/3418 6477/11851/3418
f 6462/11852/3418 6461/11850/3418 6477/11851/3418 6478/11853/3418
f 6463/11854/3418 6462/11852/3418 6478/11853/3418 6479/11855/3418
f 6464/11856/3418 6463/11854/3418 6479/11855/3418 6480/11857/3418
f 6465/11858/3418 6464/11856/3418 6480/11857/3418 6481/11859/3418
f 6466/11860/3418 6465/11858/3418 6481/11859/3418 6482/11861/3418
f 6467/11862/3418 6466/11860/3418 6482/11861/3418 6483/11863/3418
f 6468/11864/3418 6467/11862/3418 6483/11863/3418 6484/11865/3418
f 6469/11866/3418 6468/11864/3418 6484/11865/3418 6485/11867/3418
f 6470/11868/3418 6469/11866/3418 6485/11867/3418 6486/11869/3418
f 6455/11839/3418 6470/11868/3418 6486/11869/3418 6471/11840/3418
f 6487/11870/3418 6488/11871/3418 6489/11872/3418 6490/11873/3418 6491/11874/3418 6492/11875/3418 6493/11876/3418 6494/11877/3418 6495/11878/3418 6496/11879/3418 6497/11880/3418 6498/11881/3418 6499/11882/3418 6500/11883/3418 6501/11884/3418 6502/11885/3418
f 6461/11886/3435 6462/11887/3435 6494/11888/3435 6493/11889/3435
f 6469/11799/3436 6470/11890/3436 6502/11891/3436 6501/11800/3436
f 6462/11887/3437 6463/11892/3437 6495/11893/3437 6494/11888/3437
f 6455/11894/3438 6456/11895/3438 6488/11896/3438 6487/11897/3438
f 6470/11890/3439 6455/11894/3439 6487/11897/3439 6502/11891/3439
f 6463/11898/3440 6464/11899/3440 6496/11900/3440 6495/11901/3440
f 6456/11902/3441 6457/11903/3441 6489/11904/3441 6488/11905/3441
f 6464/11899/3442 6465/11906/3442 6497/11907/3442 6496/11900/3442
f 6457/11903/3443 6458/11908/3443 6490/11909/3443 6489/11904/3443
f 6465/11906/3444 6466/11910/3444 6498/11911/3444 6497/11907/3444
f 6458/11908/3445 6459/11912/3445 6491/11913/3445 6490/11909/3445
f 6466/11910/3446 6467/11914/3446 6499/11915/3446 6498/11911/3446
f 6459/11912/3447 6460/11916/3447 6492/11917/3447 6491/11913/3447
f 6467/11914/3448 6468/11918/3448 6500/11919/3448 6499/11915/3448
f 6460/11920/3449 6461/11886/3449 6493/11889/3449 6492/11921/3449
f 6535/11922/3450 6504/11923/3450 6506/11924/3450 6536/11925/3450
f 6536/11925/3451 6506/11924/3451 6508/11926/3451 6537/11927/3451
f 6537/11927/3452 6508/11926/3452 6510/11928/3452 6538/11929/3452
f 6538/11929/3453 6510/11928/3453 6512/11930/3453 6539/11931/3453
f 6539/11931/3454 6512/11930/3454 6514/11932/3454 6540/11933/3454
f 6540/11934/3455 6514/11935/3455 6516/11936/3455 6541/11937/3455
f 6541/11937/3456 6516/11936/3456 6518/11938/3456 6542/11939/3456
f 6542/11939/3457 6518/11938/3457 6520/11940/3457 6543/11941/3457
f 6543/11942/3458 6520/11943/3458 6522/11944/3458 6544/11945/3458
f 6544/11945/3459 6522/11944/3459 6524/11946/3459 6545/11947/3459
f 6545/11947/3460 6524/11946/3460 6526/11948/3460 6546/11949/3460
f 6546/11949/3461 6526/11948/3461 6528/11950/3461 6547/11951/3461
f 6547/11952/3462 6528/11953/3462 6530/11954/3462 6548/11955/3462
f 6548/11955/3463 6530/11954/3463 6532/11956/3463 6549/11957/3463
f 6506/11958/3464 6504/11959/3464 6534/11960/3464 6532/11961/3464 6530/11962/3464 6528/11963/3464 6526/11964/3464 6524/11965/3464 6522/11966/3464 6520/11967/3464 6518/11968/3464 6516/11969/3464 6514/11970/3464 6512/11971/3464 6510/11972/3464 6508/11973/3464
f 6549/11957/3465 6532/11956/3465 6534/11974/3465 6550/11975/3465
f 6550/11975/3466 6534/11974/3466 6504/11976/3466 6535/11977/3466
f 6513/11978/3467 6515/11979/3467 6573/11980/3467 6572/11981/3467
f 6505/11982/3468 6503/11983/3468 6535/11984/3468 6536/11985/3468
f 6507/11986/3468 6505/11982/3468 6536/11985/3468 6537/11987/3468
f 6509/11988/3468 6507/11986/3468 6537/11987/3468 6538/11989/3468
f 6511/11990/3468 6509/11988/3468 6538/11989/3468 6539/11991/3468
f 6513/11992/3468 6511/11990/3468 6539/11991/3468 6540/11993/3468
f 6515/11994/3468 6513/11992/3468 6540/11993/3468 6541/11995/3468
f 6517/11996/3468 6515/11994/3468 6541/11995/3468 6542/11997/3468
f 6519/11998/3468 6517/11996/3468 6542/11997/3468 6543/11999/3468
f 6521/12000/3468 6519/11998/3468 6543/11999/3468 6544/12001/3468
f 6523/12002/3468 6521/12000/3468 6544/12001/3468 6545/12003/3468
f 6525/12004/3468 6523/12002/3468 6545/12003/3468 6546/12005/3468
f 6527/12006/3468 6525/12004/3468 6546/12005/3468 6547/12007/3468
f 6529/12008/3468 6527/12006/3468 6547/12007/3468 6548/12009/3468
f 6531/12010/3468 6529/12008/3468 6548/12009/3468 6549/12011/3468
f 6533/12012/3468 6531/12010/3468 6549/12011/3468 6550/12013/3468
f 6503/11983/3468 6533/12012/3468 6550/12013/3468 6535/11984/3468
f 6560/12014/3469 6561/12015/3469 6609/12016/3469 6608/12017/3469
f 6529/12018/3470 6531/12019/3470 6581/12020/3470 6580/12021/3470
f 6515/11979/3471 6517/12022/3471 6574/12023/3471 6573/11980/3471
f 6531/12019/3472 6533/12024/3472 6582/12025/3472 6581/12020/3472
f 6517/12022/3473 6519/12026/3473 6575/12027/3473 6574/12023/3473
f 6503/12028/3474 6505/12029/3474 6568/12030/3474 6567/12031/3474
f 6533/12024/3475 6503/12032/3475 6567/12033/3475 6582/12025/3475
f 6519/12034/3476 6521/12035/3476 6576/12036/3476 6575/12037/3476
f 6505/12029/3477 6507/12038/3477 6569/12039/3477 6568/12030/3477
f 6521/12035/3469 6523/12040/3469 6577/12041/3469 6576/12036/3469
f 6507/12038/3478 6509/12042/3478 6570/12043/3478 6569/12039/3478
f 6523/12040/3479 6525/12044/3479 6578/12045/3479 6577/12041/3479
f 6509/12042/3480 6511/12046/3480 6571/12047/3480 6570/12043/3480
f 6525/12044/3481 6527/12048/3481 6579/12049/3481 6578/12045/3481
f 6511/12046/3482 6513/12050/3482 6572/12051/3482 6571/12047/3482
f 6527/12052/3483 6529/12018/3483 6580/12021/3483 6579/12053/3483
f 6552/12054/3468 6551/12055/3468 6567/12056/3468 6568/12057/3468
f 6553/12058/3468 6552/12054/3468 6568/12057/3468 6569/12059/3468
f 6554/12060/3468 6553/12058/3468 6569/12059/3468 6570/12061/3468
f 6555/12062/3468 6554/12060/3468 6570/12061/3468 6571/12063/3468
f 6556/12064/3468 6555/12062/3468 6571/12063/3468 6572/12065/3468
f 6557/12066/3468 6556/12064/3468 6572/12065/3468 6573/12067/3468
f 6558/12068/3468 6557/12066/3468 6573/12067/3468 6574/12069/3468
f 6559/12070/3468 6558/12068/3468 6574/12069/3468 6575/12071/3468
f 6560/12072/3468 6559/12070/3468 6575/12071/3468 6576/12073/3468
f 6561/12074/3468 6560/12072/3468 6576/12073/3468 6577/12075/3468
f 6562/12076/3468 6561/12074/3468 6577/12075/3468 6578/12077/3468
f 6563/12078/3468 6562/12076/3468 6578/12077/3468 6579/12079/3468
f 6564/12080/3468 6563/12078/3468 6579/12079/3468 6580/12081/3468
f 6565/12082/3468 6564/12080/3468 6580/12081/3468 6581/12083/3468
f 6566/12084/3468 6565/12082/3468 6581/12083/3468 6582/12085/3468
f 6551/12055/3468 6566/12084/3468 6582/12085/3468 6567/12056/3468
f 6596/12086/3484 6597/12087/3484 6629/12088/3484 6628/12089/3484
f 6553/12090/3478 6554/12091/3478 6602/12092/3478 6601/12093/3478
f 6561/12015/3479 6562/12094/3479 6610/12095/3479 6609/12016/3479
f 6554/12091/3480 6555/12096/3480 6603/12097/3480 6602/12092/3480
f 6562/12094/3481 6563/12098/3481 6611/12099/3481 6610/12095/3481
f 6555/12096/3482 6556/12100/3482 6604/12101/3482 6603/12097/3482
f 6563/12102/3483 6564/12103/3483 6612/12104/3483 6611/12105/3483
f 6556/12106/3467 6557/12107/3467 6605/12108/3467 6604/12109/3467
f 6564/12103/3470 6565/12110/3470 6613/12111/3470 6612/12104/3470
f 6557/12107/3471 6558/12112/3471 6606/12113/3471 6605/12108/3471
f 6565/12110/3472 6566/12114/3472 6614/12115/3472 6613/12111/3472
f 6558/12112/3473 6559/12116/3473 6607/12117/3473 6606/12113/3473
f 6551/12118/3474 6552/12119/3474 6600/12120/3474 6599/12121/3474
f 6566/12114/3475 6551/12122/3475 6599/12123/3475 6614/12115/3475
f 6559/12124/3476 6560/12014/3476 6608/12017/3476 6607/12125/3476
f 6552/12119/3477 6553/12090/3477 6601/12093/3477 6600/12120/3477
f 6584/12126/3468 6583/12127/3468 6599/12128/3468 6600/12129/3468
f 6585/12130/3468 6584/12126/3468 6600/12129/3468 6601/12131/3468
f 6586/12132/3468 6585/12130/3468 6601/12131/3468 6602/12133/3468
f 6587/12134/3468 6586/12132/3468 6602/12133/3468 6603/12135/3468
f 6588/12136/3468 6587/12134/3468 6603/12135/3468 6604/12137/3468
f 6589/12138/3468 6588/12136/3468 6604/12137/3468 6605/12139/3468
f 6590/12140/3468 6589/12138/3468 6605/12139/3468 6606/12141/3468
f 6591/12142/3468 6590/12140/3468 6606/12141/3468 6607/12143/3468
f 6592/12144/3468 6591/12142/3468 6607/12143/3468 6608/12145/3468
f 6593/12146/3468 6592/12144/3468 6608/12145/3468 6609/12147/3468
f 6594/12148/3468 6593/12146/3468 6609/12147/3468 6610/12149/3468
f 6595/12150/3468 6594/12148/3468 6610/12149/3468 6611/12151/3468
f 6596/12152/3468 6595/12150/3468 6611/12151/3468 6612/12153/3468
f 6597/12154/3468 6596/12152/3468 6612/12153/3468 6613/12155/3468
f 6598/12156/3468 6597/12154/3468 6613/12155/3468 6614/12157/3468
f 6583/12127/3468 6598/12156/3468 6614/12157/3468 6599/12128/3468
f 6615/12158/3468 6616/12159/3468 6617/12160/3468 6618/12161/3468 6619/12162/3468 6620/12163/3468 6621/12164/3468 6622/12165/3468 6623/12166/3468 6624/12167/3468 6625/12168/3468 6626/12169/3468 6627/12170/3468 6628/12171/3468 6629/12172/3468 6630/12173/3468
f 6589/12174/3485 6590/12175/3485 6622/12176/3485 6621/12177/3485
f 6597/12087/3486 6598/12178/3486 6630/12179/3486 6629/12088/3486
f 6590/12175/3487 6591/12180/3487 6623/12181/3487 6622/12176/3487
f 6583/12182/3488 6584/12183/3488 6616/12184/3488 6615/12185/3488
f 6598/12178/3489 6583/12186/3489 6615/12187/3489 6630/12179/3489
f 6591/12188/3490 6592/12189/3490 6624/12190/3490 6623/12191/3490
f 6584/12183/3491 6585/12192/3491 6617/12193/3491 6616/12184/3491
f 6592/12189/3492 6593/12194/3492 6625/12195/3492 6624/12190/3492
f 6585/12192/3493 6586/12196/3493 6618/12197/3493 6617/12193/3493
f 6593/12194/3494 6594/12198/3494 6626/12199/3494 6625/12195/3494
f 6586/12196/3495 6587/12200/3495 6619/12201/3495 6618/12197/3495
f 6594/12198/3496 6595/12202/3496 6627/12203/3496 6626/12199/3496
f 6587/12204/3497 6588/12205/3497 6620/12206/3497 6619/12207/3497
f 6595/12202/3498 6596/12208/3498 6628/12209/3498 6627/12203/3498
f 6588/12205/3499 6589/12174/3499 6621/12177/3499 6620/12206/3499
f 6663/12210/3450 6632/12211/3450 6634/12212/3450 6664/12213/3450
f 6664/12213/3451 6634/12212/3451 6636/12214/3451 6665/12215/3451
f 6665/12215/3452 6636/12214/3452 6638/12216/3452 6666/12217/3452
f 6666/12217/3453 6638/12216/3453 6640/12218/3453 6667/12219/3453
f 6667/12219/3454 6640/12218/3454 6642/12220/3454 6668/12221/3454
f 6668/12222/3455 6642/12223/3455 6644/12224/3455 6669/12225/3455
f 6669/12225/3456 6644/12224/3456 6646/12226/3456 6670/12227/3456
f 6670/12227/3457 6646/12226/3457 6648/12228/3457 6671/12229/3457
f 6671/12230/3458 6648/12231/3458 6650/12232/3458 6672/12233/3458
f 6672/12233/3459 6650/12232/3459 6652/12234/3459 6673/12235/3459
f 6673/12235/3460 6652/12234/3460 6654/12236/3460 6674/12237/3460
f 6674/12237/3461 6654/12236/3461 6656/12238/3461 6675/12239/3461
f 6675/12240/3462 6656/12241/3462 6658/12242/3462 6676/12243/3462
f 6676/12243/3463 6658/12242/3463 6660/12244/3463 6677/12245/3463
f 6634/12246/3464 6632/12247/3464 6662/12248/3464 6660/12249/3464 6658/12250/3464 6656/12251/3464 6654/12252/3464 6652/12253/3464 6650/12254/3464 6648/12255/3464 6646/12256/3464 6644/12257/3464 6642/12258/3464 6640/12259/3464 6638/12260/3464 6636/12261/3464
f 6677/12245/3465 6660/12244/3465 6662/12262/3465 6678/12263/3465
f 6678/12263/3466 6662/12262/3466 6632/12264/3466 6663/12265/3466
f 6641/12266/3467 6643/12267/3467 6701/12268/3467 6700/12269/3467
f 6633/12270/3468 6631/12271/3468 6663/12272/3468 6664/12273/3468
f 6635/12274/3468 6633/12270/3468 6664/12273/3468 6665/12275/3468
f 6637/12276/3468 6635/12274/3468 6665/12275/3468 6666/12277/3468
f 6639/12278/3468 6637/12276/3468 6666/12277/3468 6667/12279/3468
f 6641/12280/3468 6639/12278/3468 6667/12279/3468 6668/12281/3468
f 6643/12282/3468 6641/12280/3468 6668/12281/3468 6669/12283/3468
f 6645/12284/3468 6643/12282/3468 6669/12283/3468 6670/12285/3468
f 6647/12286/3468 6645/12284/3468 6670/12285/3468 6671/12287/3468
f 6649/12288/3468 6647/12286/3468 6671/12287/3468 6672/12289/3468
f 6651/12290/3468 6649/12288/3468 6672/12289/3468 6673/12291/3468
f 6653/12292/3468 6651/12290/3468 6673/12291/3468 6674/12293/3468
f 6655/12294/3468 6653/12292/3468 6674/12293/3468 6675/12295/3468
f 6657/12296/3468 6655/12294/3468 6675/12295/3468 6676/12297/3468
f 6659/12298/3468 6657/12296/3468 6676/12297/3468 6677/12299/3468
f 6661/12300/3468 6659/12298/3468 6677/12299/3468 6678/12301/3468
f 6631/12271/3468 6661/12300/3468 6678/12301/3468 6663/12272/3468
f 6688/12302/3469 6689/12303/3469 6737/12304/3469 6736/12305/3469
f 6657/12306/3470 6659/12307/3470 6709/12308/3470 6708/12309/3470
f 6643/12267/3471 6645/12310/3471 6702/12311/3471 6701/12268/3471
f 6659/12307/3472 6661/12312/3472 6710/12313/3472 6709/12308/3472
f 6645/12310/3473 6647/12314/3473 6703/12315/3473 6702/12311/3473
f 6631/12316/3474 6633/12317/3474 6696/12318/3474 6695/12319/3474
f 6661/12312/3475 6631/12320/3475 6695/12321/3475 6710/12313/3475
f 6647/12322/3476 6649/12323/3476 6704/12324/3476 6703/12325/3476
f 6633/12317/3477 6635/12326/3477 6697/12327/3477 6696/12318/3477
f 6649/12323/3469 6651/12328/3469 6705/12329/3469 6704/12324/3469
f 6635/12326/3478 6637/12330/3478 6698/12331/3478 6697/12327/3478
f 6651/12328/3479 6653/12332/3479 6706/12333/3479 6705/12329/3479
f 6637/12330/3480 6639/12334/3480 6699/12335/3480 6698/12331/3480
f 6653/12332/3481 6655/12336/3481 6707/12337/3481 6706/12333/3481
f 6639/12334/3500 6641/12338/3500 6700/12339/3500 6699/12335/3500
f 6655/12340/3483 6657/12306/3483 6708/12309/3483 6707/12341/3483
f 6680/12342/3468 6679/12343/3468 6695/12344/3468 6696/12345/3468
f 6681/12346/3468 6680/12342/3468 6696/12345/3468 6697/12347/3468
f 6682/12348/3468 6681/12346/3468 6697/12347/3468 6698/12349/3468
f 6683/12350/3468 6682/12348/3468 6698/12349/3468 6699/12351/3468
f 6684/12352/3468 6683/12350/3468 6699/12351/3468 6700/12353/3468
f 6685/12354/3468 6684/12352/3468 6700/12353/3468 6701/12355/3468
f 6686/12356/3468 6685/12354/3468 6701/12355/3468 6702/12357/3468
f 6687/12358/3468 6686/12356/3468 6702/12357/3468 6703/12359/3468
f 6688/12360/3468 6687/12358/3468 6703/12359/3468 6704/12361/3468
f 6689/12362/3468 6688/12360/3468 6704/12361/3468 6705/12363/3468
f 6690/12364/3468 6689/12362/3468 6705/12363/3468 6706/12365/3468
f 6691/12366/3468 6690/12364/3468 6706/12365/3468 6707/12367/3468
f 6692/12368/3468 6691/12366/3468 6707/12367/3468 6708/12369/3468
f 6693/12370/3468 6692/12368/3468 6708/12369/3468 6709/12371/3468
f 6694/12372/3468 6693/12370/3468 6709/12371/3468 6710/12373/3468
f 6679/12343/3468 6694/12372/3468 6710/12373/3468 6695/12344/3468
f 6724/12374/3484 6725/12375/3484 6757/12376/3484 6756/12377/3484
f 6681/12378/3478 6682/12379/3478 6730/12380/3478 6729/12381/3478
f 6689/12303/3479 6690/12382/3479 6738/12383/3479 6737/12304/3479
f 6682/12379/3480 6683/12384/3480 6731/12385/3480 6730/12380/3480
f 6690/12382/3481 6691/12386/3481 6739/12387/3481 6738/12383/3481
f 6683/12384/3500 6684/12388/3500 6732/12389/3500 6731/12385/3500
f 6691/12390/3483 6692/12391/3483 6740/12392/3483 6739/12393/3483
f 6684/12394/3467 6685/12395/3467 6733/12396/3467 6732/12397/3467
f 6692/12391/3470 6693/12398/3470 6741/12399/3470 6740/12392/3470
f 6685/12395/3471 6686/12400/3471 6734/12401/3471 6733/12396/3471
f 6693/12398/3472 6694/12402/3472 6742/12403/3472 6741/12399/3472
f 6686/12400/3473 6687/12404/3473 6735/12405/3473 6734/12401/3473
f 6679/12406/3474 6680/12407/3474 6728/12408/3474 6727/12409/3474
f 6694/12402/3475 6679/12410/3475 6727/12411/3475 6742/12403/3475
f 6687/12412/3476 6688/12302/3476 6736/12305/3476 6735/12413/3476
f 6680/12407/3477 6681/12378/3477 6729/12381/3477 6728/12408/3477
f 6712/12414/3468 6711/12415/3468 6727/12416/3468 6728/12417/3468
f 6713/12418/3468 6712/12414/3468 6728/12417/3468 6729/12419/3468
f 6714/12420/3468 6713/12418/3468 6729/12419/3468 6730/12421/3468
f 6715/12422/3468 6714/12420/3468 6730/12421/3468 6731/12423/3468
f 6716/12424/3468 6715/12422/3468 6731/12423/3468 6732/12425/3468
f 6717/12426/3468 6716/12424/3468 6732/12425/3468 6733/12427/3468
f 6718/12428/3468 6717/12426/3468 6733/12427/3468 6734/12429/3468
f 6719/12430/3468 6718/12428/3468 6734/12429/3468 6735/12431/3468
f 6720/12432/3468 6719/12430/3468 6735/12431/3468 6736/12433/3468
f 6721/12434/3468 6720/12432/3468 6736/12433/3468 6737/12435/3468
f 6722/12436/3468 6721/12434/3468 6737/12435/3468 6738/12437/3468
f 6723/12438/3468 6722/12436/3468 6738/12437/3468 6739/12439/3468
f 6724/12440/3468 6723/12438/3468 6739/12439/3468 6740/12441/3468
f 6725/12442/3468 6724/12440/3468 6740/12441/3468 6741/12443/3468
f 6726/12444/3468 6725/12442/3468 6741/12443/3468 6742/12445/3468
f 6711/12415/3468 6726/12444/3468 6742/12445/3468 6727/12416/3468
f 6743/12446/3468 6744/12447/3468 6745/12448/3468 6746/12449/3468 6747/12450/3468 6748/12451/3468 6749/12452/3468 6750/12453/3468 6751/12454/3468 6752/12455/3468 6753/12456/3468 6754/12457/3468 6755/12458/3468 6756/12459/3468 6757/12460/3468 6758/12461/3468
f 6717/12462/3485 6718/12463/3485 6750/12464/3485 6749/12465/3485
f 6725/12375/3486 6726/12466/3486 6758/12467/3486 6757/12376/3486
f 6718/12463/3487 6719/12468/3487 6751/12469/3487 6750/12464/3487
f 6711/12470/3488 6712/12471/3488 6744/12472/3488 6743/12473/3488
f 6726/12466/3489 6711/12474/3489 6743/12475/3489 6758/12467/3489
f 6719/12476/3490 6720/12477/3490 6752/12478/3490 6751/12479/3490
f 6712/12471/3491 6713/12480/3491 6745/12481/3491 6744/12472/3491
f 6720/12477/3492 6721/12482/3492 6753/12483/3492 6752/12478/3492
f 6713/12480/3493 6714/12484/3493 6746/12485/3493 6745/12481/3493
f 6721/12482/3494 6722/12486/3494 6754/12487/3494 6753/12483/3494
f 6714/12484/3495 6715/12488/3495 6747/12489/3495 6746/12485/3495
f 6722/12486/3496 6723/12490/3496 6755/12491/3496 6754/12487/3496
f 6715/12492/3497 6716/12493/3497 6748/12494/3497 6747/12495/3497
f 6723/12490/3498 6724/12496/3498 6756/12497/3498 6755/12491/3498
f 6716/12493/3499 6717/12462/3499 6749/12465/3499 6748/12494/3499
